employee_id,age,gender,marital_status,number_of_dependents,number_of_children,education_level,tenure_years,distance_from_work_km,bmi,height_cm,weight_kg,smoking_status,alcohol_frequency,physical_activity_days_per_week,workload_index_current,sleep_hours_avg_7d,overtime_hours_14d,consecutive_shifts_worked,days_since_last_leave,perceived_stress_score,absence_duration_hours,source_dataset
100000,38,F,Single,3,0,Secondary,2.9,8.8,31.2,160.6,80.6,Daily,Heavy,3,238.15,7.36,3.0,5,237,14,0.0,synthetic_mining_v1__glencore_sa_mining
100001,41,M,Married,2,2,Primary,16.0,19.6,32.5,160.5,83.7,Never,Occasionally,6,196.08,6.87,13.4,9,19,20,1.0,synthetic_mining_v1__glencore_sa_mining
100002,36,M,Single,1,0,Secondary,5.7,9.3,34.7,171.2,101.7,Occasional,Never,1,225.48,6.18,2.3,12,308,17,19.0,synthetic_mining_v1__glencore_sa_mining
100003,30,M,Married,3,1,Secondary,18.2,6.3,23.6,185.6,81.4,Never,Never,2,262.45,6.03,6.0,4,101,18,0.0,synthetic_mining_v1__glencore_sa_mining
100004,34,M,Married,2,1,Tertiary,12.9,9.3,30.9,169.4,88.6,Never,Heavy,1,267.55,7.14,4.4,7,118,13,0.0,synthetic_mining_v1__glencore_sa_mining
100005,29,F,Married,1,1,Secondary,5.8,6.9,31.6,157.4,78.2,Never,Occasionally,3,246.12,6.68,4.4,4,184,18,4.0,synthetic_mining_v1__glencore_sa_mining
100006,39,F,Married,2,1,Secondary,19.3,17.4,26.3,160.0,67.3,Never,Occasionally,2,165.37,6.37,27.4,8,80,21,3.0,synthetic_mining_v1__glencore_sa_mining
100007,50,M,Married,0,0,Diploma,3.8,5.8,23.5,168.1,66.5,Daily,Regularly,3,260.6,4.52,36.4,2,245,26,18.0,synthetic_mining_v1__glencore_sa_mining
100008,34,M,Married,0,0,Tertiary,3.7,8.4,27.8,170.2,80.6,Former,Occasionally,2,242.95,5.75,28.8,6,48,23,0.0,synthetic_mining_v1__glencore_sa_mining
100009,32,M,Married,1,1,Secondary,6.3,20.6,31.8,173.5,95.9,Never,Never,1,222.24,6.55,53.7,5,164,14,2.0,synthetic_mining_v1__glencore_sa_mining
100010,42,M,Married,1,0,Secondary,9.7,20.1,36.7,175.0,112.4,Never,Never,3,188.02,4.6,27.9,6,93,22,8.0,synthetic_mining_v1__glencore_sa_mining
100011,41,M,Single,0,0,Secondary,20.7,4.5,28.3,170.7,82.5,Never,Occasionally,2,216.14,4.43,39.9,13,129,33,0.0,synthetic_mining_v1__glencore_sa_mining
100012,39,M,Married,1,0,Primary,7.4,5.1,28.8,165.8,79.2,Daily,Never,3,236.54,7.17,8.3,7,51,20,12.0,synthetic_mining_v1__glencore_sa_mining
100013,30,M,Married,1,0,Diploma,4.2,18.0,25.7,162.2,67.6,Daily,Regularly,4,171.94,6.63,27.6,7,56,22,2.0,synthetic_mining_v1__glencore_sa_mining
100014,38,M,Single,1,0,Diploma,6.8,11.2,31.2,175.7,96.4,Occasional,Occasionally,3,250.42,5.42,37.1,2,43,27,24.0,synthetic_mining_v1__glencore_sa_mining
100015,44,M,Married,1,1,Diploma,12.8,8.8,18.4,164.9,50.2,Daily,Never,0,105.01,6.94,9.4,12,86,23,4.0,synthetic_mining_v1__glencore_sa_mining
100016,26,M,Married,2,2,Secondary,9.0,13.6,27.7,175.6,85.6,Occasional,Never,1,258.82,6.85,5.6,5,178,21,0.0,synthetic_mining_v1__glencore_sa_mining
100017,34,M,Married,0,0,Secondary,20.7,35.7,31.6,167.1,88.2,Occasional,Never,1,223.88,6.62,49.8,11,69,30,12.0,synthetic_mining_v1__glencore_sa_mining
100018,21,M,Single,4,2,Secondary,13.1,26.2,26.3,172.9,78.6,Never,Never,1,190.61,6.23,16.6,6,167,21,4.0,synthetic_mining_v1__glencore_sa_mining
100019,26,M,Single,0,0,Secondary,2.7,13.6,29.1,169.6,83.7,Daily,Regularly,2,257.71,5.61,20.7,3,29,30,0.0,synthetic_mining_v1__glencore_sa_mining
100020,21,M,Single,0,0,Diploma,9.7,23.7,26.4,172.8,78.9,Daily,Never,0,191.29,7.88,48.8,7,149,26,11.0,synthetic_mining_v1__glencore_sa_mining
100021,36,M,Divorced,0,0,Diploma,8.4,20.9,17.2,182.7,57.3,Former,Occasionally,0,230.18,6.81,10.3,6,304,21,1.0,synthetic_mining_v1__glencore_sa_mining
100022,27,M,Married,3,1,Diploma,9.3,32.6,34.3,160.0,87.7,Former,Occasionally,3,211.4,5.59,8.6,8,111,25,5.0,synthetic_mining_v1__glencore_sa_mining
100023,40,M,Married,0,0,Tertiary,1.8,21.2,34.8,154.2,82.8,Former,Regularly,3,182.84,5.9,4.5,10,53,18,2.0,synthetic_mining_v1__glencore_sa_mining
100024,39,M,Single,1,1,Diploma,9.2,1.6,28.3,156.9,69.7,Occasional,Occasionally,1,244.93,6.7,15.5,11,149,34,9.0,synthetic_mining_v1__glencore_sa_mining
100025,36,M,Married,6,0,Secondary,8.9,13.4,23.4,174.4,71.1,Daily,Regularly,0,193.72,6.37,29.7,7,127,25,14.0,synthetic_mining_v1__glencore_sa_mining
100026,19,F,Married,5,0,Secondary,1.2,15.6,29.3,155.6,70.9,Never,Never,2,247.85,4.81,8.8,9,28,20,2.0,synthetic_mining_v1__glencore_sa_mining
100027,33,F,Divorced,3,1,Secondary,17.6,5.7,26.5,155.7,64.2,Occasional,Never,2,199.51,7.52,6.9,7,199,14,1.0,synthetic_mining_v1__glencore_sa_mining
100028,38,M,Single,2,2,Diploma,4.2,7.1,22.9,171.6,67.4,Daily,Never,4,158.17,6.73,19.3,10,139,28,0.0,synthetic_mining_v1__glencore_sa_mining
100029,39,M,Divorced,3,2,Secondary,4.7,23.4,26.2,158.2,65.4,Never,Regularly,2,298.97,8.06,50.8,11,32,25,19.0,synthetic_mining_v1__glencore_sa_mining
100030,24,M,Single,1,1,Secondary,3.1,12.9,18.1,169.0,51.8,Never,Never,3,233.88,4.05,42.7,7,53,22,1.0,synthetic_mining_v1__glencore_sa_mining
100031,34,F,Single,2,1,Diploma,2.1,9.1,25.4,154.8,60.9,Occasional,Occasionally,3,179.71,4.47,6.7,2,210,19,2.0,synthetic_mining_v1__glencore_sa_mining
100032,29,M,Single,3,3,Primary,7.5,11.8,28.6,165.0,78.0,Daily,Never,2,233.48,6.62,8.4,6,273,19,3.0,synthetic_mining_v1__glencore_sa_mining
100033,31,M,Single,1,1,Secondary,7.6,3.1,24.2,163.8,64.8,Daily,Regularly,1,264.13,5.76,39.9,7,107,27,0.0,synthetic_mining_v1__glencore_sa_mining
100034,48,M,Single,1,0,Primary,10.1,13.4,24.2,178.5,77.2,Never,Never,0,146.82,8.49,17.0,8,314,21,2.0,synthetic_mining_v1__glencore_sa_mining
100035,31,F,Married,3,1,Secondary,14.9,19.8,34.0,152.6,79.1,Former,Occasionally,4,171.63,5.94,3.1,5,39,14,1.0,synthetic_mining_v1__glencore_sa_mining
100036,38,M,Married,0,0,Secondary,3.4,4.8,26.9,166.2,74.2,Never,Occasionally,1,191.94,7.27,20.3,11,229,24,5.0,synthetic_mining_v1__glencore_sa_mining
100037,46,M,Married,1,0,Secondary,9.8,18.7,30.7,162.6,81.2,Former,Never,3,163.09,5.05,7.8,9,143,17,0.0,synthetic_mining_v1__glencore_sa_mining
100038,33,M,Single,2,2,Primary,5.3,0.7,27.5,170.7,80.2,Former,Occasionally,4,287.34,6.18,7.0,7,132,21,2.0,synthetic_mining_v1__glencore_sa_mining
100039,37,F,Married,2,1,Diploma,5.3,36.9,28.1,161.8,73.6,Former,Occasionally,2,289.87,7.35,11.6,6,50,29,4.0,synthetic_mining_v1__glencore_sa_mining
100040,39,M,Single,1,1,Secondary,3.7,21.3,28.6,173.9,86.6,Never,Never,6,206.82,6.94,21.6,6,28,12,0.0,synthetic_mining_v1__glencore_sa_mining
100041,39,M,Married,2,1,Primary,7.2,16.2,17.7,166.6,49.1,Never,Occasionally,3,249.26,5.63,38.3,7,49,33,1.0,synthetic_mining_v1__glencore_sa_mining
100042,27,M,Divorced,0,0,Primary,6.7,8.8,29.4,173.6,88.5,Former,Heavy,1,199.57,6.15,11.4,8,78,19,10.0,synthetic_mining_v1__glencore_sa_mining
100043,39,M,Married,1,1,Secondary,10.6,26.7,27.3,163.1,72.6,Occasional,Occasionally,5,192.9,4.53,4.8,4,113,26,3.0,synthetic_mining_v1__glencore_sa_mining
100044,50,M,Married,2,1,Secondary,7.6,16.2,32.0,169.1,91.5,Former,Occasionally,0,236.26,5.17,23.6,7,68,19,22.0,synthetic_mining_v1__glencore_sa_mining
100045,24,M,Married,0,0,Secondary,8.7,4.5,27.9,177.2,87.8,Occasional,Regularly,4,287.7,7.32,15.6,5,147,19,3.0,synthetic_mining_v1__glencore_sa_mining
100046,46,M,Married,2,2,Secondary,1.5,27.9,21.5,184.5,73.1,Never,Never,4,170.34,5.11,34.9,8,74,17,0.0,synthetic_mining_v1__glencore_sa_mining
100047,39,M,Married,2,2,Diploma,3.2,24.7,28.5,168.9,81.2,Never,Never,4,180.52,7.33,5.7,9,85,21,1.0,synthetic_mining_v1__glencore_sa_mining
100048,32,M,Married,2,1,Secondary,10.7,1.8,26.6,181.8,87.9,Never,Occasionally,1,227.78,3.97,12.7,4,110,23,9.0,synthetic_mining_v1__glencore_sa_mining
100049,56,M,Married,1,1,Primary,13.7,25.0,26.7,176.8,83.5,Never,Never,2,188.5,6.62,6.3,8,78,20,4.0,synthetic_mining_v1__glencore_sa_mining
100050,45,M,Married,1,1,Secondary,1.4,17.9,27.3,170.9,79.8,Never,Never,2,161.45,5.49,7.2,10,13,23,0.0,synthetic_mining_v1__glencore_sa_mining
100051,27,M,Divorced,3,3,Diploma,3.6,18.5,30.3,168.2,85.6,Never,Occasionally,3,186.03,8.17,9.1,4,92,23,2.0,synthetic_mining_v1__glencore_sa_mining
100052,39,M,Married,2,0,Secondary,6.4,5.3,22.3,173.8,67.4,Former,Occasionally,3,173.53,7.88,7.3,7,270,26,1.0,synthetic_mining_v1__glencore_sa_mining
100053,43,M,Married,1,1,Secondary,12.8,11.1,22.0,172.9,65.9,Daily,Occasionally,3,150.21,6.95,16.1,7,88,23,3.0,synthetic_mining_v1__glencore_sa_mining
100054,36,M,Single,1,1,Diploma,8.2,17.0,22.9,167.9,64.5,Daily,Occasionally,4,213.15,6.88,63.9,10,47,16,10.0,synthetic_mining_v1__glencore_sa_mining
100055,44,M,Single,2,2,Secondary,15.4,11.2,30.6,164.8,83.2,Daily,Never,1,167.23,6.23,1.6,6,204,20,16.0,synthetic_mining_v1__glencore_sa_mining
100056,37,M,Married,1,1,Tertiary,1.4,9.5,27.8,178.2,88.3,Never,Regularly,4,193.5,7.55,27.0,8,94,28,6.0,synthetic_mining_v1__glencore_sa_mining
100057,44,M,Divorced,2,1,Secondary,5.0,11.5,25.1,173.6,75.7,Occasional,Never,3,207.88,5.43,11.1,10,56,24,4.0,synthetic_mining_v1__glencore_sa_mining
100058,51,M,Married,3,1,Secondary,12.4,4.1,33.0,171.4,96.9,Never,Regularly,4,264.88,7.49,2.1,6,69,18,25.0,synthetic_mining_v1__glencore_sa_mining
100059,32,M,Married,0,0,Secondary,6.6,8.7,30.8,176.7,96.1,Occasional,Regularly,7,202.3,5.88,32.1,9,22,22,4.0,synthetic_mining_v1__glencore_sa_mining
100060,40,F,Married,3,1,Secondary,6.7,17.5,30.8,155.4,74.4,Former,Heavy,0,295.43,6.72,46.6,8,13,20,46.0,synthetic_mining_v1__glencore_sa_mining
100061,34,M,Married,0,0,Diploma,8.9,3.4,27.9,163.9,74.9,Never,Never,4,180.99,6.49,12.5,2,34,9,0.0,synthetic_mining_v1__glencore_sa_mining
100062,39,M,Single,2,1,Secondary,19.6,8.5,24.6,174.9,75.4,Never,Heavy,2,225.83,7.76,12.8,8,76,17,2.0,synthetic_mining_v1__glencore_sa_mining
100063,27,M,Married,3,1,Diploma,12.1,7.9,26.8,161.2,69.6,Former,Regularly,3,210.49,7.77,4.4,5,171,22,1.0,synthetic_mining_v1__glencore_sa_mining
100064,33,M,Divorced,1,1,Tertiary,11.5,10.3,26.0,166.4,72.1,Never,Never,3,272.85,7.22,22.2,14,126,19,5.0,synthetic_mining_v1__glencore_sa_mining
100065,36,M,Married,0,0,Secondary,7.1,37.3,28.1,167.1,78.4,Never,Regularly,2,249.77,6.46,31.9,7,88,33,18.0,synthetic_mining_v1__glencore_sa_mining
100066,46,M,Single,1,1,Primary,3.5,19.2,33.1,172.2,98.2,Never,Never,3,207.42,6.5,28.6,3,97,21,2.0,synthetic_mining_v1__glencore_sa_mining
100067,48,M,Widowed,1,0,Secondary,9.6,4.6,23.2,160.6,59.8,Never,Regularly,3,172.09,4.77,7.9,11,24,21,2.0,synthetic_mining_v1__glencore_sa_mining
100068,26,M,Married,2,0,Primary,12.1,13.8,22.7,185.4,78.1,Daily,Occasionally,2,245.54,7.04,22.7,4,91,22,3.0,synthetic_mining_v1__glencore_sa_mining
100069,31,M,Single,0,0,Diploma,12.1,12.1,31.5,163.4,84.0,Daily,Occasionally,2,254.71,5.17,22.7,7,161,28,19.0,synthetic_mining_v1__glencore_sa_mining
100070,44,M,Married,2,1,Secondary,2.9,12.1,28.2,164.0,75.9,Never,Never,0,152.59,6.11,41.4,7,96,28,10.0,synthetic_mining_v1__glencore_sa_mining
100071,20,M,Divorced,1,1,Secondary,18.2,30.2,32.0,173.8,96.7,Occasional,Heavy,3,230.61,6.29,12.7,13,40,25,13.0,synthetic_mining_v1__glencore_sa_mining
100072,34,M,Divorced,2,0,Secondary,1.9,7.4,26.0,163.8,69.8,Never,Never,2,183.61,6.1,8.4,4,129,10,0.0,synthetic_mining_v1__glencore_sa_mining
100073,37,M,Married,1,1,Secondary,5.2,18.3,29.4,165.4,80.5,Never,Occasionally,1,263.45,5.68,16.9,4,85,25,6.0,synthetic_mining_v1__glencore_sa_mining
100074,49,M,Married,2,1,Secondary,20.1,17.8,28.3,174.8,86.6,Daily,Never,2,218.45,4.32,6.6,8,98,26,18.0,synthetic_mining_v1__glencore_sa_mining
100075,44,M,Single,0,0,Secondary,3.3,5.8,22.4,167.2,62.5,Never,Never,4,210.95,6.28,35.5,7,52,22,1.0,synthetic_mining_v1__glencore_sa_mining
100076,35,M,Married,1,1,Secondary,14.0,21.9,30.7,175.8,95.0,Daily,Occasionally,3,213.87,5.61,27.4,7,128,17,18.0,synthetic_mining_v1__glencore_sa_mining
100077,35,M,Single,0,0,Diploma,11.0,2.1,29.5,169.5,84.6,Never,Never,2,274.65,5.16,14.5,9,35,25,3.0,synthetic_mining_v1__glencore_sa_mining
100078,36,M,Married,1,1,Secondary,2.2,10.2,24.4,171.9,71.9,Daily,Occasionally,1,175.64,7.17,7.8,9,56,13,2.0,synthetic_mining_v1__glencore_sa_mining
100079,52,F,Married,1,1,Secondary,6.9,17.2,20.8,154.1,49.4,Former,Occasionally,0,221.25,6.53,28.1,5,187,15,4.0,synthetic_mining_v1__glencore_sa_mining
100080,34,M,Single,0,0,Secondary,2.7,7.6,28.6,179.1,91.8,Former,Occasionally,3,335.56,6.58,32.3,8,11,27,11.0,synthetic_mining_v1__glencore_sa_mining
100081,35,F,Single,3,3,Secondary,14.5,16.1,22.9,160.7,59.1,Never,Occasionally,1,273.84,7.03,38.4,6,71,20,0.0,synthetic_mining_v1__glencore_sa_mining
100082,41,M,Widowed,2,2,Diploma,14.2,26.8,27.7,170.6,80.7,Never,Occasionally,3,195.9,6.51,11.6,4,104,15,1.0,synthetic_mining_v1__glencore_sa_mining
100083,37,M,Single,1,1,Secondary,7.4,10.3,24.5,164.4,66.1,Never,Never,4,197.54,7.5,20.4,5,90,27,0.0,synthetic_mining_v1__glencore_sa_mining
100084,36,M,Married,3,3,Secondary,3.0,30.1,27.8,156.9,68.5,Former,Regularly,0,217.6,5.72,15.4,7,51,15,7.0,synthetic_mining_v1__glencore_sa_mining
100085,28,F,Single,1,1,Tertiary,8.9,17.3,30.4,158.2,75.9,Never,Never,3,273.28,5.43,3.2,6,105,21,4.0,synthetic_mining_v1__glencore_sa_mining
100086,38,M,Married,1,0,Secondary,7.0,10.5,26.6,173.0,79.5,Occasional,Regularly,2,238.84,5.39,15.4,9,47,25,0.0,synthetic_mining_v1__glencore_sa_mining
100087,34,F,Married,2,0,Tertiary,11.3,18.9,33.5,162.3,88.2,Former,Never,0,178.18,6.17,9.7,12,69,17,3.0,synthetic_mining_v1__glencore_sa_mining
100088,48,M,Single,1,1,Secondary,8.0,23.8,34.6,170.3,100.3,Never,Never,4,182.55,6.2,22.5,10,50,24,5.0,synthetic_mining_v1__glencore_sa_mining
100089,44,F,Married,2,1,Secondary,5.2,27.7,34.2,164.7,92.6,Never,Occasionally,1,222.97,5.12,9.3,8,272,23,26.0,synthetic_mining_v1__glencore_sa_mining
100090,38,F,Married,0,0,Secondary,9.3,1.1,31.5,166.9,87.7,Daily,Occasionally,4,274.56,7.07,12.1,5,99,18,8.0,synthetic_mining_v1__glencore_sa_mining
100091,44,M,Single,0,0,Primary,12.4,29.0,30.6,157.4,75.9,Occasional,Occasionally,0,277.31,7.65,11.4,8,205,28,12.0,synthetic_mining_v1__glencore_sa_mining
100092,35,F,Married,2,2,Secondary,2.7,20.0,34.9,146.3,74.8,Former,Occasionally,2,251.91,4.24,4.4,6,128,25,9.0,synthetic_mining_v1__glencore_sa_mining
100093,47,M,Married,2,1,Secondary,1.8,9.9,31.8,179.5,102.5,Daily,Regularly,3,215.76,5.18,45.9,7,72,20,96.0,synthetic_mining_v1__glencore_sa_mining
100094,38,M,Married,1,1,Primary,0.9,7.0,24.4,172.6,72.7,Former,Occasionally,4,241.07,3.71,6.6,2,33,12,0.0,synthetic_mining_v1__glencore_sa_mining
100095,43,M,Divorced,1,1,Diploma,5.1,15.7,29.2,161.7,76.3,Former,Heavy,2,260.88,6.71,22.0,5,112,19,5.0,synthetic_mining_v1__glencore_sa_mining
100096,26,M,Married,2,2,Secondary,9.0,9.8,26.9,180.7,87.7,Occasional,Occasionally,3,209.23,4.86,12.6,8,106,22,2.0,synthetic_mining_v1__glencore_sa_mining
100097,41,M,Married,1,1,Primary,3.5,15.6,20.8,164.0,55.9,Daily,Never,0,287.46,7.57,6.1,8,11,21,1.0,synthetic_mining_v1__glencore_sa_mining
100098,23,M,Married,1,1,Secondary,12.7,6.5,35.4,167.7,99.6,Daily,Never,2,243.71,6.82,6.6,5,54,15,6.0,synthetic_mining_v1__glencore_sa_mining
100099,20,M,Married,0,0,Secondary,7.4,2.5,28.2,163.2,75.1,Never,Occasionally,3,185.99,6.73,6.4,9,64,21,0.0,synthetic_mining_v1__glencore_sa_mining
100100,35,M,Single,3,2,Secondary,4.5,18.5,30.8,169.6,88.7,Never,Occasionally,5,260.06,6.56,18.9,6,59,16,3.0,synthetic_mining_v1__glencore_sa_mining
100101,30,M,Divorced,3,1,Secondary,7.4,12.9,23.7,182.1,78.7,Never,Never,1,245.38,6.21,23.5,4,101,20,3.0,synthetic_mining_v1__glencore_sa_mining
100102,39,M,Single,3,1,Secondary,2.8,12.7,24.5,162.8,65.0,Daily,Never,4,242.28,6.3,10.6,5,87,21,2.0,synthetic_mining_v1__glencore_sa_mining
100103,58,M,Single,1,1,Primary,3.7,9.5,32.9,175.9,101.9,Never,Regularly,0,195.18,5.97,36.0,7,203,27,18.0,synthetic_mining_v1__glencore_sa_mining
100104,31,M,Married,1,1,Secondary,14.1,36.4,23.8,177.4,75.0,Daily,Never,3,214.53,6.03,18.2,5,86,27,9.0,synthetic_mining_v1__glencore_sa_mining
100105,32,M,Married,3,2,Diploma,1.5,22.6,20.3,174.1,61.6,Daily,Never,1,198.5,5.3,16.0,9,279,21,8.0,synthetic_mining_v1__glencore_sa_mining
100106,40,M,Single,1,0,Secondary,3.1,4.4,27.8,168.9,79.2,Never,Heavy,2,210.9,6.74,9.3,6,67,12,3.0,synthetic_mining_v1__glencore_sa_mining
100107,42,M,Married,6,3,Secondary,5.2,11.2,34.7,169.2,99.4,Never,Occasionally,4,232.59,6.94,8.6,7,42,26,3.0,synthetic_mining_v1__glencore_sa_mining
100108,36,F,Single,3,1,Secondary,1.9,9.5,29.8,154.5,71.1,Occasional,Occasionally,2,146.06,7.63,9.1,4,98,15,2.0,synthetic_mining_v1__glencore_sa_mining
100109,36,F,Married,3,2,Diploma,27.9,33.0,30.1,154.0,71.4,Former,Regularly,3,196.97,5.78,10.1,3,55,14,2.0,synthetic_mining_v1__glencore_sa_mining
100110,44,M,Married,0,0,Secondary,14.1,16.8,40.2,165.0,109.4,Daily,Occasionally,4,205.16,4.36,25.8,8,141,28,34.0,synthetic_mining_v1__glencore_sa_mining
100111,43,M,Married,1,1,Primary,5.3,3.8,28.6,169.0,81.7,Never,Never,4,308.16,6.94,21.7,4,202,22,6.0,synthetic_mining_v1__glencore_sa_mining
100112,29,M,Single,3,3,Primary,7.9,8.3,25.3,170.5,73.6,Daily,Regularly,0,241.06,5.72,29.4,8,205,31,24.0,synthetic_mining_v1__glencore_sa_mining
100113,37,M,Divorced,2,2,Primary,6.4,12.3,36.5,172.9,108.9,Never,Occasionally,1,268.19,5.43,20.3,9,15,23,6.0,synthetic_mining_v1__glencore_sa_mining
100114,38,M,Single,3,0,Diploma,12.8,17.8,24.2,156.2,59.0,Daily,Never,3,212.68,6.04,5.0,5,164,21,3.0,synthetic_mining_v1__glencore_sa_mining
100115,29,M,Married,1,0,Secondary,12.3,10.6,22.8,173.8,69.0,Former,Never,5,246.06,4.87,11.4,5,42,18,2.0,synthetic_mining_v1__glencore_sa_mining
100116,40,F,Married,1,1,Primary,4.0,20.7,18.0,163.8,48.3,Daily,Occasionally,2,236.24,6.13,4.6,9,44,25,1.0,synthetic_mining_v1__glencore_sa_mining
100117,30,M,Married,1,0,Secondary,4.2,50.9,17.9,167.8,50.3,Former,Regularly,3,206.69,7.18,8.2,5,82,20,1.0,synthetic_mining_v1__glencore_sa_mining
100118,47,F,Married,1,0,Secondary,4.2,22.9,23.0,156.3,56.3,Never,Never,1,247.8,8.05,74.0,6,10,21,1.0,synthetic_mining_v1__glencore_sa_mining
100119,40,M,Married,4,0,Secondary,2.0,15.4,30.8,170.3,89.4,Occasional,Never,5,130.41,5.57,9.1,4,130,8,0.0,synthetic_mining_v1__glencore_sa_mining
100120,39,M,Married,0,0,Primary,8.7,8.8,24.0,172.8,71.7,Former,Never,4,200.14,7.04,29.9,8,334,20,0.0,synthetic_mining_v1__glencore_sa_mining
100121,33,F,Single,0,0,Secondary,3.5,5.3,29.6,157.4,73.4,Daily,Never,1,316.37,7.38,6.8,7,65,37,35.0,synthetic_mining_v1__glencore_sa_mining
100122,37,M,Single,2,0,Secondary,15.6,4.9,22.4,165.7,61.7,Never,Occasionally,3,205.73,6.84,14.7,5,249,17,1.0,synthetic_mining_v1__glencore_sa_mining
100123,20,M,Single,1,1,Secondary,35.0,12.1,31.0,164.5,83.9,Occasional,Occasionally,4,203.0,4.98,4.7,5,95,23,1.0,synthetic_mining_v1__glencore_sa_mining
100124,28,F,Single,0,0,Secondary,10.9,10.2,24.9,159.0,62.8,Occasional,Never,1,200.96,5.54,36.6,8,99,31,13.0,synthetic_mining_v1__glencore_sa_mining
100125,41,M,Married,0,0,Diploma,4.7,22.6,31.8,173.3,95.5,Never,Heavy,3,233.57,5.67,16.8,7,28,24,7.0,synthetic_mining_v1__glencore_sa_mining
100126,19,M,Widowed,3,1,Secondary,4.9,9.8,22.2,171.0,65.0,Occasional,Occasionally,2,254.7,7.8,12.3,6,34,19,0.0,synthetic_mining_v1__glencore_sa_mining
100127,46,M,Single,0,0,Tertiary,19.2,7.2,30.0,166.0,82.6,Never,Never,1,292.77,4.6,15.0,9,112,22,0.0,synthetic_mining_v1__glencore_sa_mining
100128,22,M,Divorced,3,2,Secondary,6.3,18.8,30.9,164.3,83.4,Occasional,Heavy,0,227.53,5.43,2.6,9,128,24,77.0,synthetic_mining_v1__glencore_sa_mining
100129,45,F,Married,2,0,Diploma,4.3,49.2,30.5,150.8,69.4,Never,Never,2,241.43,5.32,14.4,7,271,29,16.0,synthetic_mining_v1__glencore_sa_mining
100130,30,F,Divorced,3,2,Secondary,8.3,25.5,24.2,153.0,56.6,Never,Occasionally,4,285.73,6.05,10.3,8,139,19,3.0,synthetic_mining_v1__glencore_sa_mining
100131,45,F,Single,2,1,Diploma,15.4,11.1,26.7,157.1,65.8,Former,Regularly,5,182.69,6.38,9.3,6,167,21,2.0,synthetic_mining_v1__glencore_sa_mining
100132,39,M,Married,2,2,Tertiary,14.6,5.6,33.1,183.8,111.8,Never,Regularly,2,209.71,7.66,19.7,5,162,18,4.0,synthetic_mining_v1__glencore_sa_mining
100133,24,F,Married,1,1,Tertiary,8.0,1.4,23.1,161.8,60.3,Never,Never,4,168.49,7.86,41.7,7,224,27,1.0,synthetic_mining_v1__glencore_sa_mining
100134,49,F,Divorced,1,1,Diploma,19.9,10.6,30.2,156.7,74.2,Never,Occasionally,0,292.09,6.93,27.9,4,130,27,0.0,synthetic_mining_v1__glencore_sa_mining
100135,51,M,Married,2,2,Secondary,20.3,16.3,35.0,169.7,100.8,Daily,Occasionally,2,153.81,7.87,27.6,8,33,22,61.0,synthetic_mining_v1__glencore_sa_mining
100136,37,M,Married,1,0,Secondary,8.9,14.9,28.0,179.1,89.9,Former,Occasionally,4,295.4,5.01,8.3,7,115,24,15.0,synthetic_mining_v1__glencore_sa_mining
100137,36,M,Married,0,0,Secondary,1.8,22.9,34.5,172.4,102.6,Never,Never,0,200.57,4.6,8.2,5,235,23,4.0,synthetic_mining_v1__glencore_sa_mining
100138,37,M,Widowed,2,2,Secondary,5.5,38.2,19.6,163.1,52.2,Never,Never,1,251.92,6.44,12.5,7,100,19,1.0,synthetic_mining_v1__glencore_sa_mining
100139,29,M,Married,4,0,Primary,4.4,16.2,20.3,160.3,52.2,Never,Occasionally,1,146.28,5.87,28.8,5,39,19,1.0,synthetic_mining_v1__glencore_sa_mining
100140,48,M,Married,1,1,Secondary,17.5,31.4,26.1,168.2,73.9,Former,Never,4,146.45,6.93,4.0,4,3,13,0.0,synthetic_mining_v1__glencore_sa_mining
100141,33,M,Married,1,0,Secondary,2.0,15.1,21.9,180.8,71.4,Never,Regularly,3,174.2,5.83,13.3,7,56,18,0.0,synthetic_mining_v1__glencore_sa_mining
100142,38,M,Divorced,2,0,Secondary,8.1,9.7,24.4,172.1,72.4,Daily,Regularly,1,149.85,6.35,3.2,6,197,12,15.0,synthetic_mining_v1__glencore_sa_mining
100143,31,M,Married,4,0,Primary,5.8,17.0,30.2,170.9,88.1,Daily,Never,2,139.96,7.01,27.3,8,90,21,0.0,synthetic_mining_v1__glencore_sa_mining
100144,32,M,Married,0,0,Diploma,10.8,7.9,30.6,180.1,99.3,Never,Never,3,237.53,6.56,5.3,6,78,15,1.0,synthetic_mining_v1__glencore_sa_mining
100145,27,M,Single,4,1,Diploma,6.0,7.0,25.0,166.9,69.7,Never,Occasionally,0,202.21,7.92,4.3,13,249,17,0.0,synthetic_mining_v1__glencore_sa_mining
100146,49,M,Married,2,1,Secondary,7.0,30.6,29.5,164.1,79.4,Former,Regularly,2,307.12,6.83,20.4,6,11,17,18.0,synthetic_mining_v1__glencore_sa_mining
100147,37,M,Single,2,2,Primary,2.6,13.8,41.9,177.8,132.5,Never,Occasionally,2,265.7,8.0,56.3,7,237,32,35.0,synthetic_mining_v1__glencore_sa_mining
100148,47,M,Married,1,1,Secondary,3.4,4.2,27.2,163.8,73.0,Never,Occasionally,1,211.49,5.7,7.4,8,163,26,3.0,synthetic_mining_v1__glencore_sa_mining
100149,38,M,Married,1,0,Secondary,3.3,10.6,33.0,172.1,97.6,Daily,Regularly,0,250.43,5.96,0.9,5,39,19,0.0,synthetic_mining_v1__glencore_sa_mining
100150,32,M,Single,2,2,Secondary,6.4,18.8,32.7,171.5,96.2,Daily,Never,0,211.79,7.32,11.2,9,178,27,42.0,synthetic_mining_v1__glencore_sa_mining
100151,35,M,Single,1,1,Primary,1.2,26.4,37.1,158.3,93.1,Occasional,Never,4,203.76,4.95,23.8,7,96,28,24.0,synthetic_mining_v1__glencore_sa_mining
100152,33,M,Married,1,0,Secondary,3.9,28.9,22.6,164.6,61.2,Daily,Never,2,289.23,6.82,14.1,2,95,26,4.0,synthetic_mining_v1__glencore_sa_mining
100153,38,M,Married,2,2,Secondary,12.2,23.4,28.6,168.5,81.2,Daily,Heavy,2,200.91,6.85,16.4,2,176,18,24.0,synthetic_mining_v1__glencore_sa_mining
100154,35,M,Married,2,0,Diploma,5.5,41.4,24.8,174.3,75.2,Former,Heavy,1,268.9,5.58,10.8,6,64,22,0.0,synthetic_mining_v1__glencore_sa_mining
100155,35,M,Married,2,0,Secondary,2.6,11.3,31.7,161.8,82.8,Daily,Regularly,1,263.93,5.65,31.9,8,65,19,19.0,synthetic_mining_v1__glencore_sa_mining
100156,26,M,Married,2,1,Diploma,9.7,3.3,25.9,166.0,71.4,Never,Never,3,265.58,6.49,2.2,2,113,22,2.0,synthetic_mining_v1__glencore_sa_mining
100157,31,M,Married,4,2,Secondary,3.7,9.8,26.5,171.3,77.8,Daily,Occasionally,1,221.89,6.81,12.6,9,287,20,10.0,synthetic_mining_v1__glencore_sa_mining
100158,53,F,Married,1,1,Secondary,2.1,4.4,31.5,162.6,83.4,Never,Never,6,138.97,6.88,36.7,11,95,18,5.0,synthetic_mining_v1__glencore_sa_mining
100159,32,M,Single,3,2,Secondary,9.7,11.4,25.8,155.2,62.1,Never,Regularly,3,256.47,6.13,4.2,9,156,24,4.0,synthetic_mining_v1__glencore_sa_mining
100160,29,M,Married,1,1,Secondary,3.7,26.5,22.1,170.6,64.4,Daily,Regularly,2,190.62,7.06,37.4,2,220,17,0.0,synthetic_mining_v1__glencore_sa_mining
100161,41,M,Married,1,1,Secondary,1.5,5.1,30.6,172.6,91.1,Daily,Occasionally,5,210.47,6.61,35.0,4,53,25,9.0,synthetic_mining_v1__glencore_sa_mining
100162,51,M,Married,1,1,Secondary,11.5,3.0,21.7,165.4,59.3,Never,Never,2,187.67,4.46,17.2,9,72,26,1.0,synthetic_mining_v1__glencore_sa_mining
100163,25,M,Married,3,2,Secondary,18.2,6.3,24.8,178.2,78.8,Never,Occasionally,0,270.87,6.39,26.3,7,90,23,3.0,synthetic_mining_v1__glencore_sa_mining
100164,36,M,Married,1,0,Diploma,0.9,8.4,24.5,179.6,79.0,Never,Occasionally,3,180.51,5.38,36.5,4,120,30,4.0,synthetic_mining_v1__glencore_sa_mining
100165,32,M,Married,2,2,Diploma,11.7,16.8,30.1,174.6,91.8,Never,Heavy,1,238.68,4.79,16.6,9,117,27,0.0,synthetic_mining_v1__glencore_sa_mining
100166,22,M,Single,2,2,Diploma,6.9,19.9,31.4,170.2,91.0,Former,Occasionally,0,209.18,6.58,39.4,8,267,29,3.0,synthetic_mining_v1__glencore_sa_mining
100167,45,M,Single,1,1,Tertiary,11.0,18.1,29.8,175.8,92.3,Occasional,Regularly,2,265.3,6.0,24.3,11,177,35,0.0,synthetic_mining_v1__glencore_sa_mining
100168,38,M,Married,4,1,Secondary,3.5,11.7,28.0,163.3,74.6,Daily,Occasionally,3,188.46,6.64,12.3,9,54,27,0.0,synthetic_mining_v1__glencore_sa_mining
100169,39,M,Married,3,1,Secondary,7.6,13.3,19.7,167.1,55.1,Never,Regularly,2,258.58,6.04,44.9,5,258,20,6.0,synthetic_mining_v1__glencore_sa_mining
100170,31,M,Divorced,3,1,Secondary,5.4,5.2,27.4,169.6,78.8,Never,Never,4,200.86,8.1,20.7,9,150,23,2.0,synthetic_mining_v1__glencore_sa_mining
100171,42,F,Widowed,2,2,Primary,5.0,7.2,29.8,163.4,79.5,Occasional,Occasionally,0,184.57,5.8,36.7,13,72,26,11.0,synthetic_mining_v1__glencore_sa_mining
100172,33,M,Married,0,0,Secondary,0.8,14.8,24.8,158.8,62.5,Occasional,Heavy,2,244.92,6.59,22.9,10,8,21,18.0,synthetic_mining_v1__glencore_sa_mining
100173,37,F,Married,0,0,Primary,6.5,4.6,17.9,162.7,47.5,Never,Regularly,2,190.37,6.74,3.3,6,84,14,1.0,synthetic_mining_v1__glencore_sa_mining
100174,28,F,Single,1,1,Primary,1.7,10.7,31.8,164.1,85.7,Never,Occasionally,1,267.73,6.58,21.6,6,66,24,2.0,synthetic_mining_v1__glencore_sa_mining
100175,27,M,Married,0,0,Secondary,3.9,4.3,31.3,173.3,94.0,Never,Regularly,2,275.18,6.81,15.9,8,72,25,4.0,synthetic_mining_v1__glencore_sa_mining
100176,50,F,Single,2,0,Diploma,9.4,9.2,23.8,161.9,62.5,Never,Heavy,4,201.3,5.01,2.0,5,69,17,0.0,synthetic_mining_v1__glencore_sa_mining
100177,33,M,Divorced,0,0,Secondary,3.5,11.2,29.5,170.1,85.3,Never,Regularly,1,222.61,7.27,9.1,3,138,26,2.0,synthetic_mining_v1__glencore_sa_mining
100178,41,M,Single,1,1,Primary,4.6,24.1,28.2,160.7,72.8,Never,Never,1,189.25,6.9,0.3,8,274,20,3.0,synthetic_mining_v1__glencore_sa_mining
100179,38,M,Married,1,1,Secondary,15.6,6.4,21.9,160.3,56.4,Former,Occasionally,1,164.21,6.99,27.5,4,159,31,1.0,synthetic_mining_v1__glencore_sa_mining
100180,34,M,Single,2,1,Diploma,15.8,6.9,24.5,170.0,70.7,Daily,Never,1,140.46,5.73,15.3,9,41,27,4.0,synthetic_mining_v1__glencore_sa_mining
100181,33,F,Single,4,1,Secondary,8.0,11.3,20.9,161.0,54.1,Never,Never,0,264.58,5.94,2.4,4,116,23,1.0,synthetic_mining_v1__glencore_sa_mining
100182,44,M,Married,1,1,Secondary,5.9,80.0,35.2,168.0,99.3,Former,Never,0,160.22,6.14,31.6,10,115,24,0.0,synthetic_mining_v1__glencore_sa_mining
100183,35,F,Single,1,0,Secondary,17.1,4.0,30.3,161.4,78.8,Former,Heavy,0,184.49,5.23,9.4,6,136,24,23.0,synthetic_mining_v1__glencore_sa_mining
100184,37,M,Married,1,1,Secondary,6.4,8.5,30.2,162.6,79.8,Never,Regularly,1,186.85,6.23,21.1,4,73,24,0.0,synthetic_mining_v1__glencore_sa_mining
100185,38,M,Single,0,0,Diploma,17.9,14.3,23.0,173.4,69.3,Never,Occasionally,2,169.01,3.51,7.9,8,134,23,2.0,synthetic_mining_v1__glencore_sa_mining
100186,49,M,Divorced,0,0,Diploma,4.0,8.8,28.7,163.9,77.0,Never,Occasionally,4,229.72,7.32,28.7,1,90,21,0.0,synthetic_mining_v1__glencore_sa_mining
100187,44,M,Divorced,1,0,Diploma,7.2,54.2,19.0,179.1,60.8,Never,Regularly,0,164.66,5.02,9.6,6,152,21,4.0,synthetic_mining_v1__glencore_sa_mining
100188,41,F,Married,0,0,Secondary,7.9,14.9,23.9,159.8,61.1,Occasional,Occasionally,1,260.67,6.92,14.3,10,48,22,3.0,synthetic_mining_v1__glencore_sa_mining
100189,33,M,Divorced,1,1,Secondary,2.6,7.7,35.8,165.7,98.3,Never,Never,2,230.09,5.46,16.1,6,98,29,1.0,synthetic_mining_v1__glencore_sa_mining
100190,26,M,Single,0,0,Secondary,17.1,5.7,28.6,176.1,88.6,Never,Occasionally,3,227.62,8.55,4.5,9,22,17,0.0,synthetic_mining_v1__glencore_sa_mining
100191,47,M,Single,0,0,Diploma,14.6,19.4,25.5,158.3,63.9,Occasional,Never,4,171.1,7.37,19.9,8,258,21,5.0,synthetic_mining_v1__glencore_sa_mining
100192,47,M,Married,3,0,Secondary,7.5,11.9,26.8,174.8,81.7,Former,Regularly,2,212.18,7.99,12.7,6,24,9,2.0,synthetic_mining_v1__glencore_sa_mining
100193,37,M,Single,3,0,Diploma,7.7,17.1,26.4,183.9,89.2,Former,Occasionally,1,151.22,8.34,7.6,8,312,17,2.0,synthetic_mining_v1__glencore_sa_mining
100194,43,M,Divorced,1,1,Secondary,3.4,31.9,27.7,175.6,85.3,Daily,Occasionally,4,280.48,6.12,22.6,7,116,26,26.0,synthetic_mining_v1__glencore_sa_mining
100195,45,F,Widowed,3,0,Secondary,4.4,36.8,26.9,161.7,70.3,Former,Regularly,1,140.4,7.2,0.9,6,49,15,2.0,synthetic_mining_v1__glencore_sa_mining
100196,45,F,Single,1,0,Diploma,2.7,14.3,27.7,162.0,72.7,Never,Occasionally,2,171.19,6.81,16.9,5,229,25,1.0,synthetic_mining_v1__glencore_sa_mining
100197,46,F,Married,0,0,Secondary,5.6,26.7,24.8,163.8,66.6,Daily,Occasionally,6,201.81,5.48,41.0,3,27,22,5.0,synthetic_mining_v1__glencore_sa_mining
100198,34,M,Married,2,0,Secondary,4.8,13.9,34.3,169.8,98.8,Never,Regularly,0,218.88,6.99,7.2,4,30,16,3.0,synthetic_mining_v1__glencore_sa_mining
100199,52,M,Widowed,2,1,Secondary,4.5,6.6,33.5,154.0,79.4,Former,Never,2,224.92,7.18,7.3,10,120,27,8.0,synthetic_mining_v1__glencore_sa_mining
100200,27,F,Widowed,3,3,Diploma,4.0,23.6,23.6,163.2,62.8,Never,Occasionally,0,203.23,5.13,8.6,16,220,20,4.0,synthetic_mining_v1__glencore_sa_mining
100201,46,M,Single,4,1,Diploma,6.3,7.6,25.7,163.5,68.8,Occasional,Heavy,4,207.93,6.58,4.7,6,33,24,10.0,synthetic_mining_v1__glencore_sa_mining
100202,42,M,Divorced,1,1,Tertiary,5.8,5.0,25.3,164.6,68.4,Never,Occasionally,3,137.46,6.9,24.0,16,56,17,1.0,synthetic_mining_v1__glencore_sa_mining
100203,46,M,Married,1,0,Secondary,10.4,15.7,26.3,161.4,68.5,Daily,Occasionally,1,271.98,6.38,42.5,4,107,27,59.0,synthetic_mining_v1__glencore_sa_mining
100204,55,M,Married,3,0,Secondary,0.2,4.8,24.1,170.2,69.9,Former,Never,4,253.45,6.51,11.3,9,36,20,0.0,synthetic_mining_v1__glencore_sa_mining
100205,51,M,Married,3,3,Secondary,6.2,5.8,32.7,177.9,103.6,Never,Never,5,210.27,6.27,32.0,6,89,18,2.0,synthetic_mining_v1__glencore_sa_mining
100206,28,M,Divorced,2,1,Primary,14.4,2.8,32.5,179.1,104.3,Never,Never,2,185.85,4.78,22.6,9,273,30,5.0,synthetic_mining_v1__glencore_sa_mining
100207,23,M,Single,1,1,Primary,2.0,11.1,29.6,178.5,94.3,Daily,Regularly,0,205.66,4.44,12.1,10,30,9,15.0,synthetic_mining_v1__glencore_sa_mining
100208,45,F,Married,1,0,Diploma,14.7,19.9,24.0,162.7,63.4,Former,Occasionally,2,216.6,7.91,5.0,6,136,16,4.0,synthetic_mining_v1__glencore_sa_mining
100209,29,M,Single,1,1,Primary,1.3,22.6,28.6,170.3,82.9,Never,Regularly,2,172.14,4.67,46.7,7,120,22,6.0,synthetic_mining_v1__glencore_sa_mining
100210,38,M,Married,1,0,Secondary,4.5,12.0,34.5,178.0,109.4,Never,Never,3,195.23,5.08,9.7,5,45,18,2.0,synthetic_mining_v1__glencore_sa_mining
100211,46,M,Married,4,0,Diploma,3.6,10.4,23.5,174.6,71.7,Former,Occasionally,1,229.3,5.8,9.6,6,45,23,1.0,synthetic_mining_v1__glencore_sa_mining
100212,23,M,Married,0,0,Diploma,5.8,4.5,16.2,165.9,44.6,Never,Regularly,0,320.84,7.12,21.8,10,336,31,4.0,synthetic_mining_v1__glencore_sa_mining
100213,19,M,Single,3,1,Primary,8.4,6.5,27.7,162.5,73.1,Never,Never,3,212.32,7.05,47.9,8,51,20,0.0,synthetic_mining_v1__glencore_sa_mining
100214,40,F,Single,2,1,Diploma,6.1,6.3,29.3,160.2,75.1,Former,Never,3,311.4,8.36,46.7,13,158,36,13.0,synthetic_mining_v1__glencore_sa_mining
100215,38,M,Married,3,1,Secondary,3.8,4.4,24.6,166.6,68.4,Never,Never,0,232.52,7.37,18.6,4,246,24,1.0,synthetic_mining_v1__glencore_sa_mining
100216,36,M,Single,2,0,Secondary,5.2,8.7,26.8,173.9,81.1,Former,Regularly,1,179.17,5.0,10.6,4,60,18,1.0,synthetic_mining_v1__glencore_sa_mining
100217,38,M,Single,1,1,Secondary,2.1,10.5,34.2,188.1,121.2,Never,Occasionally,2,156.58,6.36,6.8,9,152,14,1.0,synthetic_mining_v1__glencore_sa_mining
100218,30,F,Divorced,0,0,Secondary,7.7,3.5,28.4,156.9,69.9,Daily,Occasionally,0,160.06,6.2,1.6,2,66,19,4.0,synthetic_mining_v1__glencore_sa_mining
100219,24,M,Single,2,2,Secondary,5.3,14.9,16.0,160.6,41.3,Former,Never,1,287.04,6.81,9.5,6,245,18,1.0,synthetic_mining_v1__glencore_sa_mining
100220,37,M,Divorced,1,1,Secondary,8.4,18.7,27.9,171.9,82.4,Daily,Occasionally,3,184.36,6.41,4.8,4,61,14,1.0,synthetic_mining_v1__glencore_sa_mining
100221,29,M,Married,0,0,Secondary,5.2,21.2,24.1,155.6,58.4,Never,Never,5,217.0,5.86,4.9,5,44,27,1.0,synthetic_mining_v1__glencore_sa_mining
100222,23,M,Married,1,1,Secondary,11.5,8.7,30.9,183.1,103.7,Never,Regularly,3,202.1,7.13,8.8,6,156,18,1.0,synthetic_mining_v1__glencore_sa_mining
100223,43,M,Married,1,1,Secondary,5.3,21.9,25.4,168.9,72.6,Former,Occasionally,1,215.71,5.36,17.7,3,76,23,4.0,synthetic_mining_v1__glencore_sa_mining
100224,37,F,Married,1,1,Secondary,15.1,10.2,35.1,155.6,84.9,Daily,Occasionally,1,171.27,6.37,4.9,10,16,19,8.0,synthetic_mining_v1__glencore_sa_mining
100225,42,F,Divorced,0,0,Secondary,4.7,4.5,28.0,156.9,69.0,Daily,Never,2,205.48,7.48,7.3,8,69,14,4.0,synthetic_mining_v1__glencore_sa_mining
100226,29,M,Married,2,2,Primary,2.0,4.2,19.5,166.1,53.9,Daily,Regularly,0,213.31,5.92,8.9,5,48,21,9.0,synthetic_mining_v1__glencore_sa_mining
100227,32,M,Single,1,1,Secondary,3.3,12.1,25.7,172.5,76.3,Daily,Occasionally,1,241.92,6.2,11.5,7,62,14,7.0,synthetic_mining_v1__glencore_sa_mining
100228,29,M,Married,3,2,Secondary,5.5,8.2,25.1,172.0,74.2,Never,Occasionally,5,201.66,5.84,37.0,9,346,19,2.0,synthetic_mining_v1__glencore_sa_mining
100229,30,M,Married,0,0,Secondary,1.4,17.4,21.6,171.9,64.0,Daily,Never,3,261.94,5.84,9.3,4,183,21,8.0,synthetic_mining_v1__glencore_sa_mining
100230,40,M,Divorced,5,2,Diploma,9.4,37.2,25.0,170.6,72.8,Never,Heavy,5,183.48,6.7,55.8,5,104,24,32.0,synthetic_mining_v1__glencore_sa_mining
100231,31,M,Single,1,1,Secondary,14.9,17.9,24.4,170.7,71.0,Occasional,Never,5,175.87,6.87,3.0,8,183,21,2.0,synthetic_mining_v1__glencore_sa_mining
100232,41,M,Married,4,1,Diploma,7.6,8.9,29.1,167.0,81.2,Former,Regularly,0,234.0,6.11,7.4,11,41,16,3.0,synthetic_mining_v1__glencore_sa_mining
100233,41,M,Single,2,0,Primary,3.5,14.0,24.2,178.3,76.8,Never,Never,4,285.53,6.71,16.7,10,56,22,5.0,synthetic_mining_v1__glencore_sa_mining
100234,56,M,Single,1,1,Secondary,6.7,10.5,25.2,168.8,71.9,Daily,Never,5,318.44,7.16,1.4,5,83,26,4.0,synthetic_mining_v1__glencore_sa_mining
100235,25,M,Married,2,1,Secondary,8.1,15.9,22.0,164.7,59.7,Daily,Never,3,162.88,5.45,17.8,5,106,25,7.0,synthetic_mining_v1__glencore_sa_mining
100236,46,M,Married,2,0,Secondary,16.1,1.0,30.6,181.5,100.8,Daily,Heavy,0,151.68,7.25,16.8,10,141,17,87.0,synthetic_mining_v1__glencore_sa_mining
100237,37,M,Divorced,2,1,Secondary,3.0,11.6,32.2,175.0,98.6,Daily,Occasionally,4,227.68,9.16,9.0,8,111,25,4.0,synthetic_mining_v1__glencore_sa_mining
100238,38,M,Single,1,1,Secondary,5.3,29.4,29.6,158.0,73.8,Former,Occasionally,0,163.28,7.81,15.3,7,255,25,0.0,synthetic_mining_v1__glencore_sa_mining
100239,25,M,Married,3,0,Secondary,6.3,5.0,22.5,174.2,68.3,Never,Occasionally,2,323.18,7.19,5.0,7,175,29,6.0,synthetic_mining_v1__glencore_sa_mining
100240,34,M,Single,1,0,Diploma,10.5,14.0,33.8,172.5,100.6,Never,Regularly,4,178.09,6.03,17.5,5,57,23,2.0,synthetic_mining_v1__glencore_sa_mining
100241,45,M,Married,1,0,Secondary,4.5,19.7,28.7,169.2,82.1,Former,Regularly,4,181.15,6.47,26.6,8,168,25,9.0,synthetic_mining_v1__glencore_sa_mining
100242,37,M,Single,3,0,Diploma,6.9,9.5,32.5,178.7,103.7,Daily,Never,2,222.61,6.61,25.7,7,255,24,19.0,synthetic_mining_v1__glencore_sa_mining
100243,39,M,Divorced,1,1,Primary,12.7,9.7,24.9,185.3,85.4,Never,Regularly,1,178.33,4.71,20.4,11,83,21,0.0,synthetic_mining_v1__glencore_sa_mining
100244,35,F,Married,2,0,Primary,7.2,10.5,26.2,169.7,75.6,Never,Never,4,225.25,6.28,24.1,6,107,19,1.0,synthetic_mining_v1__glencore_sa_mining
100245,48,M,Married,1,0,Secondary,8.6,13.1,31.7,173.1,94.9,Former,Never,1,134.7,8.08,38.1,10,110,22,6.0,synthetic_mining_v1__glencore_sa_mining
100246,38,M,Married,1,0,Secondary,2.1,12.8,37.0,168.3,104.8,Never,Regularly,1,279.09,7.03,2.0,9,146,30,0.0,synthetic_mining_v1__glencore_sa_mining
100247,19,M,Married,4,1,Secondary,11.8,6.8,22.6,166.9,62.9,Never,Occasionally,1,160.35,4.32,1.8,7,80,25,0.0,synthetic_mining_v1__glencore_sa_mining
100248,32,M,Divorced,1,1,Secondary,10.0,18.9,28.3,180.1,91.7,Never,Occasionally,1,186.16,7.18,32.2,6,96,30,1.0,synthetic_mining_v1__glencore_sa_mining
100249,20,M,Married,0,0,Diploma,5.0,36.2,25.1,173.8,75.8,Former,Occasionally,1,185.63,7.32,12.7,7,108,19,1.0,synthetic_mining_v1__glencore_sa_mining
100250,19,M,Married,0,0,Secondary,2.0,50.2,25.4,169.4,73.0,Daily,Occasionally,2,221.8,6.03,33.4,7,34,16,3.0,synthetic_mining_v1__glencore_sa_mining
100251,33,M,Married,1,1,Diploma,2.8,11.9,35.0,167.6,98.3,Occasional,Never,1,137.75,5.03,25.0,7,4,26,2.0,synthetic_mining_v1__glencore_sa_mining
100252,50,M,Married,0,0,Secondary,9.7,10.9,32.7,173.4,98.3,Never,Occasionally,0,165.43,8.25,22.9,12,52,7,0.0,synthetic_mining_v1__glencore_sa_mining
100253,38,F,Single,4,1,Secondary,1.8,0.9,23.0,157.7,57.2,Daily,Regularly,3,231.73,5.43,6.4,13,185,18,0.0,synthetic_mining_v1__glencore_sa_mining
100254,27,F,Single,1,1,Secondary,5.7,33.2,31.2,162.9,82.9,Daily,Occasionally,2,268.54,7.02,18.9,10,49,27,19.0,synthetic_mining_v1__glencore_sa_mining
100255,30,F,Married,1,0,Diploma,5.2,5.9,28.4,159.0,71.7,Daily,Occasionally,0,175.31,5.12,32.2,6,20,28,10.0,synthetic_mining_v1__glencore_sa_mining
100256,48,M,Married,1,1,Secondary,5.5,43.1,31.8,186.7,110.8,Never,Regularly,3,201.41,6.67,37.4,11,121,19,11.0,synthetic_mining_v1__glencore_sa_mining
100257,39,M,Single,2,2,Secondary,6.1,8.5,26.2,164.9,71.3,Occasional,Never,2,255.44,7.8,9.1,6,88,15,0.0,synthetic_mining_v1__glencore_sa_mining
100258,38,F,Married,0,0,Secondary,7.9,5.7,27.8,164.2,75.1,Never,Heavy,0,194.61,6.47,14.7,7,45,24,0.0,synthetic_mining_v1__glencore_sa_mining
100259,38,M,Single,2,2,Secondary,3.0,2.9,24.9,173.8,75.4,Daily,Occasionally,4,261.2,5.84,11.1,6,201,25,12.0,synthetic_mining_v1__glencore_sa_mining
100260,38,M,Married,1,1,Secondary,13.7,28.5,30.7,164.5,83.0,Never,Occasionally,4,183.94,6.56,8.2,5,49,27,2.0,synthetic_mining_v1__glencore_sa_mining
100261,45,M,Married,1,1,Secondary,13.2,5.0,38.4,179.5,123.7,Daily,Never,0,137.54,7.74,8.6,5,143,20,17.0,synthetic_mining_v1__glencore_sa_mining
100262,43,M,Married,3,3,Primary,11.1,24.6,29.3,174.9,89.6,Never,Occasionally,3,232.47,6.73,10.9,10,61,19,2.0,synthetic_mining_v1__glencore_sa_mining
100263,40,F,Divorced,2,2,Primary,3.2,28.8,29.3,153.5,69.0,Former,Never,1,175.5,4.24,10.7,6,114,23,5.0,synthetic_mining_v1__glencore_sa_mining
100264,29,M,Married,3,2,Primary,3.3,1.7,31.9,156.4,77.9,Daily,Occasionally,0,268.68,5.77,4.0,11,56,24,35.0,synthetic_mining_v1__glencore_sa_mining
100265,43,M,Married,1,1,Diploma,5.1,13.7,24.4,176.5,76.0,Daily,Never,3,244.05,6.01,18.7,5,140,15,9.0,synthetic_mining_v1__glencore_sa_mining
100266,32,M,Married,2,2,Diploma,4.7,6.6,32.4,165.7,89.1,Daily,Occasionally,5,193.12,8.31,7.8,8,136,22,2.0,synthetic_mining_v1__glencore_sa_mining
100267,48,M,Married,2,2,Diploma,4.4,30.4,19.7,180.7,64.3,Never,Occasionally,3,232.19,5.39,23.7,12,125,37,9.0,synthetic_mining_v1__glencore_sa_mining
100268,27,M,Widowed,4,1,Primary,2.1,6.0,16.0,161.3,41.6,Former,Occasionally,4,202.5,7.32,7.9,2,74,11,0.0,synthetic_mining_v1__glencore_sa_mining
100269,37,F,Married,1,1,Secondary,25.2,19.9,37.4,153.8,88.4,Occasional,Occasionally,2,207.36,7.53,26.2,5,270,19,15.0,synthetic_mining_v1__glencore_sa_mining
100270,38,M,Single,1,1,Diploma,7.9,24.1,43.1,171.9,127.5,Occasional,Occasionally,0,211.31,5.91,12.5,8,125,28,43.0,synthetic_mining_v1__glencore_sa_mining
100271,26,M,Single,2,1,Diploma,2.6,10.1,22.9,178.1,72.8,Former,Never,2,245.09,5.63,10.8,9,40,18,2.0,synthetic_mining_v1__glencore_sa_mining
100272,53,M,Married,4,0,Secondary,21.7,3.2,24.5,169.6,70.4,Occasional,Regularly,3,149.23,6.97,5.3,6,87,21,2.0,synthetic_mining_v1__glencore_sa_mining
100273,51,M,Divorced,0,0,Secondary,2.7,8.9,22.7,164.2,61.2,Never,Regularly,0,193.82,6.71,8.6,9,69,19,5.0,synthetic_mining_v1__glencore_sa_mining
100274,34,M,Single,1,1,Diploma,5.6,28.1,23.9,169.7,68.8,Never,Occasionally,0,310.14,8.01,27.9,6,37,30,11.0,synthetic_mining_v1__glencore_sa_mining
100275,45,M,Single,2,1,Tertiary,4.7,18.5,27.8,174.4,84.6,Never,Never,2,216.67,5.1,6.3,8,78,17,2.0,synthetic_mining_v1__glencore_sa_mining
100276,41,M,Widowed,1,1,Primary,4.4,1.8,20.9,170.3,60.6,Former,Regularly,1,222.66,3.5,6.4,6,148,33,4.0,synthetic_mining_v1__glencore_sa_mining
100277,19,M,Married,1,0,Secondary,10.3,6.3,22.4,165.8,61.5,Never,Heavy,2,216.2,6.8,11.9,8,64,13,1.0,synthetic_mining_v1__glencore_sa_mining
100278,40,M,Married,4,0,Secondary,16.2,12.0,23.7,166.9,66.1,Occasional,Occasionally,5,224.83,6.85,20.6,14,35,31,7.0,synthetic_mining_v1__glencore_sa_mining
100279,37,M,Single,2,0,Primary,10.2,2.6,26.5,170.1,76.8,Daily,Regularly,1,218.49,5.34,29.2,8,67,24,12.0,synthetic_mining_v1__glencore_sa_mining
100280,39,M,Single,3,0,Diploma,21.2,10.6,21.8,169.1,62.4,Never,Occasionally,0,209.97,5.52,50.1,7,123,36,9.0,synthetic_mining_v1__glencore_sa_mining
100281,28,M,Married,1,1,Secondary,5.8,15.9,31.8,171.2,93.1,Never,Occasionally,3,218.75,6.43,12.2,10,108,15,0.0,synthetic_mining_v1__glencore_sa_mining
100282,36,M,Single,1,0,Secondary,15.2,12.3,25.7,177.7,81.0,Daily,Never,2,224.05,9.34,13.8,10,104,19,6.0,synthetic_mining_v1__glencore_sa_mining
100283,36,F,Divorced,2,2,Secondary,7.6,27.2,28.9,160.3,74.2,Occasional,Occasionally,1,230.17,6.3,16.8,5,195,24,10.0,synthetic_mining_v1__glencore_sa_mining
100284,49,M,Married,2,1,Tertiary,13.1,6.8,28.3,167.0,78.9,Never,Occasionally,3,220.26,7.54,18.8,7,47,19,0.0,synthetic_mining_v1__glencore_sa_mining
100285,41,M,Married,1,1,Secondary,1.7,24.6,22.3,166.6,61.9,Daily,Heavy,1,284.8,6.98,7.1,10,131,19,68.0,synthetic_mining_v1__glencore_sa_mining
100286,38,M,Married,0,0,Tertiary,4.8,18.2,29.0,176.6,90.4,Former,Regularly,2,253.96,7.21,10.1,7,314,18,0.0,synthetic_mining_v1__glencore_sa_mining
100287,52,M,Married,2,0,Secondary,2.6,13.8,25.2,175.1,77.2,Never,Never,3,227.53,5.83,28.1,16,44,21,2.0,synthetic_mining_v1__glencore_sa_mining
100288,33,M,Single,1,0,Primary,5.1,5.3,30.2,175.2,92.7,Former,Occasionally,3,240.85,4.78,41.5,6,13,23,2.0,synthetic_mining_v1__glencore_sa_mining
100289,34,M,Married,1,1,Secondary,2.2,17.9,22.9,174.6,69.8,Daily,Regularly,1,229.14,6.46,15.2,7,81,22,9.0,synthetic_mining_v1__glencore_sa_mining
100290,22,M,Married,4,3,Primary,8.6,23.1,33.4,179.5,107.7,Occasional,Heavy,1,213.4,6.42,7.0,2,104,17,4.0,synthetic_mining_v1__glencore_sa_mining
100291,52,M,Divorced,0,0,Secondary,10.8,21.1,29.3,167.2,82.0,Never,Regularly,2,161.37,5.38,18.7,9,64,26,7.0,synthetic_mining_v1__glencore_sa_mining
100292,47,M,Married,2,1,Secondary,8.4,2.9,24.0,168.9,68.6,Daily,Occasionally,2,293.46,4.39,8.4,9,235,32,13.0,synthetic_mining_v1__glencore_sa_mining
100293,46,M,Single,3,0,Diploma,6.2,21.2,28.2,171.1,82.5,Never,Regularly,3,198.6,8.21,47.3,6,94,21,5.0,synthetic_mining_v1__glencore_sa_mining
100294,44,M,Divorced,0,0,Secondary,1.6,9.5,24.3,150.2,54.8,Daily,Never,4,243.99,7.52,70.3,4,102,25,7.0,synthetic_mining_v1__glencore_sa_mining
100295,39,M,Single,3,1,Secondary,2.8,10.6,23.8,171.3,69.9,Former,Never,1,289.64,5.92,9.0,5,207,26,12.0,synthetic_mining_v1__glencore_sa_mining
100296,40,F,Single,0,0,Diploma,8.5,22.7,25.3,161.2,65.6,Never,Occasionally,0,197.09,6.06,39.7,6,99,24,4.0,synthetic_mining_v1__glencore_sa_mining
100297,36,M,Married,0,0,Secondary,9.6,9.0,23.1,152.4,53.6,Occasional,Regularly,3,304.63,8.57,11.3,6,198,23,0.0,synthetic_mining_v1__glencore_sa_mining
100298,36,F,Divorced,2,2,Primary,14.3,25.7,29.9,154.7,71.6,Daily,Never,3,204.68,6.41,22.8,11,131,20,6.0,synthetic_mining_v1__glencore_sa_mining
100299,38,M,Divorced,2,0,Secondary,1.9,11.2,16.0,180.0,51.8,Never,Regularly,4,272.4,8.34,26.8,5,191,33,4.0,synthetic_mining_v1__glencore_sa_mining
100300,52,M,Married,3,1,Diploma,27.9,29.7,31.1,157.0,76.5,Never,Never,1,146.93,5.54,10.3,4,33,19,4.0,synthetic_mining_v1__glencore_sa_mining
100301,43,F,Single,1,1,Secondary,9.3,2.1,23.4,165.4,64.1,Former,Occasionally,0,228.4,4.02,29.9,5,138,32,12.0,synthetic_mining_v1__glencore_sa_mining
100302,37,M,Single,4,1,Diploma,7.9,16.5,23.2,169.4,66.4,Daily,Occasionally,1,245.45,5.74,57.7,7,130,32,19.0,synthetic_mining_v1__glencore_sa_mining
100303,33,M,Married,4,2,Secondary,6.1,6.9,28.7,160.9,74.3,Former,Never,4,197.79,5.41,1.9,3,365,25,0.0,synthetic_mining_v1__glencore_sa_mining
100304,32,M,Married,1,0,Secondary,4.0,15.1,29.7,177.6,93.7,Never,Never,2,209.86,7.58,14.8,5,26,11,2.0,synthetic_mining_v1__glencore_sa_mining
100305,52,M,Single,0,0,Secondary,7.1,17.2,25.1,162.0,66.0,Never,Never,1,180.19,7.03,28.5,7,87,26,2.0,synthetic_mining_v1__glencore_sa_mining
100306,43,M,Married,1,1,Diploma,4.5,4.7,20.2,175.8,62.4,Never,Regularly,4,166.1,6.69,60.7,8,215,20,1.0,synthetic_mining_v1__glencore_sa_mining
100307,39,M,Divorced,2,2,Secondary,3.3,1.0,25.4,169.7,73.0,Never,Occasionally,2,189.71,3.84,16.6,12,83,29,4.0,synthetic_mining_v1__glencore_sa_mining
100308,35,M,Single,1,1,Secondary,13.6,23.3,31.2,178.0,98.9,Never,Regularly,3,247.1,4.85,88.7,4,204,28,0.0,synthetic_mining_v1__glencore_sa_mining
100309,28,F,Married,5,0,Secondary,9.0,1.5,26.6,151.7,61.2,Daily,Never,3,213.52,5.78,19.8,7,132,27,5.0,synthetic_mining_v1__glencore_sa_mining
100310,37,M,Married,1,1,Primary,4.1,15.4,33.6,169.9,97.0,Never,Never,7,222.07,6.23,53.9,12,113,26,2.0,synthetic_mining_v1__glencore_sa_mining
100311,46,M,Married,2,1,Primary,9.7,14.8,22.5,159.9,57.4,Never,Never,4,169.51,5.7,4.2,5,116,16,0.0,synthetic_mining_v1__glencore_sa_mining
100312,34,M,Single,0,0,Secondary,2.1,22.2,24.6,162.6,65.1,Never,Occasionally,3,287.94,5.89,27.5,7,16,27,2.0,synthetic_mining_v1__glencore_sa_mining
100313,36,M,Divorced,0,0,Diploma,4.5,8.2,28.7,169.4,82.4,Daily,Never,3,307.92,6.92,45.9,9,70,25,23.0,synthetic_mining_v1__glencore_sa_mining
100314,36,F,Single,3,1,Secondary,5.5,18.3,20.7,159.8,52.8,Never,Heavy,0,250.72,8.38,8.2,5,97,17,8.0,synthetic_mining_v1__glencore_sa_mining
100315,39,M,Married,2,1,Secondary,10.2,17.7,43.7,178.6,139.3,Never,Occasionally,1,219.6,8.34,8.0,9,136,16,0.0,synthetic_mining_v1__glencore_sa_mining
100316,24,M,Single,1,0,Secondary,9.1,8.4,24.3,168.4,68.9,Never,Occasionally,3,303.85,5.94,4.6,4,71,25,2.0,synthetic_mining_v1__glencore_sa_mining
100317,36,M,Single,2,1,Primary,10.2,36.3,22.5,171.8,66.3,Occasional,Occasionally,5,283.32,4.15,12.8,2,86,24,0.0,synthetic_mining_v1__glencore_sa_mining
100318,30,M,Divorced,1,1,Diploma,2.8,13.4,19.8,159.0,49.9,Daily,Occasionally,0,155.06,8.62,23.6,6,86,28,3.0,synthetic_mining_v1__glencore_sa_mining
100319,46,F,Single,1,1,Primary,0.4,34.2,25.0,149.7,55.9,Never,Never,0,185.44,7.32,51.0,6,60,25,0.0,synthetic_mining_v1__glencore_sa_mining
100320,31,M,Divorced,3,1,Secondary,3.9,3.8,34.0,182.8,113.4,Daily,Regularly,1,239.19,7.92,26.7,10,58,29,70.0,synthetic_mining_v1__glencore_sa_mining
100321,43,M,Divorced,3,1,Secondary,4.0,20.6,28.6,166.7,79.6,Never,Never,3,150.99,5.81,16.0,10,128,26,3.0,synthetic_mining_v1__glencore_sa_mining
100322,52,F,Married,1,1,Secondary,10.3,8.7,35.3,176.9,110.5,Occasional,Occasionally,5,163.16,6.2,8.6,7,86,21,5.0,synthetic_mining_v1__glencore_sa_mining
100323,35,M,Married,5,1,Diploma,9.5,16.9,23.6,175.3,72.6,Former,Never,2,134.8,7.45,18.3,6,211,25,2.0,synthetic_mining_v1__glencore_sa_mining
100324,33,M,Single,2,0,Secondary,0.6,3.5,24.4,171.6,71.9,Never,Never,0,193.07,6.3,23.6,6,94,23,3.0,synthetic_mining_v1__glencore_sa_mining
100325,40,F,Married,3,0,Secondary,7.4,16.5,25.3,171.7,74.5,Daily,Occasionally,3,236.92,8.04,11.5,8,37,24,7.0,synthetic_mining_v1__glencore_sa_mining
100326,38,F,Married,1,0,Diploma,5.9,41.9,16.0,169.7,46.1,Daily,Occasionally,0,316.21,6.91,6.6,7,62,11,13.0,synthetic_mining_v1__glencore_sa_mining
100327,29,M,Married,1,1,Secondary,17.0,13.6,24.0,162.9,63.6,Never,Occasionally,1,217.0,5.61,14.8,6,80,22,1.0,synthetic_mining_v1__glencore_sa_mining
100328,42,M,Married,3,0,Secondary,9.2,22.7,20.9,177.1,65.7,Former,Heavy,2,178.79,6.38,9.8,6,322,17,9.0,synthetic_mining_v1__glencore_sa_mining
100329,56,M,Married,2,0,Secondary,3.3,41.9,28.2,164.1,76.0,Never,Occasionally,0,311.39,5.85,19.7,10,71,27,0.0,synthetic_mining_v1__glencore_sa_mining
100330,36,M,Married,0,0,Secondary,2.0,25.8,28.7,158.0,71.5,Former,Never,2,200.5,5.77,5.4,6,87,24,2.0,synthetic_mining_v1__glencore_sa_mining
100331,36,M,Married,1,1,Secondary,7.4,46.2,25.9,174.5,78.8,Never,Never,2,218.22,6.38,23.1,13,105,28,4.0,synthetic_mining_v1__glencore_sa_mining
100332,29,M,Married,2,0,Primary,9.9,13.9,29.2,162.8,77.4,Former,Occasionally,3,211.56,6.75,60.8,7,26,26,1.0,synthetic_mining_v1__glencore_sa_mining
100333,41,M,Married,0,0,Secondary,17.1,4.8,28.0,187.9,98.7,Daily,Occasionally,3,208.06,5.85,35.5,5,5,21,8.0,synthetic_mining_v1__glencore_sa_mining
100334,27,M,Single,0,0,Secondary,3.4,13.6,28.6,166.3,79.2,Never,Never,3,239.56,7.12,16.0,3,26,16,1.0,synthetic_mining_v1__glencore_sa_mining
100335,28,M,Single,2,2,Secondary,15.8,10.7,25.4,162.7,67.3,Daily,Regularly,3,225.35,6.07,26.9,9,34,25,8.0,synthetic_mining_v1__glencore_sa_mining
100336,50,M,Single,1,1,Secondary,6.2,9.2,28.2,165.9,77.5,Never,Occasionally,1,207.72,5.55,24.6,9,293,24,4.0,synthetic_mining_v1__glencore_sa_mining
100337,30,M,Married,1,1,Diploma,2.7,16.3,25.0,159.3,63.3,Never,Never,3,234.73,6.11,9.6,5,264,28,0.0,synthetic_mining_v1__glencore_sa_mining
100338,48,M,Widowed,2,1,Secondary,5.1,37.5,30.0,156.9,73.7,Occasional,Never,1,317.66,8.05,4.1,6,126,19,45.0,synthetic_mining_v1__glencore_sa_mining
100339,52,M,Widowed,2,2,Tertiary,5.1,52.1,26.9,171.4,79.0,Occasional,Heavy,4,188.88,5.75,31.5,7,106,18,0.0,synthetic_mining_v1__glencore_sa_mining
100340,40,M,Married,1,1,Secondary,7.7,7.7,25.7,173.4,77.3,Occasional,Regularly,2,209.21,6.86,10.2,7,295,24,8.0,synthetic_mining_v1__glencore_sa_mining
100341,43,M,Married,2,1,Secondary,12.5,17.5,26.5,172.1,78.5,Former,Never,2,216.05,6.82,13.5,10,295,20,6.0,synthetic_mining_v1__glencore_sa_mining
100342,56,M,Single,5,3,Secondary,1.2,11.1,22.6,163.5,60.4,Never,Occasionally,2,169.81,5.83,70.0,7,16,28,1.0,synthetic_mining_v1__glencore_sa_mining
100343,36,M,Married,0,0,Diploma,6.9,7.5,25.5,168.4,72.5,Former,Never,3,176.37,5.53,31.7,10,52,30,1.0,synthetic_mining_v1__glencore_sa_mining
100344,33,M,Divorced,1,1,Diploma,14.2,7.5,27.2,167.7,76.5,Never,Occasionally,1,195.2,7.67,17.0,6,49,18,1.0,synthetic_mining_v1__glencore_sa_mining
100345,26,M,Single,2,2,Secondary,4.0,17.0,28.3,171.9,83.7,Never,Regularly,2,232.77,6.45,3.5,5,117,16,2.0,synthetic_mining_v1__glencore_sa_mining
100346,38,M,Single,3,2,Secondary,10.2,15.7,32.5,169.0,92.9,Former,Occasionally,2,138.8,7.23,2.6,9,365,19,1.0,synthetic_mining_v1__glencore_sa_mining
100347,51,M,Married,2,2,Secondary,8.9,13.4,27.8,171.7,82.0,Daily,Never,1,170.67,5.8,33.8,12,122,27,17.0,synthetic_mining_v1__glencore_sa_mining
100348,47,F,Married,4,2,Primary,9.2,23.0,30.0,167.1,83.8,Never,Regularly,2,223.89,5.96,23.7,4,196,24,13.0,synthetic_mining_v1__glencore_sa_mining
100349,30,M,Widowed,0,0,Tertiary,5.6,47.1,29.3,168.7,83.5,Daily,Occasionally,4,192.54,5.8,16.2,6,200,32,8.0,synthetic_mining_v1__glencore_sa_mining
100350,30,M,Single,1,0,Diploma,4.4,24.1,23.0,172.2,68.1,Former,Occasionally,0,255.9,5.24,50.3,6,47,31,3.0,synthetic_mining_v1__glencore_sa_mining
100351,33,F,Married,2,0,Secondary,10.4,36.0,23.7,162.7,62.7,Never,Occasionally,2,188.89,6.24,28.4,9,26,18,2.0,synthetic_mining_v1__glencore_sa_mining
100352,41,M,Married,0,0,Primary,0.9,7.9,20.1,169.1,57.6,Daily,Never,1,230.62,6.34,24.8,6,170,15,6.0,synthetic_mining_v1__glencore_sa_mining
100353,36,M,Married,3,3,Diploma,6.8,6.5,27.1,165.7,74.4,Never,Occasionally,3,168.04,7.57,24.3,7,268,25,4.0,synthetic_mining_v1__glencore_sa_mining
100354,40,M,Divorced,2,1,Secondary,4.0,13.7,26.7,164.8,72.5,Never,Occasionally,2,182.44,5.48,12.7,12,167,18,0.0,synthetic_mining_v1__glencore_sa_mining
100355,41,F,Married,2,0,Secondary,0.8,5.6,21.9,161.5,57.2,Never,Never,3,135.68,6.02,12.1,8,106,18,0.0,synthetic_mining_v1__glencore_sa_mining
100356,35,M,Married,4,2,Secondary,9.2,1.3,29.7,164.3,80.3,Former,Regularly,3,158.4,7.18,6.8,10,142,26,2.0,synthetic_mining_v1__glencore_sa_mining
100357,38,F,Married,3,1,Secondary,3.6,9.8,25.2,160.1,64.5,Never,Occasionally,1,185.04,5.87,4.0,10,21,13,1.0,synthetic_mining_v1__glencore_sa_mining
100358,40,M,Married,4,1,Tertiary,15.8,14.9,17.1,171.8,50.4,Former,Occasionally,0,117.63,6.69,90.0,4,85,25,1.0,synthetic_mining_v1__glencore_sa_mining
100359,37,M,Married,3,2,Primary,7.0,14.6,34.5,174.9,105.5,Daily,Regularly,1,151.97,4.95,31.6,9,244,23,120.0,synthetic_mining_v1__glencore_sa_mining
100360,43,M,Married,2,0,Diploma,4.2,11.1,29.6,171.4,87.0,Occasional,Heavy,1,276.77,7.83,9.3,3,2,16,25.0,synthetic_mining_v1__glencore_sa_mining
100361,55,M,Married,1,1,Primary,22.9,27.8,27.3,174.0,82.7,Former,Never,2,126.67,6.23,17.0,8,81,20,4.0,synthetic_mining_v1__glencore_sa_mining
100362,43,M,Married,0,0,Secondary,11.2,21.9,28.7,175.7,88.7,Occasional,Occasionally,1,319.9,4.67,31.7,6,58,25,65.0,synthetic_mining_v1__glencore_sa_mining
100363,39,M,Single,1,1,Secondary,30.1,34.9,31.7,182.6,105.7,Daily,Regularly,3,212.58,5.54,6.2,7,85,18,0.0,synthetic_mining_v1__glencore_sa_mining
100364,23,M,Married,1,1,Secondary,2.7,36.7,32.6,166.9,90.8,Former,Never,3,121.7,6.77,39.2,2,202,27,3.0,synthetic_mining_v1__glencore_sa_mining
100365,41,F,Married,2,0,Secondary,13.4,1.6,28.1,160.4,72.3,Never,Occasionally,3,286.69,6.63,2.6,7,79,21,1.0,synthetic_mining_v1__glencore_sa_mining
100366,20,M,Single,3,0,Secondary,14.5,15.8,33.4,169.0,95.3,Former,Occasionally,0,214.37,6.61,10.3,4,192,23,1.0,synthetic_mining_v1__glencore_sa_mining
100367,25,M,Married,2,0,Primary,4.1,11.8,22.7,163.9,61.1,Occasional,Never,4,201.09,7.9,19.9,3,110,7,1.0,synthetic_mining_v1__glencore_sa_mining
100368,46,M,Married,2,1,Diploma,4.6,25.5,29.1,179.6,93.7,Never,Regularly,3,266.67,7.9,30.4,8,98,23,0.0,synthetic_mining_v1__glencore_sa_mining
100369,44,F,Married,2,1,Secondary,6.0,28.3,28.5,158.8,71.9,Former,Regularly,3,304.13,6.56,6.0,11,194,17,0.0,synthetic_mining_v1__glencore_sa_mining
100370,37,M,Married,2,0,Secondary,6.8,21.4,29.3,173.8,88.4,Never,Never,2,254.42,8.3,14.1,9,82,20,0.0,synthetic_mining_v1__glencore_sa_mining
100371,23,M,Married,3,1,Secondary,12.8,31.9,25.0,182.1,82.9,Former,Never,0,206.75,5.67,6.3,8,107,21,2.0,synthetic_mining_v1__glencore_sa_mining
100372,35,F,Widowed,2,0,Secondary,8.7,24.6,27.4,158.4,68.6,Former,Occasionally,0,257.11,5.08,19.7,5,49,23,13.0,synthetic_mining_v1__glencore_sa_mining
100373,32,M,Married,1,1,Secondary,5.9,2.7,19.5,181.4,64.3,Former,Regularly,3,251.07,7.63,34.7,7,36,20,1.0,synthetic_mining_v1__glencore_sa_mining
100374,44,M,Widowed,1,1,Secondary,4.2,12.0,25.0,170.4,72.7,Never,Occasionally,2,198.27,3.81,18.8,10,108,28,13.0,synthetic_mining_v1__glencore_sa_mining
100375,58,M,Married,3,1,Secondary,5.6,24.4,30.2,162.2,79.5,Never,Regularly,1,236.75,7.36,26.1,7,33,22,15.0,synthetic_mining_v1__glencore_sa_mining
100376,40,M,Married,0,0,Secondary,13.7,23.9,30.3,169.5,87.0,Never,Regularly,4,171.52,7.75,17.1,7,188,26,1.0,synthetic_mining_v1__glencore_sa_mining
100377,31,F,Single,2,2,Primary,4.8,5.0,21.9,162.7,57.9,Former,Occasionally,3,207.96,7.12,33.2,11,48,23,0.0,synthetic_mining_v1__glencore_sa_mining
100378,27,M,Married,3,0,Secondary,6.2,1.3,35.0,160.4,90.0,Never,Regularly,2,308.74,7.71,7.6,9,362,29,0.0,synthetic_mining_v1__glencore_sa_mining
100379,37,M,Single,3,1,Diploma,10.3,28.8,28.5,167.6,80.1,Never,Never,3,266.7,7.46,11.0,9,81,26,8.0,synthetic_mining_v1__glencore_sa_mining
100380,36,F,Married,2,2,Primary,6.5,19.4,31.5,162.0,82.8,Former,Never,4,192.13,5.07,2.4,5,161,19,8.0,synthetic_mining_v1__glencore_sa_mining
100381,28,M,Married,1,0,Tertiary,6.8,13.2,24.5,170.9,71.5,Never,Occasionally,0,162.02,5.46,64.5,8,63,33,2.0,synthetic_mining_v1__glencore_sa_mining
100382,39,F,Divorced,2,2,Diploma,1.9,4.6,23.9,159.6,61.0,Daily,Never,1,266.42,5.88,17.1,9,160,30,8.0,synthetic_mining_v1__glencore_sa_mining
100383,28,M,Married,3,2,Secondary,9.7,2.7,28.8,170.8,84.0,Occasional,Never,1,266.59,5.04,11.6,6,121,23,7.0,synthetic_mining_v1__glencore_sa_mining
100384,48,M,Divorced,0,0,Secondary,11.2,14.1,29.5,169.2,84.4,Never,Regularly,1,183.26,8.62,3.8,5,130,17,2.0,synthetic_mining_v1__glencore_sa_mining
100385,48,M,Married,1,0,Secondary,9.8,5.1,34.1,164.7,92.5,Occasional,Never,2,179.63,7.09,16.4,5,66,16,4.0,synthetic_mining_v1__glencore_sa_mining
100386,48,M,Single,4,0,Secondary,1.6,36.2,27.7,178.6,88.3,Never,Never,3,159.04,5.85,45.1,9,94,27,5.0,synthetic_mining_v1__glencore_sa_mining
100387,34,M,Divorced,0,0,Diploma,5.2,6.7,30.5,189.5,109.4,Daily,Occasionally,4,195.36,5.38,6.8,9,41,19,4.0,synthetic_mining_v1__glencore_sa_mining
100388,43,M,Divorced,0,0,Primary,3.1,50.9,24.7,159.4,62.7,Never,Occasionally,1,185.02,4.56,14.2,7,50,22,0.0,synthetic_mining_v1__glencore_sa_mining
100389,37,M,Married,1,0,Diploma,13.8,2.7,24.2,165.9,66.6,Never,Occasionally,1,194.31,5.08,19.1,10,273,24,1.0,synthetic_mining_v1__glencore_sa_mining
100390,35,F,Married,0,0,Secondary,15.4,29.5,23.2,152.8,54.2,Never,Regularly,3,224.11,6.23,22.2,8,42,16,3.0,synthetic_mining_v1__glencore_sa_mining
100391,35,M,Single,6,1,Primary,13.8,8.2,33.1,159.1,83.8,Former,Occasionally,6,189.3,6.1,9.9,6,63,21,4.0,synthetic_mining_v1__glencore_sa_mining
100392,26,M,Single,2,0,Secondary,9.0,8.2,27.7,166.3,76.6,Daily,Never,0,237.48,4.78,41.3,7,75,31,20.0,synthetic_mining_v1__glencore_sa_mining
100393,25,F,Married,2,1,Diploma,1.7,15.6,28.4,155.9,69.0,Former,Occasionally,2,213.69,4.61,1.9,9,82,20,2.0,synthetic_mining_v1__glencore_sa_mining
100394,45,M,Married,2,1,Secondary,0.8,25.1,31.8,179.1,102.0,Daily,Never,4,263.67,5.32,24.7,5,118,25,24.0,synthetic_mining_v1__glencore_sa_mining
100395,36,M,Married,3,2,Secondary,2.4,22.5,28.3,164.6,76.8,Daily,Occasionally,3,246.7,6.15,8.2,3,128,14,5.0,synthetic_mining_v1__glencore_sa_mining
100396,40,F,Married,1,1,Secondary,4.7,11.7,25.3,146.0,53.9,Former,Never,4,152.25,6.21,35.8,11,168,18,1.0,synthetic_mining_v1__glencore_sa_mining
100397,47,M,Married,1,1,Primary,14.1,1.1,21.3,167.5,59.7,Never,Regularly,2,208.88,7.1,6.3,6,202,23,1.0,synthetic_mining_v1__glencore_sa_mining
100398,22,M,Single,1,0,Secondary,22.6,3.4,30.3,164.8,82.2,Never,Regularly,1,262.4,5.76,11.5,9,176,22,15.0,synthetic_mining_v1__glencore_sa_mining
100399,31,M,Single,3,0,Secondary,4.9,4.8,29.7,182.7,99.3,Former,Never,0,178.71,6.07,32.1,6,80,21,2.0,synthetic_mining_v1__glencore_sa_mining
100400,40,M,Single,0,0,Primary,13.1,6.4,33.9,180.8,110.8,Never,Never,4,210.33,7.03,19.4,7,48,20,2.0,synthetic_mining_v1__glencore_sa_mining
100401,42,M,Widowed,1,1,Tertiary,9.2,11.1,28.3,165.5,77.5,Daily,Heavy,1,159.41,6.13,3.5,9,174,23,0.0,synthetic_mining_v1__glencore_sa_mining
100402,35,M,Single,2,1,Secondary,14.5,3.6,20.6,171.5,60.6,Former,Never,1,229.67,7.42,15.6,7,102,24,1.0,synthetic_mining_v1__glencore_sa_mining
100403,47,M,Widowed,1,1,Diploma,4.2,9.8,25.9,176.5,80.6,Never,Regularly,3,154.22,6.35,20.6,6,45,21,0.0,synthetic_mining_v1__glencore_sa_mining
100404,40,M,Single,2,2,Primary,10.7,10.0,25.7,173.4,77.2,Daily,Occasionally,0,259.48,7.23,50.6,6,122,22,18.0,synthetic_mining_v1__glencore_sa_mining
100405,27,M,Married,1,0,Primary,6.2,11.9,26.1,163.5,69.8,Never,Regularly,4,226.48,8.01,12.2,5,98,21,1.0,synthetic_mining_v1__glencore_sa_mining
100406,30,M,Married,2,0,Secondary,7.5,1.9,34.3,172.2,101.6,Former,Occasionally,3,231.58,6.64,23.6,5,18,13,3.0,synthetic_mining_v1__glencore_sa_mining
100407,45,M,Married,1,1,Primary,5.2,0.5,26.3,170.3,76.2,Never,Regularly,1,244.83,6.13,90.0,8,153,25,5.0,synthetic_mining_v1__glencore_sa_mining
100408,42,F,Single,1,1,Primary,8.1,43.9,28.4,165.1,77.6,Never,Occasionally,1,214.44,6.25,30.8,7,50,18,5.0,synthetic_mining_v1__glencore_sa_mining
100409,21,F,Married,2,1,Secondary,1.3,16.9,26.1,162.2,68.7,Never,Occasionally,2,204.55,4.04,9.9,10,49,22,2.0,synthetic_mining_v1__glencore_sa_mining
100410,50,M,Married,1,1,Diploma,2.9,14.1,36.5,173.5,109.7,Daily,Never,2,190.7,5.64,19.3,7,38,20,120.0,synthetic_mining_v1__glencore_sa_mining
100411,43,M,Married,3,3,Diploma,1.9,10.2,28.3,170.7,82.5,Daily,Occasionally,2,166.93,4.85,28.3,9,151,27,24.0,synthetic_mining_v1__glencore_sa_mining
100412,50,M,Married,2,1,Secondary,6.0,21.6,32.8,163.6,87.7,Daily,Occasionally,2,230.89,9.43,6.5,10,198,21,17.0,synthetic_mining_v1__glencore_sa_mining
100413,35,M,Married,2,2,Secondary,8.8,37.0,34.4,169.4,98.7,Occasional,Occasionally,2,260.87,8.63,13.3,6,137,27,10.0,synthetic_mining_v1__glencore_sa_mining
100414,35,M,Single,3,1,Primary,2.3,4.7,27.2,155.0,65.4,Never,Occasionally,2,217.81,5.82,41.6,6,10,27,3.0,synthetic_mining_v1__glencore_sa_mining
100415,28,M,Divorced,3,1,Tertiary,8.7,7.5,30.3,171.5,89.3,Daily,Occasionally,2,220.82,5.29,21.5,6,66,10,7.0,synthetic_mining_v1__glencore_sa_mining
100416,61,M,Married,1,1,Tertiary,6.6,10.5,30.4,169.0,86.9,Former,Occasionally,0,226.66,5.87,22.6,7,244,23,13.0,synthetic_mining_v1__glencore_sa_mining
100417,36,M,Divorced,2,0,Diploma,2.5,1.4,21.3,162.3,56.0,Former,Occasionally,3,284.22,5.93,15.4,7,82,29,0.0,synthetic_mining_v1__glencore_sa_mining
100418,52,M,Divorced,1,1,Secondary,9.2,3.6,24.0,166.2,66.3,Never,Never,4,254.37,5.55,24.5,8,85,19,1.0,synthetic_mining_v1__glencore_sa_mining
100419,32,M,Single,2,2,Diploma,6.0,13.3,22.4,179.6,72.4,Occasional,Occasionally,2,230.68,7.07,9.8,10,44,21,3.0,synthetic_mining_v1__glencore_sa_mining
100420,39,M,Married,1,1,Secondary,5.2,9.9,27.6,177.3,86.8,Never,Heavy,3,282.27,5.93,13.9,4,50,29,8.0,synthetic_mining_v1__glencore_sa_mining
100421,23,M,Married,0,0,Diploma,4.7,17.7,22.2,162.2,58.4,Occasional,Never,5,181.06,7.22,11.2,6,13,27,1.0,synthetic_mining_v1__glencore_sa_mining
100422,35,M,Married,4,2,Secondary,5.0,25.0,26.6,169.7,76.7,Former,Occasionally,1,191.24,7.15,19.6,6,21,20,1.0,synthetic_mining_v1__glencore_sa_mining
100423,47,F,Divorced,1,0,Secondary,29.3,15.9,27.7,162.0,72.8,Never,Regularly,3,182.27,7.56,4.9,7,313,27,5.0,synthetic_mining_v1__glencore_sa_mining
100424,27,M,Single,2,2,Secondary,13.6,19.5,35.5,187.9,125.4,Daily,Occasionally,3,167.21,7.16,25.5,1,182,24,17.0,synthetic_mining_v1__glencore_sa_mining
100425,48,M,Married,0,0,Diploma,4.8,16.2,24.9,175.6,76.8,Never,Occasionally,1,124.0,6.23,4.2,3,74,18,0.0,synthetic_mining_v1__glencore_sa_mining
100426,41,F,Married,1,0,Secondary,20.2,10.2,30.1,164.1,81.2,Former,Never,1,222.92,5.93,10.2,3,79,15,6.0,synthetic_mining_v1__glencore_sa_mining
100427,29,M,Single,3,0,Secondary,8.1,11.9,31.0,167.0,86.5,Never,Heavy,2,213.37,5.49,13.2,5,150,33,20.0,synthetic_mining_v1__glencore_sa_mining
100428,33,F,Married,0,0,Secondary,9.1,6.8,30.7,160.2,78.8,Never,Never,2,148.21,7.76,15.7,11,98,19,1.0,synthetic_mining_v1__glencore_sa_mining
100429,34,M,Married,3,2,Diploma,13.2,2.8,26.6,152.5,61.9,Never,Never,0,200.28,4.81,49.7,6,110,26,6.0,synthetic_mining_v1__glencore_sa_mining
100430,38,M,Single,3,1,Primary,4.3,17.4,30.7,164.1,82.8,Never,Heavy,3,234.27,6.18,25.1,9,68,21,17.0,synthetic_mining_v1__glencore_sa_mining
100431,33,F,Single,4,2,Primary,3.0,16.9,26.6,149.5,59.5,Never,Occasionally,0,308.71,5.95,3.9,10,135,22,0.0,synthetic_mining_v1__glencore_sa_mining
100432,31,M,Married,4,0,Secondary,5.6,5.2,30.2,171.0,88.2,Daily,Never,1,201.55,7.57,11.5,7,206,22,7.0,synthetic_mining_v1__glencore_sa_mining
100433,35,M,Divorced,2,1,Secondary,3.1,11.4,26.9,182.4,89.4,Daily,Never,1,220.31,7.41,5.4,4,257,19,8.0,synthetic_mining_v1__glencore_sa_mining
100434,29,M,Married,0,0,Secondary,4.9,8.2,22.3,164.8,60.5,Never,Occasionally,2,212.37,5.3,11.2,6,240,28,3.0,synthetic_mining_v1__glencore_sa_mining
100435,26,M,Married,1,1,Diploma,3.6,20.7,31.7,157.2,78.4,Occasional,Occasionally,2,218.16,4.93,23.9,11,107,21,6.0,synthetic_mining_v1__glencore_sa_mining
100436,38,M,Married,3,2,Diploma,4.3,16.7,22.1,175.4,68.0,Never,Never,0,198.99,7.78,7.1,6,150,15,0.0,synthetic_mining_v1__glencore_sa_mining
100437,46,M,Divorced,2,2,Primary,6.9,13.4,29.3,167.5,82.4,Former,Never,1,191.51,6.32,3.3,11,149,20,3.0,synthetic_mining_v1__glencore_sa_mining
100438,24,M,Married,3,0,Secondary,0.8,15.6,26.3,171.1,77.1,Never,Never,5,206.01,5.56,7.5,7,251,30,2.0,synthetic_mining_v1__glencore_sa_mining
100439,38,M,Single,2,1,Tertiary,3.6,10.8,34.5,167.1,96.4,Never,Occasionally,5,197.4,6.52,38.5,8,83,25,12.0,synthetic_mining_v1__glencore_sa_mining
100440,32,F,Married,3,2,Diploma,11.1,27.6,31.7,147.8,69.3,Never,Occasionally,4,224.01,7.39,1.1,6,208,14,1.0,synthetic_mining_v1__glencore_sa_mining
100441,29,M,Single,2,0,Secondary,10.0,12.6,26.4,167.2,73.6,Daily,Occasionally,3,180.14,4.64,17.1,7,64,27,2.0,synthetic_mining_v1__glencore_sa_mining
100442,46,M,Divorced,2,2,Primary,4.1,19.4,26.7,165.1,72.9,Daily,Occasionally,0,173.61,4.86,18.8,5,63,21,18.0,synthetic_mining_v1__glencore_sa_mining
100443,33,F,Married,0,0,Secondary,5.5,9.5,27.3,154.9,65.5,Daily,Heavy,2,231.54,3.65,19.7,5,125,24,69.0,synthetic_mining_v1__glencore_sa_mining
100444,51,M,Married,3,1,Secondary,9.6,6.2,29.9,169.6,86.0,Never,Never,3,205.66,5.36,3.4,7,108,16,1.0,synthetic_mining_v1__glencore_sa_mining
100445,31,F,Divorced,2,2,Secondary,4.0,15.7,24.1,161.6,63.0,Daily,Occasionally,3,270.05,7.19,7.4,5,46,19,0.0,synthetic_mining_v1__glencore_sa_mining
100446,41,M,Married,1,0,Secondary,7.8,47.0,34.3,167.3,95.8,Occasional,Heavy,3,233.25,7.48,17.8,12,86,23,36.0,synthetic_mining_v1__glencore_sa_mining
100447,36,M,Married,1,1,Secondary,1.5,20.8,31.5,176.8,98.5,Daily,Regularly,0,291.19,6.73,6.3,8,102,25,21.0,synthetic_mining_v1__glencore_sa_mining
100448,31,M,Married,4,1,Secondary,3.5,15.4,29.0,172.0,85.7,Daily,Heavy,2,196.32,5.59,43.6,3,62,25,0.0,synthetic_mining_v1__glencore_sa_mining
100449,43,M,Married,1,1,Secondary,10.1,28.5,27.1,166.1,74.8,Occasional,Never,4,188.06,6.51,27.8,4,85,16,0.0,synthetic_mining_v1__glencore_sa_mining
100450,37,M,Single,0,0,Primary,24.9,28.4,27.9,165.6,76.5,Never,Occasionally,0,261.41,7.44,15.0,6,83,24,9.0,synthetic_mining_v1__glencore_sa_mining
100451,43,M,Single,1,0,Secondary,6.4,5.1,21.4,177.0,67.1,Never,Never,2,160.91,7.21,39.5,6,178,22,1.0,synthetic_mining_v1__glencore_sa_mining
100452,38,F,Married,1,1,Primary,2.4,10.2,29.1,159.4,73.9,Former,Occasionally,3,177.3,7.15,30.7,8,105,27,0.0,synthetic_mining_v1__glencore_sa_mining
100453,28,M,Married,1,0,Secondary,8.0,15.0,34.4,175.7,106.2,Former,Regularly,2,242.2,5.51,9.8,13,109,30,18.0,synthetic_mining_v1__glencore_sa_mining
100454,37,M,Widowed,3,1,Secondary,4.8,16.7,34.9,177.9,110.5,Never,Never,1,228.93,5.53,27.1,8,41,27,11.0,synthetic_mining_v1__glencore_sa_mining
100455,38,F,Married,2,1,Primary,12.3,24.6,21.6,170.6,62.8,Former,Never,0,283.27,6.62,6.8,7,145,28,0.0,synthetic_mining_v1__glencore_sa_mining
100456,47,M,Married,2,0,Secondary,3.4,25.8,27.5,162.2,72.3,Daily,Never,2,251.7,7.34,79.5,10,40,29,69.0,synthetic_mining_v1__glencore_sa_mining
100457,30,M,Single,0,0,Secondary,0.9,8.4,30.0,163.3,80.1,Never,Regularly,2,166.29,8.17,12.7,7,81,30,1.0,synthetic_mining_v1__glencore_sa_mining
100458,38,M,Married,1,1,Diploma,9.2,39.7,26.7,171.8,79.0,Occasional,Regularly,0,213.65,5.83,27.9,7,60,27,10.0,synthetic_mining_v1__glencore_sa_mining
100459,23,M,Married,3,1,Secondary,8.5,29.6,23.6,177.7,74.7,Former,Regularly,5,193.76,5.99,12.8,11,142,28,2.0,synthetic_mining_v1__glencore_sa_mining
100460,44,M,Divorced,1,1,Diploma,12.4,9.0,21.7,166.7,60.3,Never,Occasionally,6,217.87,8.26,15.0,5,69,23,0.0,synthetic_mining_v1__glencore_sa_mining
100461,28,M,Single,1,1,Diploma,11.6,19.7,36.0,177.1,112.9,Never,Occasionally,2,287.3,7.84,18.3,8,128,21,9.0,synthetic_mining_v1__glencore_sa_mining
100462,22,M,Married,3,1,Secondary,4.2,1.1,25.0,162.9,66.3,Former,Never,5,232.15,5.79,44.0,12,133,28,0.0,synthetic_mining_v1__glencore_sa_mining
100463,37,F,Divorced,1,1,Secondary,4.2,25.0,29.7,154.7,70.9,Daily,Never,5,215.67,6.61,13.5,6,79,17,0.0,synthetic_mining_v1__glencore_sa_mining
100464,48,M,Single,1,1,Secondary,9.7,24.1,25.5,166.2,70.6,Occasional,Never,3,237.28,5.53,18.5,7,31,25,10.0,synthetic_mining_v1__glencore_sa_mining
100465,24,M,Married,0,0,Secondary,3.0,27.6,20.6,174.0,62.5,Daily,Never,1,190.01,6.55,10.6,5,339,13,0.0,synthetic_mining_v1__glencore_sa_mining
100466,28,M,Single,1,1,Diploma,11.4,14.6,17.8,169.0,50.7,Daily,Regularly,1,167.61,5.01,31.4,8,27,25,0.0,synthetic_mining_v1__glencore_sa_mining
100467,31,M,Married,1,0,Secondary,20.1,8.1,32.7,162.9,86.8,Never,Regularly,6,290.83,5.11,32.4,8,52,30,7.0,synthetic_mining_v1__glencore_sa_mining
100468,28,M,Widowed,4,2,Diploma,2.0,11.3,26.1,170.3,75.6,Never,Heavy,0,136.12,5.03,9.3,5,156,22,7.0,synthetic_mining_v1__glencore_sa_mining
100469,41,M,Single,2,0,Secondary,7.1,24.6,26.7,165.1,72.7,Occasional,Never,1,245.39,8.31,18.1,9,161,22,0.0,synthetic_mining_v1__glencore_sa_mining
100470,31,M,Married,4,1,Secondary,4.2,10.7,36.9,167.8,103.9,Former,Occasionally,0,252.16,6.54,21.1,10,139,21,25.0,synthetic_mining_v1__glencore_sa_mining
100471,32,M,Single,2,2,Diploma,4.5,16.4,33.8,172.6,100.8,Never,Occasionally,0,314.04,6.55,19.7,6,107,34,11.0,synthetic_mining_v1__glencore_sa_mining
100472,43,M,Married,0,0,Secondary,6.5,8.4,20.4,163.8,54.7,Never,Never,0,221.8,6.44,17.5,6,98,25,1.0,synthetic_mining_v1__glencore_sa_mining
100473,31,M,Married,2,0,Primary,1.5,30.5,27.7,175.6,85.5,Former,Occasionally,0,320.99,6.13,37.7,10,90,38,0.0,synthetic_mining_v1__glencore_sa_mining
100474,42,M,Married,0,0,Primary,23.4,10.5,30.3,170.3,87.9,Former,Regularly,0,182.68,6.04,9.7,7,80,20,4.0,synthetic_mining_v1__glencore_sa_mining
100475,29,F,Married,2,0,Diploma,4.9,50.0,33.1,155.8,80.4,Former,Regularly,3,254.95,9.02,35.6,10,143,29,39.0,synthetic_mining_v1__glencore_sa_mining
100476,27,F,Single,0,0,Secondary,8.9,18.0,29.5,157.1,72.9,Occasional,Regularly,0,234.56,7.67,38.3,8,53,18,3.0,synthetic_mining_v1__glencore_sa_mining
100477,21,M,Single,1,1,Diploma,6.0,15.8,30.5,189.6,109.7,Never,Regularly,3,205.17,5.43,16.5,7,100,20,2.0,synthetic_mining_v1__glencore_sa_mining
100478,55,F,Single,0,0,Secondary,12.0,24.1,22.2,159.3,56.3,Never,Regularly,1,181.97,7.47,4.2,11,91,24,2.0,synthetic_mining_v1__glencore_sa_mining
100479,35,M,Married,0,0,Diploma,2.0,13.3,22.9,169.9,66.1,Never,Regularly,5,277.15,7.38,14.8,3,45,18,0.0,synthetic_mining_v1__glencore_sa_mining
100480,40,M,Single,1,0,Tertiary,3.4,26.2,35.2,181.3,115.7,Daily,Regularly,1,239.18,6.46,32.9,7,249,19,47.0,synthetic_mining_v1__glencore_sa_mining
100481,38,F,Single,3,0,Diploma,7.6,23.1,23.1,160.4,59.4,Never,Regularly,3,221.16,5.62,68.2,13,195,30,10.0,synthetic_mining_v1__glencore_sa_mining
100482,39,M,Married,0,0,Tertiary,14.6,10.4,17.4,166.2,48.0,Never,Never,1,218.08,7.93,5.6,10,118,22,0.0,synthetic_mining_v1__glencore_sa_mining
100483,38,M,Married,0,0,Secondary,6.8,54.9,16.0,183.9,54.1,Daily,Never,1,193.9,6.53,1.2,6,55,16,4.0,synthetic_mining_v1__glencore_sa_mining
100484,55,M,Single,0,0,Secondary,12.1,1.5,27.6,165.5,75.5,Never,Regularly,2,132.44,6.19,2.5,4,43,15,1.0,synthetic_mining_v1__glencore_sa_mining
100485,29,M,Married,1,1,Secondary,7.0,69.9,28.7,169.0,82.0,Occasional,Regularly,2,219.56,5.54,8.5,4,70,14,3.0,synthetic_mining_v1__glencore_sa_mining
100486,24,M,Married,1,1,Primary,8.9,4.7,29.9,175.6,92.2,Never,Occasionally,1,170.1,6.1,15.0,9,82,24,0.0,synthetic_mining_v1__glencore_sa_mining
100487,29,M,Married,1,0,Primary,5.0,10.0,30.0,172.7,89.4,Daily,Regularly,3,288.56,7.17,16.2,4,41,18,31.0,synthetic_mining_v1__glencore_sa_mining
100488,26,M,Single,3,0,Primary,7.2,7.8,28.5,165.4,78.1,Former,Occasionally,3,221.95,4.8,19.8,9,17,17,2.0,synthetic_mining_v1__glencore_sa_mining
100489,45,M,Single,1,1,Secondary,9.4,10.1,22.0,180.0,71.4,Occasional,Occasionally,0,190.15,8.37,14.0,9,38,21,2.0,synthetic_mining_v1__glencore_sa_mining
100490,45,M,Married,3,1,Secondary,13.5,17.1,26.1,169.4,75.0,Occasional,Never,1,213.43,7.96,18.2,9,268,25,0.0,synthetic_mining_v1__glencore_sa_mining
100491,29,M,Single,1,1,Secondary,2.1,11.4,23.9,161.4,62.3,Former,Occasionally,4,279.61,6.71,43.5,6,115,27,0.0,synthetic_mining_v1__glencore_sa_mining
100492,25,M,Married,0,0,Secondary,12.3,12.9,20.1,183.3,67.6,Never,Regularly,2,166.03,7.57,5.0,7,47,15,0.0,synthetic_mining_v1__glencore_sa_mining
100493,35,M,Married,2,0,Secondary,5.0,17.8,28.9,163.0,76.8,Former,Never,4,154.02,5.44,21.2,7,20,16,1.0,synthetic_mining_v1__glencore_sa_mining
100494,51,M,Married,3,0,Secondary,11.6,5.9,23.2,182.3,77.2,Never,Never,3,255.54,4.84,15.8,9,167,24,3.0,synthetic_mining_v1__glencore_sa_mining
100495,19,M,Married,0,0,Diploma,3.2,22.0,27.8,165.8,76.4,Occasional,Never,3,263.41,7.23,22.2,4,100,19,2.0,synthetic_mining_v1__glencore_sa_mining
100496,43,M,Single,0,0,Diploma,0.5,4.1,27.4,167.9,77.3,Daily,Occasionally,2,235.84,6.43,2.1,7,89,23,3.0,synthetic_mining_v1__glencore_sa_mining
100497,28,M,Married,3,0,Secondary,7.9,12.1,25.3,161.4,66.0,Never,Heavy,2,232.21,7.36,39.9,9,23,32,9.0,synthetic_mining_v1__glencore_sa_mining
100498,47,M,Married,0,0,Diploma,1.7,1.0,23.5,164.4,63.5,Never,Never,4,259.0,4.87,3.2,13,147,20,0.0,synthetic_mining_v1__glencore_sa_mining
100499,28,F,Married,2,2,Diploma,10.1,24.5,24.0,164.2,64.6,Never,Occasionally,2,180.64,5.32,21.3,9,56,18,5.0,synthetic_mining_v1__glencore_sa_mining
100500,35,M,Married,2,1,Secondary,8.4,13.9,28.0,166.7,77.7,Former,Occasionally,1,193.24,5.32,67.9,5,177,33,14.0,synthetic_mining_v1__glencore_sa_mining
100501,24,M,Single,0,0,Secondary,4.7,23.9,27.5,169.1,78.5,Occasional,Occasionally,1,182.35,6.82,7.9,5,34,13,3.0,synthetic_mining_v1__glencore_sa_mining
100502,29,M,Divorced,1,1,Secondary,15.0,18.4,32.0,166.3,88.5,Occasional,Regularly,3,163.75,4.71,14.3,4,16,13,5.0,synthetic_mining_v1__glencore_sa_mining
100503,50,M,Divorced,3,0,Diploma,12.2,12.9,37.5,166.3,103.7,Occasional,Never,2,249.1,6.87,20.0,1,86,21,0.0,synthetic_mining_v1__glencore_sa_mining
100504,45,M,Single,2,0,Primary,5.5,27.4,26.5,166.5,73.4,Never,Never,0,195.15,5.72,22.4,4,285,21,4.0,synthetic_mining_v1__glencore_sa_mining
100505,34,M,Married,1,1,Primary,14.8,36.6,22.8,166.7,63.4,Former,Never,2,251.84,7.33,17.7,10,185,21,4.0,synthetic_mining_v1__glencore_sa_mining
100506,30,F,Married,1,1,Primary,11.1,10.0,27.6,152.8,64.5,Former,Occasionally,3,214.47,7.54,1.9,5,36,19,0.0,synthetic_mining_v1__glencore_sa_mining
100507,21,M,Married,0,0,Diploma,15.7,9.5,21.0,162.9,55.7,Former,Regularly,0,125.48,5.89,25.4,6,242,27,0.0,synthetic_mining_v1__glencore_sa_mining
100508,34,M,Single,1,0,Primary,13.2,17.4,30.6,174.8,93.5,Never,Never,2,267.99,6.96,10.3,6,25,16,2.0,synthetic_mining_v1__glencore_sa_mining
100509,38,M,Married,2,1,Tertiary,2.4,4.1,23.7,171.6,69.8,Former,Occasionally,4,160.59,6.08,6.4,4,73,17,0.0,synthetic_mining_v1__glencore_sa_mining
100510,37,M,Married,2,0,Diploma,3.3,2.4,31.2,163.4,83.4,Never,Regularly,3,193.64,4.64,24.9,8,20,25,11.0,synthetic_mining_v1__glencore_sa_mining
100511,37,M,Single,3,0,Secondary,2.6,18.4,25.8,164.3,69.7,Never,Occasionally,5,187.45,5.28,12.2,5,26,25,1.0,synthetic_mining_v1__glencore_sa_mining
100512,28,M,Married,0,0,Secondary,5.3,9.0,19.9,172.4,59.2,Occasional,Never,2,229.34,7.05,4.8,6,107,19,0.0,synthetic_mining_v1__glencore_sa_mining
100513,37,M,Married,1,1,Secondary,21.7,6.5,33.5,166.4,92.6,Daily,Never,1,148.5,5.77,24.8,7,215,21,35.0,synthetic_mining_v1__glencore_sa_mining
100514,38,F,Married,2,2,Diploma,2.1,5.6,31.7,153.7,74.9,Daily,Regularly,0,278.31,9.23,57.6,5,199,28,69.0,synthetic_mining_v1__glencore_sa_mining
100515,50,F,Divorced,1,1,Secondary,1.5,9.1,26.0,166.9,72.4,Occasional,Regularly,1,161.01,5.35,58.0,5,9,23,3.0,synthetic_mining_v1__glencore_sa_mining
100516,55,M,Married,1,0,Secondary,3.5,1.9,27.3,168.0,77.1,Daily,Regularly,3,176.93,6.6,23.7,4,22,19,14.0,synthetic_mining_v1__glencore_sa_mining
100517,37,M,Married,3,1,Secondary,1.9,47.9,27.3,162.9,72.5,Daily,Regularly,4,216.92,6.3,9.9,3,58,21,5.0,synthetic_mining_v1__glencore_sa_mining
100518,31,F,Divorced,0,0,Secondary,7.4,3.3,33.0,164.0,88.9,Daily,Occasionally,0,352.86,6.86,13.8,5,97,28,0.0,synthetic_mining_v1__glencore_sa_mining
100519,37,F,Divorced,1,1,Secondary,1.1,5.7,19.5,147.1,42.2,Occasional,Regularly,5,191.87,6.99,43.6,6,21,24,0.0,synthetic_mining_v1__glencore_sa_mining
100520,33,M,Married,2,2,Primary,3.3,10.4,24.2,158.2,60.5,Occasional,Regularly,1,140.09,7.35,13.3,5,74,15,0.0,synthetic_mining_v1__glencore_sa_mining
100521,31,F,Single,1,0,Secondary,16.0,9.2,25.1,162.5,66.3,Former,Occasionally,2,262.96,6.83,13.1,9,120,23,3.0,synthetic_mining_v1__glencore_sa_mining
100522,37,M,Married,4,2,Secondary,16.7,23.6,32.6,159.2,82.7,Daily,Never,3,211.26,6.58,2.0,8,47,14,0.0,synthetic_mining_v1__glencore_sa_mining
100523,29,M,Married,2,2,Tertiary,4.7,6.8,25.1,166.7,69.9,Daily,Occasionally,0,141.57,6.79,10.8,5,6,15,0.0,synthetic_mining_v1__glencore_sa_mining
100524,43,M,Married,1,1,Primary,1.3,27.9,21.6,183.0,72.5,Never,Occasionally,1,191.22,5.67,6.5,6,274,21,1.0,synthetic_mining_v1__glencore_sa_mining
100525,37,M,Married,4,1,Primary,10.0,6.8,21.7,177.5,68.4,Daily,Never,3,264.77,7.73,1.9,5,94,9,7.0,synthetic_mining_v1__glencore_sa_mining
100526,40,M,Married,1,0,Secondary,11.4,21.6,24.8,170.4,72.1,Never,Occasionally,1,189.59,8.18,6.3,3,196,21,1.0,synthetic_mining_v1__glencore_sa_mining
100527,36,M,Married,2,1,Secondary,0.9,13.1,25.4,179.9,82.1,Never,Regularly,3,212.78,5.13,1.6,4,102,9,2.0,synthetic_mining_v1__glencore_sa_mining
100528,31,M,Single,1,1,Secondary,10.8,4.1,22.6,177.4,71.1,Never,Occasionally,2,258.35,7.27,11.2,15,73,21,1.0,synthetic_mining_v1__glencore_sa_mining
100529,29,M,Divorced,3,2,Tertiary,6.6,11.0,32.8,180.6,106.9,Never,Regularly,2,175.03,4.89,5.8,5,64,13,0.0,synthetic_mining_v1__glencore_sa_mining
100530,36,M,Divorced,4,2,Secondary,4.4,5.6,32.9,169.2,94.2,Former,Occasionally,3,147.59,7.09,8.9,8,9,18,2.0,synthetic_mining_v1__glencore_sa_mining
100531,33,M,Married,4,0,Secondary,1.4,19.7,30.0,170.9,87.6,Never,Regularly,2,243.63,8.28,1.5,9,279,21,12.0,synthetic_mining_v1__glencore_sa_mining
100532,40,M,Married,0,0,Secondary,6.8,6.6,32.6,185.5,112.2,Never,Never,3,271.48,4.97,10.1,7,4,21,4.0,synthetic_mining_v1__glencore_sa_mining
100533,38,M,Single,2,2,Secondary,9.0,33.0,29.5,159.6,75.2,Never,Never,2,250.69,6.09,12.8,10,130,22,15.0,synthetic_mining_v1__glencore_sa_mining
100534,26,M,Divorced,1,0,Secondary,1.9,25.7,19.2,178.4,61.1,Former,Occasionally,4,207.93,7.51,34.8,6,125,20,1.0,synthetic_mining_v1__glencore_sa_mining
100535,39,M,Married,1,1,Tertiary,4.2,8.8,23.7,169.4,67.9,Never,Regularly,7,295.32,6.86,3.2,7,142,24,3.0,synthetic_mining_v1__glencore_sa_mining
100536,26,M,Married,0,0,Diploma,8.9,12.7,33.2,163.9,89.3,Daily,Occasionally,2,209.25,6.4,8.2,8,178,18,25.0,synthetic_mining_v1__glencore_sa_mining
100537,32,F,Single,1,1,Secondary,6.4,15.1,28.2,159.5,71.8,Never,Never,2,265.14,6.42,10.2,4,87,23,0.0,synthetic_mining_v1__glencore_sa_mining
100538,35,M,Single,0,0,Diploma,8.0,20.4,29.1,165.8,80.1,Never,Never,1,263.76,5.9,11.3,9,102,29,4.0,synthetic_mining_v1__glencore_sa_mining
100539,19,F,Married,2,1,Secondary,7.4,15.6,25.3,159.2,64.1,Occasional,Never,5,247.66,7.26,10.2,7,140,17,3.0,synthetic_mining_v1__glencore_sa_mining
100540,39,M,Married,1,1,Primary,5.8,5.8,25.8,173.3,77.5,Former,Never,1,263.46,5.96,43.7,5,174,27,2.0,synthetic_mining_v1__glencore_sa_mining
100541,39,M,Widowed,2,2,Secondary,7.0,26.7,23.8,171.0,69.5,Occasional,Occasionally,5,272.85,8.65,4.4,7,41,14,1.0,synthetic_mining_v1__glencore_sa_mining
100542,37,M,Married,2,0,Diploma,14.8,11.8,28.5,165.4,77.9,Former,Occasionally,6,193.75,6.63,31.9,9,83,22,2.0,synthetic_mining_v1__glencore_sa_mining
100543,34,M,Married,1,1,Diploma,3.9,1.7,20.5,178.3,65.0,Former,Occasionally,0,233.18,6.3,12.3,11,164,16,2.0,synthetic_mining_v1__glencore_sa_mining
100544,35,M,Married,1,0,Secondary,14.8,12.9,27.4,171.6,80.7,Never,Never,4,177.24,7.36,37.0,6,217,31,2.0,synthetic_mining_v1__glencore_sa_mining
100545,29,M,Single,4,1,Secondary,6.4,24.6,22.8,184.9,77.9,Former,Regularly,0,219.42,6.48,18.7,7,176,22,5.0,synthetic_mining_v1__glencore_sa_mining
100546,36,M,Married,3,2,Secondary,5.6,10.2,20.1,163.3,53.6,Never,Occasionally,1,236.23,7.91,22.0,5,29,9,0.0,synthetic_mining_v1__glencore_sa_mining
100547,33,M,Married,0,0,Secondary,10.0,33.1,21.4,174.6,65.2,Daily,Never,4,262.52,6.11,8.4,8,95,19,2.0,synthetic_mining_v1__glencore_sa_mining
100548,39,M,Single,1,1,Secondary,3.0,25.6,30.3,155.6,73.4,Daily,Occasionally,1,282.32,4.99,3.9,4,112,23,28.0,synthetic_mining_v1__glencore_sa_mining
100549,27,M,Married,1,1,Secondary,31.1,35.4,27.0,175.4,83.1,Daily,Never,2,253.28,6.02,15.6,6,55,17,2.0,synthetic_mining_v1__glencore_sa_mining
100550,40,M,Single,1,0,Secondary,10.1,36.3,25.1,172.0,74.3,Never,Occasionally,1,215.25,5.33,60.5,7,198,20,0.0,synthetic_mining_v1__glencore_sa_mining
100551,39,M,Single,1,1,Secondary,4.8,13.8,29.6,179.5,95.4,Never,Never,3,273.1,6.24,52.2,5,109,30,9.0,synthetic_mining_v1__glencore_sa_mining
100552,37,F,Married,4,1,Primary,7.1,31.2,26.7,150.1,60.1,Never,Regularly,2,207.0,7.66,1.9,9,99,16,6.0,synthetic_mining_v1__glencore_sa_mining
100553,34,M,Married,1,1,Secondary,1.8,23.1,18.8,177.9,59.5,Never,Occasionally,3,169.3,6.19,34.7,6,24,25,1.0,synthetic_mining_v1__glencore_sa_mining
100554,43,F,Married,3,1,Diploma,13.0,12.1,29.3,162.9,77.8,Former,Regularly,3,227.84,6.55,35.2,5,113,27,15.0,synthetic_mining_v1__glencore_sa_mining
100555,23,M,Married,0,0,Diploma,4.5,9.7,30.3,162.0,79.6,Never,Occasionally,7,215.75,6.45,5.9,6,363,17,0.0,synthetic_mining_v1__glencore_sa_mining
100556,42,M,Single,3,1,Secondary,15.7,6.5,29.0,166.4,80.4,Never,Never,2,206.69,7.09,9.1,7,85,16,0.0,synthetic_mining_v1__glencore_sa_mining
100557,40,M,Divorced,1,1,Secondary,4.6,2.2,24.7,169.0,70.7,Occasional,Never,2,207.48,4.39,4.8,9,112,24,6.0,synthetic_mining_v1__glencore_sa_mining
100558,41,M,Single,4,1,Secondary,3.6,38.0,31.0,161.0,80.3,Never,Occasionally,0,266.79,6.87,13.7,4,18,26,4.0,synthetic_mining_v1__glencore_sa_mining
100559,41,M,Single,1,0,Secondary,4.6,17.6,25.2,161.8,66.0,Never,Occasionally,0,252.85,7.03,7.6,4,86,19,0.0,synthetic_mining_v1__glencore_sa_mining
100560,32,M,Single,2,2,Secondary,5.2,29.1,28.7,180.7,93.5,Former,Occasionally,4,233.97,6.75,1.5,7,43,15,3.0,synthetic_mining_v1__glencore_sa_mining
100561,36,M,Married,3,3,Primary,3.2,20.0,22.4,169.0,63.8,Former,Occasionally,3,228.24,5.94,18.6,6,79,17,1.0,synthetic_mining_v1__glencore_sa_mining
100562,44,M,Married,1,1,Diploma,5.3,7.1,27.6,168.8,78.6,Daily,Occasionally,3,248.24,6.47,9.3,7,66,26,8.0,synthetic_mining_v1__glencore_sa_mining
100563,42,M,Divorced,4,1,Secondary,5.5,15.3,23.6,179.2,75.6,Daily,Occasionally,0,219.68,6.03,38.0,8,164,21,30.0,synthetic_mining_v1__glencore_sa_mining
100564,40,M,Married,4,2,Tertiary,9.1,15.2,22.8,177.2,71.7,Never,Never,4,216.23,6.77,24.5,7,88,16,1.0,synthetic_mining_v1__glencore_sa_mining
100565,24,F,Married,2,1,Primary,8.8,28.0,32.2,155.5,77.8,Occasional,Occasionally,2,234.99,6.28,16.9,10,92,18,11.0,synthetic_mining_v1__glencore_sa_mining
100566,43,M,Married,2,2,Primary,14.2,23.5,27.0,175.3,82.9,Daily,Never,3,145.47,8.44,25.9,9,47,27,6.0,synthetic_mining_v1__glencore_sa_mining
100567,49,F,Divorced,2,1,Secondary,2.2,26.0,27.3,149.7,61.2,Daily,Occasionally,4,293.8,6.5,8.3,6,121,17,35.0,synthetic_mining_v1__glencore_sa_mining
100568,47,M,Divorced,5,0,Primary,2.6,24.1,20.2,154.1,47.9,Daily,Never,3,223.38,5.84,6.7,5,106,22,0.0,synthetic_mining_v1__glencore_sa_mining
100569,40,M,Married,1,0,Secondary,8.6,21.3,28.7,171.8,84.8,Never,Never,2,166.19,7.04,13.6,9,19,22,2.0,synthetic_mining_v1__glencore_sa_mining
100570,24,M,Married,2,2,Secondary,4.1,18.8,23.7,174.9,72.6,Never,Heavy,1,197.22,6.11,25.8,7,171,25,12.0,synthetic_mining_v1__glencore_sa_mining
100571,46,M,Single,4,2,Primary,7.4,11.7,27.8,186.4,96.4,Former,Occasionally,0,199.72,6.71,6.4,6,247,19,12.0,synthetic_mining_v1__glencore_sa_mining
100572,37,M,Married,1,1,Diploma,8.7,36.2,25.2,164.8,68.3,Daily,Occasionally,5,238.7,5.35,40.4,5,76,27,8.0,synthetic_mining_v1__glencore_sa_mining
100573,19,M,Married,3,1,Diploma,14.2,32.1,27.8,165.5,76.0,Never,Never,1,224.69,7.01,4.2,8,196,19,1.0,synthetic_mining_v1__glencore_sa_mining
100574,41,M,Single,1,0,Secondary,1.2,11.5,26.8,163.1,71.4,Daily,Heavy,3,252.62,6.79,18.6,6,86,18,24.0,synthetic_mining_v1__glencore_sa_mining
100575,25,M,Married,1,1,Secondary,5.4,6.2,21.3,187.0,74.5,Daily,Regularly,1,254.74,7.36,31.2,11,80,27,11.0,synthetic_mining_v1__glencore_sa_mining
100576,26,M,Married,3,2,Secondary,6.1,50.3,29.9,167.3,83.6,Former,Occasionally,4,280.6,5.95,24.0,6,88,30,4.0,synthetic_mining_v1__glencore_sa_mining
100577,32,M,Married,2,0,Primary,11.9,18.2,36.8,173.4,110.7,Occasional,Regularly,0,251.6,4.95,11.6,11,28,27,74.0,synthetic_mining_v1__glencore_sa_mining
100578,49,M,Single,1,1,Secondary,4.9,32.7,22.8,166.4,63.2,Never,Regularly,4,224.93,7.64,12.3,8,158,24,1.0,synthetic_mining_v1__glencore_sa_mining
100579,35,M,Married,1,1,Tertiary,7.7,18.5,31.9,160.2,82.0,Occasional,Regularly,0,237.82,6.37,31.9,13,90,24,18.0,synthetic_mining_v1__glencore_sa_mining
100580,40,M,Divorced,5,0,Primary,4.8,3.2,29.1,161.5,75.8,Never,Occasionally,1,164.84,5.45,3.3,6,73,22,1.0,synthetic_mining_v1__glencore_sa_mining
100581,54,M,Married,1,1,Secondary,10.2,5.8,26.5,172.0,78.5,Never,Regularly,0,220.59,6.39,7.2,7,247,21,0.0,synthetic_mining_v1__glencore_sa_mining
100582,52,M,Divorced,2,0,Secondary,1.9,14.7,30.7,171.5,90.5,Daily,Never,0,280.43,7.95,25.5,6,193,32,120.0,synthetic_mining_v1__glencore_sa_mining
100583,37,F,Divorced,0,0,Secondary,0.2,14.2,27.7,154.8,66.3,Former,Occasionally,3,232.96,7.36,5.8,5,51,18,4.0,synthetic_mining_v1__glencore_sa_mining
100584,36,F,Married,0,0,Diploma,2.3,41.4,25.6,155.4,61.7,Former,Regularly,4,240.15,6.14,13.9,8,76,23,6.0,synthetic_mining_v1__glencore_sa_mining
100585,27,M,Married,1,0,Secondary,9.4,5.7,25.8,171.9,76.3,Occasional,Regularly,5,282.6,5.82,25.8,8,135,25,0.0,synthetic_mining_v1__glencore_sa_mining
100586,32,F,Married,2,2,Diploma,5.2,15.5,38.3,149.3,85.4,Never,Occasionally,2,238.15,7.12,1.7,4,239,8,6.0,synthetic_mining_v1__glencore_sa_mining
100587,42,M,Married,1,1,Secondary,5.4,2.3,21.3,177.9,67.3,Never,Never,5,204.51,7.94,42.3,5,107,12,1.0,synthetic_mining_v1__glencore_sa_mining
100588,42,M,Married,4,4,Secondary,8.6,36.9,23.2,173.5,69.8,Daily,Never,3,208.9,5.91,17.0,13,180,23,0.0,synthetic_mining_v1__glencore_sa_mining
100589,39,M,Married,2,0,Secondary,6.1,27.6,35.7,163.8,95.8,Never,Heavy,2,229.99,5.55,11.0,9,91,23,12.0,synthetic_mining_v1__glencore_sa_mining
100590,47,M,Divorced,5,0,Secondary,15.1,10.7,19.9,157.0,48.9,Never,Occasionally,0,256.67,7.68,19.1,8,199,22,6.0,synthetic_mining_v1__glencore_sa_mining
100591,31,M,Single,1,0,Diploma,20.6,5.8,22.0,179.4,70.9,Daily,Occasionally,4,180.31,7.36,23.5,7,95,28,1.0,synthetic_mining_v1__glencore_sa_mining
100592,37,M,Single,1,1,Secondary,6.5,21.3,22.0,171.6,64.7,Never,Regularly,3,207.64,7.14,0.7,7,164,14,0.0,synthetic_mining_v1__glencore_sa_mining
100593,45,M,Married,1,0,Secondary,7.0,20.5,32.5,178.3,103.4,Never,Regularly,1,275.87,6.45,21.8,11,55,28,0.0,synthetic_mining_v1__glencore_sa_mining
100594,43,M,Married,2,2,Secondary,3.3,17.2,26.7,169.1,76.3,Never,Regularly,6,203.13,5.72,50.2,11,48,20,4.0,synthetic_mining_v1__glencore_sa_mining
100595,48,M,Married,2,2,Diploma,10.7,23.9,26.7,171.6,78.7,Never,Occasionally,1,181.8,5.67,7.7,11,3,16,0.0,synthetic_mining_v1__glencore_sa_mining
100596,42,M,Married,1,1,Secondary,20.1,57.4,37.2,163.5,99.4,Never,Occasionally,1,250.9,8.3,20.7,10,365,26,0.0,synthetic_mining_v1__glencore_sa_mining
100597,35,M,Single,3,1,Secondary,11.9,10.7,29.8,185.5,102.5,Daily,Regularly,4,278.27,4.21,14.3,7,56,22,24.0,synthetic_mining_v1__glencore_sa_mining
100598,41,M,Married,3,1,Secondary,5.9,5.7,31.3,166.1,86.2,Never,Occasionally,2,173.04,7.21,19.1,8,52,24,5.0,synthetic_mining_v1__glencore_sa_mining
100599,29,M,Divorced,1,1,Diploma,12.9,11.6,27.1,168.5,76.9,Never,Regularly,3,169.56,5.44,7.5,7,60,25,1.0,synthetic_mining_v1__glencore_sa_mining
100600,23,M,Married,0,0,Secondary,7.1,27.4,22.6,157.0,55.6,Occasional,Never,2,250.95,7.58,1.7,10,21,19,1.0,synthetic_mining_v1__glencore_sa_mining
100601,43,M,Single,1,0,Secondary,10.3,2.7,26.8,170.2,77.6,Daily,Occasionally,4,206.57,5.02,2.0,7,107,20,5.0,synthetic_mining_v1__glencore_sa_mining
100602,38,M,Married,1,1,Primary,4.2,6.7,24.5,176.7,76.4,Never,Occasionally,0,240.92,7.63,2.8,13,106,19,2.0,synthetic_mining_v1__glencore_sa_mining
100603,41,M,Married,2,0,Secondary,4.2,11.4,23.1,167.5,64.7,Never,Occasionally,2,229.15,6.21,15.5,6,73,19,1.0,synthetic_mining_v1__glencore_sa_mining
100604,23,M,Married,1,1,Tertiary,9.5,10.8,21.1,167.8,59.4,Never,Occasionally,0,220.53,7.92,23.0,3,85,22,0.0,synthetic_mining_v1__glencore_sa_mining
100605,35,M,Single,0,0,Secondary,18.7,17.3,27.0,167.2,75.5,Never,Never,1,380.0,5.56,11.8,5,78,26,12.0,synthetic_mining_v1__glencore_sa_mining
100606,33,M,Married,3,3,Secondary,3.2,6.2,24.6,169.9,71.0,Daily,Regularly,4,159.49,8.31,10.2,10,70,20,5.0,synthetic_mining_v1__glencore_sa_mining
100607,30,F,Single,2,1,Secondary,15.0,23.0,32.6,155.2,78.7,Never,Never,2,198.56,5.78,49.7,5,51,21,4.0,synthetic_mining_v1__glencore_sa_mining
100608,19,F,Married,1,1,Secondary,23.6,13.0,21.8,163.5,58.2,Never,Never,1,239.35,6.18,0.5,3,228,13,0.0,synthetic_mining_v1__glencore_sa_mining
100609,35,M,Single,3,1,Diploma,3.9,8.3,35.7,169.9,103.2,Occasional,Occasionally,1,215.13,7.58,8.5,5,50,19,5.0,synthetic_mining_v1__glencore_sa_mining
100610,46,M,Married,1,1,Diploma,11.4,17.0,27.2,162.5,71.7,Never,Occasionally,1,274.8,4.67,11.2,3,179,25,4.0,synthetic_mining_v1__glencore_sa_mining
100611,41,F,Married,1,0,Secondary,9.0,64.9,26.7,158.7,67.2,Former,Occasionally,3,175.78,9.02,17.5,8,220,28,0.0,synthetic_mining_v1__glencore_sa_mining
100612,33,M,Married,1,1,Secondary,18.4,14.3,30.2,155.6,73.0,Never,Heavy,4,221.52,5.38,24.1,8,75,24,18.0,synthetic_mining_v1__glencore_sa_mining
100613,38,M,Married,4,0,Diploma,10.8,2.9,30.4,158.3,76.1,Never,Regularly,0,265.42,6.73,24.0,7,16,21,13.0,synthetic_mining_v1__glencore_sa_mining
100614,45,M,Single,2,1,Secondary,6.5,33.4,29.0,172.3,86.2,Daily,Never,0,228.77,5.95,5.9,5,70,12,17.0,synthetic_mining_v1__glencore_sa_mining
100615,19,F,Single,1,1,Secondary,5.4,14.8,34.5,170.3,100.0,Former,Regularly,0,215.75,5.66,3.9,8,71,16,0.0,synthetic_mining_v1__glencore_sa_mining
100616,37,M,Married,1,1,Secondary,4.6,30.8,24.3,174.5,74.0,Never,Never,3,229.58,5.59,7.1,7,60,18,0.0,synthetic_mining_v1__glencore_sa_mining
100617,43,F,Divorced,2,0,Secondary,8.4,14.1,27.9,154.7,66.7,Occasional,Occasionally,1,228.87,7.38,2.6,7,109,22,3.0,synthetic_mining_v1__glencore_sa_mining
100618,44,M,Single,2,0,Secondary,3.0,13.8,34.6,168.0,97.5,Never,Never,4,242.91,5.83,73.4,11,21,22,3.0,synthetic_mining_v1__glencore_sa_mining
100619,53,F,Single,2,2,Secondary,0.8,27.2,21.9,151.2,50.0,Daily,Never,1,224.1,6.5,1.9,5,72,13,0.0,synthetic_mining_v1__glencore_sa_mining
100620,48,F,Widowed,1,1,Tertiary,3.9,39.8,31.4,157.3,77.7,Former,Never,0,141.9,6.96,13.4,8,83,21,4.0,synthetic_mining_v1__glencore_sa_mining
100621,41,M,Married,2,1,Secondary,7.7,5.3,29.2,175.5,89.8,Former,Heavy,0,206.96,5.91,4.0,6,64,18,11.0,synthetic_mining_v1__glencore_sa_mining
100622,41,F,Divorced,1,1,Tertiary,16.3,7.6,22.2,159.3,56.5,Never,Occasionally,4,283.04,5.34,0.3,8,239,17,1.0,synthetic_mining_v1__glencore_sa_mining
100623,45,M,Married,2,1,Secondary,0.9,33.5,24.3,177.9,76.9,Occasional,Never,2,247.9,7.06,11.1,9,132,22,5.0,synthetic_mining_v1__glencore_sa_mining
100624,33,M,Married,2,2,Tertiary,5.3,4.3,25.8,171.8,76.1,Never,Occasionally,2,255.11,5.64,6.9,7,21,17,4.0,synthetic_mining_v1__glencore_sa_mining
100625,38,M,Married,2,1,Diploma,9.7,18.0,28.7,178.5,91.6,Daily,Regularly,1,253.11,6.88,35.3,9,150,35,0.0,synthetic_mining_v1__glencore_sa_mining
100626,46,M,Married,0,0,Secondary,8.0,15.9,21.7,166.1,59.9,Daily,Regularly,3,269.9,5.11,5.2,5,34,18,32.0,synthetic_mining_v1__glencore_sa_mining
100627,56,F,Married,3,0,Primary,3.7,18.3,29.5,162.1,77.5,Occasional,Occasionally,2,176.21,7.28,30.0,11,252,22,9.0,synthetic_mining_v1__glencore_sa_mining
100628,37,F,Single,2,1,Secondary,2.9,30.2,31.8,156.0,77.3,Daily,Occasionally,0,248.35,7.22,18.8,7,105,22,41.0,synthetic_mining_v1__glencore_sa_mining
100629,38,M,Married,2,0,Tertiary,8.6,18.3,30.2,161.8,79.1,Occasional,Heavy,3,179.08,6.69,25.6,7,114,28,18.0,synthetic_mining_v1__glencore_sa_mining
100630,40,M,Single,0,0,Secondary,11.6,11.7,25.5,174.5,77.7,Former,Occasionally,0,213.53,7.11,8.2,6,246,18,3.0,synthetic_mining_v1__glencore_sa_mining
100631,50,M,Single,2,1,Secondary,4.1,10.8,25.0,178.2,79.3,Never,Never,2,180.55,5.97,13.7,5,78,26,2.0,synthetic_mining_v1__glencore_sa_mining
100632,38,M,Married,2,2,Secondary,3.4,12.4,24.6,164.6,66.7,Occasional,Occasionally,2,155.11,5.34,18.7,11,135,24,5.0,synthetic_mining_v1__glencore_sa_mining
100633,51,F,Divorced,3,0,Secondary,13.4,28.6,24.0,157.3,59.4,Daily,Occasionally,3,252.84,7.47,50.4,9,151,21,10.0,synthetic_mining_v1__glencore_sa_mining
100634,29,M,Married,1,1,Secondary,17.5,9.1,30.1,158.7,75.7,Daily,Occasionally,0,248.83,6.81,7.6,6,71,11,9.0,synthetic_mining_v1__glencore_sa_mining
100635,36,M,Married,2,0,Primary,3.5,6.8,21.0,174.5,63.8,Daily,Never,2,201.96,7.28,21.4,9,60,18,2.0,synthetic_mining_v1__glencore_sa_mining
100636,36,M,Married,5,2,Secondary,2.6,2.4,30.7,170.5,89.1,Daily,Occasionally,5,221.9,6.39,9.0,11,320,24,10.0,synthetic_mining_v1__glencore_sa_mining
100637,45,M,Single,0,0,Primary,2.2,41.3,29.7,167.7,83.4,Daily,Never,2,255.76,6.22,8.3,13,183,17,31.0,synthetic_mining_v1__glencore_sa_mining
100638,47,F,Married,4,2,Secondary,12.7,15.8,28.6,162.5,75.6,Never,Never,1,185.25,5.03,29.0,11,146,29,9.0,synthetic_mining_v1__glencore_sa_mining
100639,24,M,Married,0,0,Primary,11.2,7.9,26.0,169.1,74.3,Never,Occasionally,0,270.25,6.16,23.3,0,136,23,1.0,synthetic_mining_v1__glencore_sa_mining
100640,30,M,Married,2,1,Primary,6.1,30.3,25.3,178.8,80.8,Occasional,Never,3,194.03,7.04,1.0,3,47,20,2.0,synthetic_mining_v1__glencore_sa_mining
100641,41,M,Divorced,0,0,Secondary,11.4,12.4,32.2,158.3,80.6,Never,Occasionally,0,181.29,6.08,7.7,6,36,13,4.0,synthetic_mining_v1__glencore_sa_mining
100642,32,F,Single,1,1,Secondary,7.2,24.9,29.9,173.4,90.0,Never,Occasionally,2,272.28,7.36,4.6,5,142,17,3.0,synthetic_mining_v1__glencore_sa_mining
100643,24,M,Married,2,2,Diploma,12.0,52.5,27.8,176.1,86.1,Former,Occasionally,1,316.88,7.08,4.7,5,35,14,10.0,synthetic_mining_v1__glencore_sa_mining
100644,47,F,Single,2,1,Secondary,9.1,20.8,26.6,154.6,63.7,Occasional,Never,2,179.21,5.85,38.9,9,100,20,12.0,synthetic_mining_v1__glencore_sa_mining
100645,42,M,Married,2,0,Secondary,1.3,7.9,23.6,153.4,55.6,Former,Occasionally,0,241.18,8.99,9.7,7,101,17,1.0,synthetic_mining_v1__glencore_sa_mining
100646,42,M,Married,3,1,Secondary,5.4,16.2,27.8,171.7,82.0,Daily,Occasionally,5,203.4,6.79,14.1,7,107,18,0.0,synthetic_mining_v1__glencore_sa_mining
100647,34,M,Single,0,0,Secondary,7.9,27.2,31.9,170.6,92.8,Daily,Occasionally,2,237.54,7.64,18.8,5,116,21,13.0,synthetic_mining_v1__glencore_sa_mining
100648,47,M,Married,0,0,Diploma,8.1,16.4,25.0,182.9,83.8,Former,Occasionally,2,223.57,6.31,6.8,8,109,22,2.0,synthetic_mining_v1__glencore_sa_mining
100649,36,M,Married,2,1,Secondary,8.1,24.4,31.8,172.4,94.4,Daily,Occasionally,5,293.32,5.46,7.8,9,135,24,30.0,synthetic_mining_v1__glencore_sa_mining
100650,48,M,Married,1,1,Secondary,2.2,10.7,27.3,166.1,75.2,Daily,Never,0,198.01,6.76,3.0,3,278,15,3.0,synthetic_mining_v1__glencore_sa_mining
100651,30,M,Single,2,2,Secondary,1.6,11.7,25.0,165.0,68.1,Occasional,Regularly,1,254.19,5.66,40.4,5,85,31,13.0,synthetic_mining_v1__glencore_sa_mining
100652,30,M,Married,2,1,Primary,3.3,2.0,29.4,165.7,80.8,Never,Never,3,218.37,6.75,12.2,5,26,12,2.0,synthetic_mining_v1__glencore_sa_mining
100653,40,M,Single,0,0,Secondary,2.4,6.9,32.8,161.4,85.6,Former,Occasionally,3,146.61,7.55,10.8,12,27,25,2.0,synthetic_mining_v1__glencore_sa_mining
100654,32,M,Married,0,0,Primary,5.1,25.2,30.2,167.4,84.6,Former,Never,0,202.8,6.81,52.0,3,118,21,3.0,synthetic_mining_v1__glencore_sa_mining
100655,44,M,Married,4,3,Tertiary,8.2,17.5,34.5,157.3,85.4,Never,Occasionally,4,257.89,7.2,5.9,5,104,19,0.0,synthetic_mining_v1__glencore_sa_mining
100656,40,M,Single,2,0,Secondary,5.2,14.1,27.3,170.9,79.8,Daily,Regularly,3,262.55,6.89,38.1,10,142,27,0.0,synthetic_mining_v1__glencore_sa_mining
100657,30,M,Widowed,0,0,Secondary,1.9,3.4,23.5,170.7,68.5,Daily,Regularly,2,122.78,6.49,42.7,7,38,24,5.0,synthetic_mining_v1__glencore_sa_mining
100658,39,F,Single,1,1,Tertiary,6.8,37.3,28.2,152.7,65.7,Never,Regularly,2,237.47,7.52,21.7,8,55,22,3.0,synthetic_mining_v1__glencore_sa_mining
100659,35,F,Married,1,0,Secondary,2.9,6.9,30.5,163.9,81.9,Never,Occasionally,2,271.13,5.74,19.7,7,68,21,7.0,synthetic_mining_v1__glencore_sa_mining
100660,46,M,Single,1,0,Diploma,4.1,24.0,27.6,183.2,92.6,Never,Occasionally,1,205.07,9.13,3.0,7,95,14,1.0,synthetic_mining_v1__glencore_sa_mining
100661,32,M,Single,2,1,Tertiary,8.5,9.3,30.8,170.5,89.5,Occasional,Heavy,0,199.09,4.81,4.9,10,100,27,10.0,synthetic_mining_v1__glencore_sa_mining
100662,34,F,Married,0,0,Secondary,8.5,27.3,24.3,156.1,59.1,Daily,Heavy,2,183.1,9.65,5.1,6,133,25,10.0,synthetic_mining_v1__glencore_sa_mining
100663,49,M,Married,2,2,Secondary,3.9,16.6,21.4,189.7,76.8,Occasional,Regularly,3,298.94,7.65,7.6,8,55,23,29.0,synthetic_mining_v1__glencore_sa_mining
100664,58,M,Single,1,1,Secondary,3.8,24.6,34.4,174.1,104.2,Occasional,Occasionally,5,249.53,7.12,4.3,6,104,22,0.0,synthetic_mining_v1__glencore_sa_mining
100665,56,M,Married,2,2,Tertiary,26.6,14.2,24.8,164.7,67.2,Daily,Regularly,3,284.6,7.73,17.0,9,37,19,25.0,synthetic_mining_v1__glencore_sa_mining
100666,39,M,Divorced,3,1,Primary,11.5,13.8,27.0,168.5,76.5,Occasional,Occasionally,3,238.99,7.72,43.3,5,21,20,2.0,synthetic_mining_v1__glencore_sa_mining
100667,40,M,Married,2,1,Secondary,5.8,23.9,25.8,170.9,75.4,Never,Never,1,154.82,6.41,11.6,6,250,21,1.0,synthetic_mining_v1__glencore_sa_mining
100668,52,M,Single,1,0,Primary,6.4,4.1,25.4,168.0,71.7,Never,Occasionally,2,245.96,6.63,13.8,9,52,20,4.0,synthetic_mining_v1__glencore_sa_mining
100669,37,M,Single,0,0,Secondary,7.1,24.5,31.2,170.3,90.4,Former,Occasionally,0,287.87,6.93,8.4,7,22,19,2.0,synthetic_mining_v1__glencore_sa_mining
100670,29,F,Married,2,2,Primary,17.5,30.5,26.7,162.3,70.4,Daily,Regularly,1,291.61,6.84,9.2,6,179,27,40.0,synthetic_mining_v1__glencore_sa_mining
100671,39,M,Single,1,0,Secondary,6.0,2.9,30.0,177.3,94.2,Daily,Occasionally,6,253.03,4.07,15.0,4,136,23,7.0,synthetic_mining_v1__glencore_sa_mining
100672,42,M,Single,2,2,Tertiary,12.1,50.8,25.5,179.5,82.2,Occasional,Occasionally,3,276.88,8.98,9.2,7,175,19,32.0,synthetic_mining_v1__glencore_sa_mining
100673,31,M,Married,0,0,Primary,6.2,8.8,24.6,178.3,78.0,Former,Never,3,232.35,6.51,27.4,6,244,19,0.0,synthetic_mining_v1__glencore_sa_mining
100674,23,M,Married,1,0,Primary,7.7,27.2,27.3,173.3,81.9,Former,Occasionally,3,224.63,6.28,3.5,6,52,16,2.0,synthetic_mining_v1__glencore_sa_mining
100675,25,F,Single,1,1,Secondary,14.9,40.9,36.9,166.1,101.8,Former,Heavy,1,180.91,8.55,19.4,8,11,18,17.0,synthetic_mining_v1__glencore_sa_mining
100676,44,M,Married,3,3,Primary,12.2,13.6,28.9,168.6,82.3,Occasional,Never,4,254.27,7.74,4.4,3,32,16,4.0,synthetic_mining_v1__glencore_sa_mining
100677,31,M,Married,0,0,Secondary,2.8,35.6,22.6,173.7,68.2,Daily,Regularly,4,271.5,5.41,31.7,8,21,29,25.0,synthetic_mining_v1__glencore_sa_mining
100678,37,M,Married,3,3,Secondary,8.2,0.9,16.0,172.5,47.6,Never,Never,2,203.35,4.52,19.5,6,177,33,1.0,synthetic_mining_v1__glencore_sa_mining
100679,40,M,Married,2,0,Secondary,2.3,13.2,22.7,167.4,63.5,Occasional,Never,1,211.91,6.0,31.0,9,44,28,1.0,synthetic_mining_v1__glencore_sa_mining
100680,44,M,Single,0,0,Secondary,13.5,2.1,25.5,174.3,77.4,Never,Heavy,0,214.54,3.5,8.3,8,71,23,7.0,synthetic_mining_v1__glencore_sa_mining
100681,35,M,Married,0,0,Secondary,6.2,25.2,27.2,162.4,71.8,Former,Occasionally,5,170.51,6.64,31.6,3,25,19,1.0,synthetic_mining_v1__glencore_sa_mining
100682,42,F,Single,2,2,Diploma,10.4,16.2,17.2,162.0,45.1,Former,Never,2,237.11,4.99,37.2,7,12,19,3.0,synthetic_mining_v1__glencore_sa_mining
100683,30,M,Married,0,0,Diploma,3.6,19.1,24.1,180.5,78.4,Daily,Regularly,2,180.98,7.57,4.9,5,30,11,1.0,synthetic_mining_v1__glencore_sa_mining
100684,35,M,Single,2,0,Tertiary,3.2,6.2,17.7,164.4,48.0,Never,Regularly,1,221.12,6.07,6.6,11,48,20,1.0,synthetic_mining_v1__glencore_sa_mining
100685,29,M,Married,0,0,Secondary,7.3,4.9,36.2,161.5,94.5,Never,Occasionally,0,237.5,7.6,21.0,7,226,21,5.0,synthetic_mining_v1__glencore_sa_mining
100686,48,F,Single,4,0,Primary,2.8,7.2,27.4,168.1,77.4,Daily,Occasionally,3,193.69,5.76,22.2,7,57,23,5.0,synthetic_mining_v1__glencore_sa_mining
100687,38,M,Divorced,1,1,Secondary,7.9,11.7,29.9,174.3,90.9,Former,Never,1,198.23,4.69,5.4,6,98,12,2.0,synthetic_mining_v1__glencore_sa_mining
100688,31,M,Married,2,0,Tertiary,6.2,46.3,33.9,164.1,91.4,Never,Occasionally,3,145.69,7.14,7.9,8,128,21,2.0,synthetic_mining_v1__glencore_sa_mining
100689,35,F,Married,2,2,Secondary,4.7,18.0,31.1,174.7,94.9,Occasional,Never,3,212.59,7.07,22.4,12,32,26,7.0,synthetic_mining_v1__glencore_sa_mining
100690,36,F,Married,2,1,Diploma,20.2,17.0,27.3,155.5,65.9,Never,Occasionally,1,260.07,7.11,22.2,10,140,32,13.0,synthetic_mining_v1__glencore_sa_mining
100691,44,M,Married,2,0,Secondary,2.5,10.8,23.1,167.4,64.8,Never,Occasionally,2,289.58,4.92,42.7,7,292,30,0.0,synthetic_mining_v1__glencore_sa_mining
100692,24,F,Married,1,1,Tertiary,2.5,7.2,21.6,160.7,55.9,Never,Occasionally,2,210.03,5.9,28.6,5,51,30,0.0,synthetic_mining_v1__glencore_sa_mining
100693,29,M,Single,2,1,Secondary,3.9,4.5,33.7,174.8,102.9,Former,Occasionally,2,219.93,8.07,14.8,7,49,19,1.0,synthetic_mining_v1__glencore_sa_mining
100694,35,F,Married,0,0,Secondary,14.0,45.0,30.1,165.5,82.5,Never,Occasionally,4,243.16,6.66,19.3,3,116,18,6.0,synthetic_mining_v1__glencore_sa_mining
100695,61,M,Married,2,1,Tertiary,21.8,11.7,26.3,167.9,74.1,Never,Never,2,232.88,5.19,48.0,6,211,29,0.0,synthetic_mining_v1__glencore_sa_mining
100696,47,M,Divorced,1,1,Secondary,2.7,15.2,26.4,161.5,68.9,Daily,Never,0,204.65,6.44,4.0,4,116,10,0.0,synthetic_mining_v1__glencore_sa_mining
100697,37,M,Married,3,0,Diploma,2.7,57.9,25.3,163.7,67.8,Daily,Occasionally,5,187.97,7.15,30.3,7,100,19,4.0,synthetic_mining_v1__glencore_sa_mining
100698,44,M,Single,0,0,Secondary,21.8,4.8,25.7,162.1,67.5,Daily,Regularly,0,258.56,7.03,8.1,5,26,19,0.0,synthetic_mining_v1__glencore_sa_mining
100699,57,F,Married,2,0,Secondary,2.3,9.9,34.1,160.4,87.7,Never,Never,3,229.48,4.25,11.6,6,98,19,0.0,synthetic_mining_v1__glencore_sa_mining
100700,36,M,Married,0,0,Secondary,2.3,34.2,22.4,161.6,58.5,Former,Never,4,284.31,9.2,2.5,10,244,22,3.0,synthetic_mining_v1__glencore_sa_mining
100701,35,M,Single,4,0,Primary,4.9,17.1,32.4,161.8,84.8,Daily,Occasionally,3,272.59,4.99,22.6,2,197,30,27.0,synthetic_mining_v1__glencore_sa_mining
100702,49,M,Single,1,0,Secondary,1.7,1.5,23.2,168.5,66.0,Occasional,Regularly,1,245.33,6.04,10.5,3,26,22,0.0,synthetic_mining_v1__glencore_sa_mining
100703,42,M,Widowed,2,2,Diploma,2.9,22.1,28.5,167.4,79.8,Former,Occasionally,0,266.3,5.04,20.7,4,25,24,6.0,synthetic_mining_v1__glencore_sa_mining
100704,44,M,Married,2,2,Diploma,11.4,12.9,26.6,161.8,69.6,Former,Never,0,205.2,7.63,15.0,5,106,18,1.0,synthetic_mining_v1__glencore_sa_mining
100705,33,F,Married,0,0,Secondary,19.1,10.5,25.8,163.0,68.5,Daily,Never,1,180.39,5.43,89.0,9,61,23,0.0,synthetic_mining_v1__glencore_sa_mining
100706,55,M,Married,1,0,Secondary,3.2,18.5,24.0,159.1,60.8,Former,Regularly,1,246.6,5.38,27.1,6,85,31,8.0,synthetic_mining_v1__glencore_sa_mining
100707,53,M,Single,2,0,Tertiary,8.0,3.6,29.8,174.4,90.5,Never,Heavy,2,293.16,6.85,14.9,9,44,20,13.0,synthetic_mining_v1__glencore_sa_mining
100708,43,F,Married,1,1,Diploma,13.2,57.4,26.9,157.0,66.3,Former,Never,2,215.44,5.1,8.8,4,23,26,4.0,synthetic_mining_v1__glencore_sa_mining
100709,44,M,Single,4,1,Secondary,12.6,19.7,34.6,172.0,102.3,Never,Regularly,0,205.93,5.95,38.3,6,126,23,37.0,synthetic_mining_v1__glencore_sa_mining
100710,20,M,Married,2,1,Diploma,2.8,23.9,24.3,184.0,82.4,Former,Occasionally,2,262.24,7.56,14.0,3,97,19,1.0,synthetic_mining_v1__glencore_sa_mining
100711,44,M,Single,2,2,Secondary,2.9,14.7,32.8,164.8,89.2,Never,Occasionally,3,209.53,5.7,51.9,10,38,27,0.0,synthetic_mining_v1__glencore_sa_mining
100712,36,M,Divorced,2,1,Secondary,9.7,9.3,31.0,171.0,90.6,Daily,Never,0,264.19,5.0,7.6,8,74,29,45.0,synthetic_mining_v1__glencore_sa_mining
100713,42,F,Married,3,3,Secondary,5.2,17.9,21.3,152.8,49.8,Never,Occasionally,0,114.78,7.92,7.6,8,113,16,1.0,synthetic_mining_v1__glencore_sa_mining
100714,44,M,Married,0,0,Diploma,10.5,8.2,27.7,154.7,66.2,Occasional,Occasionally,1,211.84,6.33,20.2,11,71,22,4.0,synthetic_mining_v1__glencore_sa_mining
100715,35,F,Single,3,2,Diploma,8.3,2.9,28.2,157.2,69.7,Former,Regularly,4,271.58,7.66,13.1,7,173,15,0.0,synthetic_mining_v1__glencore_sa_mining
100716,23,M,Married,3,0,Primary,3.0,7.3,39.5,167.9,111.4,Former,Never,4,234.49,5.88,16.3,8,44,16,0.0,synthetic_mining_v1__glencore_sa_mining
100717,41,M,Single,5,2,Diploma,14.9,27.1,37.9,167.6,106.4,Never,Occasionally,4,216.13,7.8,23.8,10,207,21,4.0,synthetic_mining_v1__glencore_sa_mining
100718,31,F,Single,1,1,Secondary,15.9,3.6,26.6,162.9,70.7,Daily,Never,1,304.35,7.04,22.3,7,227,27,17.0,synthetic_mining_v1__glencore_sa_mining
100719,35,M,Married,1,1,Diploma,7.4,1.2,29.3,168.0,82.8,Never,Regularly,4,187.3,7.9,8.4,8,75,11,2.0,synthetic_mining_v1__glencore_sa_mining
100720,33,M,Single,2,2,Secondary,8.4,10.7,16.4,178.3,52.1,Former,Occasionally,0,118.47,5.21,21.6,10,131,20,1.0,synthetic_mining_v1__glencore_sa_mining
100721,35,M,Married,0,0,Primary,5.6,16.6,22.9,162.1,60.3,Never,Occasionally,1,178.97,8.01,53.5,5,141,15,1.0,synthetic_mining_v1__glencore_sa_mining
100722,19,F,Married,0,0,Secondary,8.0,71.9,29.8,151.1,68.1,Occasional,Regularly,4,260.04,7.71,25.6,5,10,16,11.0,synthetic_mining_v1__glencore_sa_mining
100723,49,F,Divorced,1,1,Primary,1.1,7.2,34.9,162.6,92.4,Daily,Never,1,282.65,6.77,20.4,7,39,25,43.0,synthetic_mining_v1__glencore_sa_mining
100724,40,M,Single,0,0,Primary,5.3,5.7,24.9,180.3,81.0,Never,Occasionally,4,266.69,5.43,19.4,10,22,25,0.0,synthetic_mining_v1__glencore_sa_mining
100725,48,M,Married,3,0,Primary,2.4,11.7,24.8,164.7,67.3,Daily,Occasionally,3,237.83,7.53,25.6,8,338,29,20.0,synthetic_mining_v1__glencore_sa_mining
100726,56,M,Widowed,3,0,Diploma,16.6,11.4,23.8,164.6,64.4,Daily,Regularly,2,264.14,4.44,20.0,14,62,33,45.0,synthetic_mining_v1__glencore_sa_mining
100727,38,F,Married,1,1,Secondary,1.6,7.0,35.2,171.0,103.0,Daily,Occasionally,3,173.92,6.03,34.8,6,44,25,0.0,synthetic_mining_v1__glencore_sa_mining
100728,22,M,Single,1,1,Primary,7.3,19.7,25.5,161.0,66.1,Daily,Regularly,2,170.86,4.81,14.0,6,252,17,10.0,synthetic_mining_v1__glencore_sa_mining
100729,30,M,Married,1,1,Primary,8.0,9.7,33.5,167.6,94.2,Never,Occasionally,1,165.06,7.03,5.1,7,195,14,2.0,synthetic_mining_v1__glencore_sa_mining
100730,27,F,Single,2,2,Secondary,5.2,1.3,23.4,161.1,60.9,Never,Heavy,0,239.99,6.75,4.0,5,226,25,2.0,synthetic_mining_v1__glencore_sa_mining
100731,33,M,Married,1,1,Diploma,8.6,11.0,23.4,178.3,74.4,Daily,Never,5,111.55,6.68,19.7,6,160,21,3.0,synthetic_mining_v1__glencore_sa_mining
100732,39,M,Married,1,1,Diploma,15.3,22.8,24.9,165.2,67.9,Former,Never,3,274.2,7.85,9.5,5,225,28,2.0,synthetic_mining_v1__glencore_sa_mining
100733,20,F,Divorced,2,1,Primary,7.1,11.5,33.7,149.1,75.0,Occasional,Occasionally,3,262.45,6.54,25.1,10,113,24,16.0,synthetic_mining_v1__glencore_sa_mining
100734,41,M,Married,2,1,Diploma,2.1,9.2,26.3,172.0,77.9,Occasional,Never,1,289.55,4.86,26.6,5,61,30,0.0,synthetic_mining_v1__glencore_sa_mining
100735,24,M,Married,5,1,Primary,7.4,9.2,28.1,173.7,84.8,Never,Occasionally,1,247.01,8.52,15.9,6,117,24,1.0,synthetic_mining_v1__glencore_sa_mining
100736,41,F,Single,0,0,Secondary,4.6,18.9,26.4,160.7,68.1,Former,Occasionally,0,259.47,7.52,8.8,12,63,24,6.0,synthetic_mining_v1__glencore_sa_mining
100737,37,M,Widowed,1,0,Diploma,4.5,18.3,23.8,167.3,66.6,Former,Occasionally,1,221.61,6.62,36.0,8,121,27,4.0,synthetic_mining_v1__glencore_sa_mining
100738,35,M,Single,1,0,Secondary,5.4,6.2,24.2,170.3,70.1,Never,Regularly,2,253.05,7.66,8.0,2,139,18,1.0,synthetic_mining_v1__glencore_sa_mining
100739,37,M,Married,1,1,Primary,5.5,20.7,25.7,164.8,70.0,Occasional,Never,2,288.15,6.28,29.2,4,24,25,4.0,synthetic_mining_v1__glencore_sa_mining
100740,33,M,Married,2,1,Diploma,7.2,5.8,29.1,168.8,82.7,Never,Never,5,156.85,5.91,45.1,5,88,25,1.0,synthetic_mining_v1__glencore_sa_mining
100741,32,M,Married,2,1,Secondary,11.8,16.5,24.3,168.7,69.1,Daily,Occasionally,3,253.26,6.8,16.9,8,139,21,0.0,synthetic_mining_v1__glencore_sa_mining
100742,23,M,Married,2,1,Secondary,2.0,27.9,31.5,177.1,98.8,Daily,Occasionally,1,216.16,7.69,9.4,7,186,16,11.0,synthetic_mining_v1__glencore_sa_mining
100743,38,M,Single,2,2,Secondary,14.2,20.8,30.2,173.5,91.0,Daily,Regularly,1,217.02,4.72,1.9,5,141,21,22.0,synthetic_mining_v1__glencore_sa_mining
100744,55,F,Married,2,0,Tertiary,13.4,11.2,24.0,148.3,52.8,Occasional,Occasionally,2,199.15,7.32,43.9,6,73,24,4.0,synthetic_mining_v1__glencore_sa_mining
100745,56,M,Single,2,2,Secondary,6.1,20.9,24.7,173.5,74.5,Never,Regularly,0,193.32,6.69,1.1,14,108,22,0.0,synthetic_mining_v1__glencore_sa_mining
100746,50,F,Divorced,3,1,Secondary,4.4,24.7,29.9,157.9,74.6,Never,Regularly,2,255.78,8.02,26.9,4,78,25,16.0,synthetic_mining_v1__glencore_sa_mining
100747,44,M,Divorced,1,0,Secondary,2.4,12.3,20.8,172.4,61.9,Daily,Regularly,2,164.77,6.98,3.2,10,42,18,3.0,synthetic_mining_v1__glencore_sa_mining
100748,32,M,Single,2,0,Secondary,7.6,5.7,26.3,180.4,85.5,Never,Never,2,283.06,6.18,19.2,9,208,30,9.0,synthetic_mining_v1__glencore_sa_mining
100749,51,M,Single,2,2,Tertiary,6.0,17.5,24.9,162.8,65.9,Former,Regularly,1,232.89,4.79,16.8,7,153,28,28.0,synthetic_mining_v1__glencore_sa_mining
100750,37,M,Married,2,2,Primary,26.7,9.5,35.5,182.7,118.5,Never,Occasionally,2,179.23,7.05,31.3,6,89,18,5.0,synthetic_mining_v1__glencore_sa_mining
100751,37,M,Married,2,2,Primary,8.4,4.9,25.9,165.9,71.3,Occasional,Occasionally,4,281.47,6.07,22.8,10,63,30,0.0,synthetic_mining_v1__glencore_sa_mining
100752,35,M,Single,2,1,Secondary,1.4,14.1,22.1,182.3,73.3,Former,Occasionally,0,257.74,5.74,37.4,3,35,26,3.0,synthetic_mining_v1__glencore_sa_mining
100753,39,M,Married,0,0,Diploma,11.4,4.4,28.4,179.4,91.4,Daily,Never,3,269.66,6.86,7.9,7,93,22,13.0,synthetic_mining_v1__glencore_sa_mining
100754,34,F,Married,1,1,Secondary,6.4,35.5,26.3,168.3,74.5,Never,Never,1,282.44,7.43,45.3,8,52,30,6.0,synthetic_mining_v1__glencore_sa_mining
100755,37,M,Married,3,0,Diploma,2.4,7.8,29.7,176.6,92.5,Former,Never,2,210.93,5.04,5.0,10,144,19,4.0,synthetic_mining_v1__glencore_sa_mining
100756,28,M,Divorced,1,1,Primary,9.4,9.2,24.1,168.6,68.4,Daily,Heavy,1,211.75,5.13,5.4,7,54,24,14.0,synthetic_mining_v1__glencore_sa_mining
100757,35,F,Widowed,1,0,Primary,5.3,10.8,31.2,155.1,75.1,Daily,Regularly,3,197.78,7.1,18.7,10,40,19,0.0,synthetic_mining_v1__glencore_sa_mining
100758,59,M,Single,1,1,Secondary,15.5,8.1,21.4,161.0,55.4,Never,Occasionally,1,194.31,7.13,41.4,13,108,30,0.0,synthetic_mining_v1__glencore_sa_mining
100759,37,M,Divorced,1,1,Primary,7.5,0.6,27.0,179.3,86.7,Never,Never,1,179.35,5.63,8.0,8,112,15,1.0,synthetic_mining_v1__glencore_sa_mining
100760,36,M,Divorced,0,0,Secondary,3.5,31.0,30.4,165.2,82.9,Never,Occasionally,2,132.55,6.85,6.5,9,86,13,2.0,synthetic_mining_v1__glencore_sa_mining
100761,43,M,Married,3,1,Diploma,1.8,6.5,30.8,176.1,95.5,Former,Occasionally,0,239.06,5.9,9.6,8,80,23,10.0,synthetic_mining_v1__glencore_sa_mining
100762,44,F,Single,2,0,Primary,11.6,5.8,34.5,164.6,93.5,Never,Never,1,231.11,5.73,5.8,6,171,14,3.0,synthetic_mining_v1__glencore_sa_mining
100763,28,M,Divorced,1,1,Secondary,1.5,28.9,32.2,168.1,91.1,Never,Regularly,3,206.76,6.11,6.5,6,25,21,13.0,synthetic_mining_v1__glencore_sa_mining
100764,36,M,Married,3,2,Diploma,11.6,8.3,33.4,174.9,102.2,Never,Occasionally,2,263.81,6.8,15.6,6,115,32,6.0,synthetic_mining_v1__glencore_sa_mining
100765,46,M,Married,3,2,Diploma,10.2,7.3,23.1,169.2,66.1,Occasional,Never,1,288.13,7.94,51.2,4,258,30,22.0,synthetic_mining_v1__glencore_sa_mining
100766,40,F,Married,2,1,Secondary,5.2,19.2,20.4,157.4,50.5,Former,Occasionally,0,210.15,5.91,90.0,10,365,27,7.0,synthetic_mining_v1__glencore_sa_mining
100767,39,F,Divorced,0,0,Secondary,10.4,10.4,22.5,168.5,63.9,Never,Regularly,0,204.71,6.45,11.3,8,72,20,1.0,synthetic_mining_v1__glencore_sa_mining
100768,52,M,Single,2,2,Secondary,4.6,15.5,19.6,176.2,60.7,Daily,Occasionally,1,261.75,6.15,18.8,9,41,21,21.0,synthetic_mining_v1__glencore_sa_mining
100769,32,M,Married,1,1,Tertiary,8.6,9.3,37.5,176.1,116.2,Former,Never,3,221.51,6.22,6.8,13,60,16,0.0,synthetic_mining_v1__glencore_sa_mining
100770,39,F,Married,2,1,Primary,3.4,25.5,30.0,155.5,72.6,Never,Never,0,271.16,7.76,13.3,2,49,21,5.0,synthetic_mining_v1__glencore_sa_mining
100771,33,M,Married,3,0,Diploma,4.9,18.9,26.9,179.4,86.7,Never,Never,1,207.93,8.95,17.7,11,68,22,1.0,synthetic_mining_v1__glencore_sa_mining
100772,51,F,Married,4,0,Secondary,2.8,13.3,24.8,153.5,58.4,Never,Never,6,210.77,7.25,28.3,9,61,24,4.0,synthetic_mining_v1__glencore_sa_mining
100773,20,M,Single,1,0,Primary,6.3,9.1,30.6,164.6,82.9,Former,Occasionally,2,255.86,6.34,37.4,9,183,35,7.0,synthetic_mining_v1__glencore_sa_mining
100774,32,M,Single,0,0,Secondary,2.6,20.2,16.0,172.4,47.5,Daily,Occasionally,1,219.48,8.08,0.3,8,95,16,2.0,synthetic_mining_v1__glencore_sa_mining
100775,33,M,Single,4,0,Diploma,3.3,6.1,21.2,164.6,57.5,Never,Regularly,1,324.29,6.78,5.9,2,365,22,9.0,synthetic_mining_v1__glencore_sa_mining
100776,44,M,Married,1,1,Diploma,22.2,8.9,21.0,175.4,64.6,Never,Never,5,238.9,6.47,5.5,11,162,19,0.0,synthetic_mining_v1__glencore_sa_mining
100777,43,M,Single,0,0,Secondary,1.8,7.0,25.9,172.0,76.5,Never,Occasionally,1,230.91,5.67,24.5,9,178,21,5.0,synthetic_mining_v1__glencore_sa_mining
100778,51,M,Divorced,3,0,Secondary,13.4,15.8,34.9,163.2,92.9,Never,Never,1,237.23,8.44,21.6,8,63,24,8.0,synthetic_mining_v1__glencore_sa_mining
100779,24,M,Married,2,0,Diploma,8.4,16.8,25.0,170.7,72.7,Never,Never,5,275.61,4.93,11.8,3,49,15,1.0,synthetic_mining_v1__glencore_sa_mining
100780,45,M,Married,3,3,Secondary,16.2,9.1,32.2,157.3,79.7,Daily,Never,0,195.05,8.82,27.9,6,109,12,21.0,synthetic_mining_v1__glencore_sa_mining
100781,35,M,Single,5,1,Secondary,12.9,7.7,26.5,169.9,76.6,Never,Heavy,0,207.54,5.94,9.5,11,261,24,5.0,synthetic_mining_v1__glencore_sa_mining
100782,32,M,Single,3,0,Secondary,7.7,6.2,22.6,176.4,70.3,Former,Occasionally,2,223.41,5.7,30.2,3,127,21,3.0,synthetic_mining_v1__glencore_sa_mining
100783,43,M,Married,0,0,Secondary,6.8,50.0,29.6,171.7,87.1,Never,Never,1,294.99,8.5,13.9,6,23,17,4.0,synthetic_mining_v1__glencore_sa_mining
100784,30,F,Divorced,3,0,Secondary,4.0,6.0,34.0,160.3,87.3,Former,Occasionally,0,290.69,4.54,16.1,8,255,28,20.0,synthetic_mining_v1__glencore_sa_mining
100785,19,M,Divorced,2,2,Secondary,6.7,11.5,25.4,157.4,63.0,Never,Occasionally,1,227.14,3.67,20.0,5,99,25,2.0,synthetic_mining_v1__glencore_sa_mining
100786,35,M,Divorced,0,0,Primary,9.7,5.7,25.4,159.3,64.4,Never,Never,0,228.24,7.15,19.1,5,39,19,2.0,synthetic_mining_v1__glencore_sa_mining
100787,25,M,Married,2,0,Secondary,11.6,12.0,19.5,183.7,66.0,Daily,Occasionally,2,186.57,7.09,23.1,8,233,18,5.0,synthetic_mining_v1__glencore_sa_mining
100788,32,M,Married,3,0,Secondary,8.0,10.0,23.4,175.6,72.2,Occasional,Never,0,172.54,9.26,3.9,7,339,26,0.0,synthetic_mining_v1__glencore_sa_mining
100789,41,M,Married,2,2,Secondary,5.7,10.4,22.7,160.5,58.4,Occasional,Occasionally,1,160.09,4.66,3.1,8,121,24,2.0,synthetic_mining_v1__glencore_sa_mining
100790,41,F,Married,2,1,Secondary,12.4,40.9,17.7,159.0,44.6,Former,Occasionally,7,245.52,4.74,41.4,4,185,27,3.0,synthetic_mining_v1__glencore_sa_mining
100791,52,M,Married,4,0,Diploma,6.1,13.0,29.1,164.4,78.6,Never,Occasionally,1,214.57,6.29,14.1,4,150,23,1.0,synthetic_mining_v1__glencore_sa_mining
100792,36,F,Single,0,0,Diploma,9.5,6.3,30.0,158.4,75.4,Never,Occasionally,2,214.12,8.26,12.5,8,155,24,4.0,synthetic_mining_v1__glencore_sa_mining
100793,24,M,Single,2,1,Secondary,1.9,17.5,25.3,177.4,79.5,Former,Never,2,246.16,5.88,18.5,5,17,20,2.0,synthetic_mining_v1__glencore_sa_mining
100794,31,M,Married,0,0,Diploma,10.5,9.9,24.4,175.1,74.8,Never,Occasionally,2,200.44,6.94,6.2,6,108,13,0.0,synthetic_mining_v1__glencore_sa_mining
100795,30,M,Single,1,0,Secondary,6.1,41.0,27.1,174.4,82.4,Daily,Regularly,2,255.12,8.23,9.1,11,27,19,13.0,synthetic_mining_v1__glencore_sa_mining
100796,27,M,Divorced,2,2,Secondary,2.6,25.0,30.9,169.7,89.0,Occasional,Never,3,222.48,7.26,25.4,2,119,22,3.0,synthetic_mining_v1__glencore_sa_mining
100797,42,M,Married,2,1,Primary,5.9,10.3,20.1,173.1,60.3,Former,Never,5,170.63,6.82,12.3,8,109,25,0.0,synthetic_mining_v1__glencore_sa_mining
100798,32,M,Single,2,2,Secondary,3.8,29.0,27.4,165.5,75.2,Never,Never,4,243.24,6.04,13.4,6,119,18,2.0,synthetic_mining_v1__glencore_sa_mining
100799,20,M,Married,1,0,Secondary,31.7,18.9,26.6,169.5,76.3,Former,Occasionally,0,265.81,4.75,21.7,7,67,24,3.0,synthetic_mining_v1__glencore_sa_mining
100800,44,M,Widowed,6,0,Primary,2.4,8.0,25.3,160.8,65.4,Daily,Never,4,302.88,6.73,34.8,8,191,29,95.0,synthetic_mining_v1__glencore_sa_mining
100801,37,F,Married,0,0,Tertiary,7.5,23.6,31.2,164.7,84.7,Former,Never,0,215.66,6.67,15.3,10,41,29,11.0,synthetic_mining_v1__glencore_sa_mining
100802,41,F,Single,0,0,Primary,9.4,12.8,26.6,160.3,68.4,Occasional,Never,1,212.26,5.48,29.2,9,188,27,7.0,synthetic_mining_v1__glencore_sa_mining
100803,39,M,Divorced,1,1,Secondary,6.6,32.4,33.0,166.8,91.9,Never,Regularly,2,307.68,6.06,4.4,9,43,22,13.0,synthetic_mining_v1__glencore_sa_mining
100804,44,M,Married,0,0,Diploma,3.6,21.1,29.0,168.9,82.8,Never,Occasionally,0,288.01,6.48,22.0,11,51,21,13.0,synthetic_mining_v1__glencore_sa_mining
100805,38,M,Married,0,0,Secondary,2.1,32.8,22.4,163.5,59.9,Former,Occasionally,0,197.08,6.28,12.1,8,80,22,0.0,synthetic_mining_v1__glencore_sa_mining
100806,49,M,Married,2,1,Secondary,2.5,7.2,34.1,171.0,99.7,Daily,Occasionally,1,138.19,5.07,17.5,8,92,25,0.0,synthetic_mining_v1__glencore_sa_mining
100807,42,M,Married,2,2,Diploma,8.1,11.4,26.8,165.2,73.0,Occasional,Regularly,1,217.35,5.09,28.0,6,77,21,20.0,synthetic_mining_v1__glencore_sa_mining
100808,42,M,Married,1,1,Tertiary,16.3,9.4,25.4,173.8,76.7,Never,Occasionally,2,226.18,5.81,26.0,7,62,22,0.0,synthetic_mining_v1__glencore_sa_mining
100809,42,M,Married,2,0,Diploma,3.4,12.0,34.8,164.9,94.7,Never,Occasionally,3,150.58,6.53,37.2,4,69,14,3.0,synthetic_mining_v1__glencore_sa_mining
100810,25,M,Married,2,1,Primary,9.1,9.4,17.9,155.5,43.4,Never,Regularly,3,247.54,6.16,63.1,3,68,34,1.0,synthetic_mining_v1__glencore_sa_mining
100811,37,M,Married,0,0,Diploma,9.9,14.9,29.7,176.0,92.1,Never,Never,5,236.81,6.03,19.9,12,39,22,3.0,synthetic_mining_v1__glencore_sa_mining
100812,36,M,Divorced,2,1,Secondary,5.6,5.1,28.2,171.4,82.7,Never,Occasionally,2,180.07,5.06,12.3,4,119,20,1.0,synthetic_mining_v1__glencore_sa_mining
100813,40,M,Single,6,1,Secondary,16.2,5.1,29.3,175.6,90.2,Never,Regularly,3,309.96,5.83,10.1,6,63,21,16.0,synthetic_mining_v1__glencore_sa_mining
100814,26,M,Single,2,2,Primary,13.1,21.7,23.4,184.5,79.7,Never,Occasionally,2,201.43,5.78,2.8,7,56,22,1.0,synthetic_mining_v1__glencore_sa_mining
100815,53,M,Single,2,0,Primary,6.6,5.7,21.9,154.5,52.2,Occasional,Regularly,4,198.61,6.47,15.9,7,83,24,0.0,synthetic_mining_v1__glencore_sa_mining
100816,39,F,Divorced,3,0,Tertiary,5.2,21.6,21.6,154.5,51.6,Daily,Occasionally,2,226.9,5.91,3.4,5,8,10,6.0,synthetic_mining_v1__glencore_sa_mining
100817,27,F,Married,0,0,Secondary,7.9,16.4,27.4,157.4,68.0,Former,Never,3,214.24,5.69,21.8,6,110,19,0.0,synthetic_mining_v1__glencore_sa_mining
100818,23,M,Married,2,1,Secondary,7.4,5.0,30.7,160.2,78.8,Never,Never,4,245.79,6.23,12.5,12,188,27,1.0,synthetic_mining_v1__glencore_sa_mining
100819,35,M,Widowed,2,1,Secondary,2.5,2.9,27.0,177.8,85.4,Never,Regularly,3,285.62,6.09,20.8,6,3,20,9.0,synthetic_mining_v1__glencore_sa_mining
100820,37,M,Divorced,1,1,Secondary,6.1,5.4,28.4,171.0,83.2,Never,Never,5,220.92,8.24,26.7,5,53,15,1.0,synthetic_mining_v1__glencore_sa_mining
100821,32,M,Married,4,0,Primary,3.0,3.1,31.8,180.1,103.1,Never,Occasionally,1,207.09,8.11,29.3,12,211,34,7.0,synthetic_mining_v1__glencore_sa_mining
100822,39,M,Married,1,1,Secondary,4.5,8.8,25.8,177.7,81.6,Daily,Regularly,3,227.54,6.53,51.1,6,206,27,0.0,synthetic_mining_v1__glencore_sa_mining
100823,32,M,Married,3,2,Secondary,9.3,5.3,22.2,164.7,60.3,Never,Regularly,3,225.6,5.81,32.3,7,315,25,1.0,synthetic_mining_v1__glencore_sa_mining
100824,43,M,Married,2,1,Secondary,4.5,20.8,26.8,172.6,80.0,Former,Regularly,4,216.7,5.88,55.3,5,289,26,8.0,synthetic_mining_v1__glencore_sa_mining
100825,31,M,Married,2,1,Diploma,7.0,1.8,28.7,168.5,81.6,Daily,Regularly,2,179.16,6.67,13.4,8,88,17,4.0,synthetic_mining_v1__glencore_sa_mining
100826,38,M,Divorced,3,1,Secondary,3.9,21.5,21.4,157.1,52.8,Daily,Never,0,225.05,5.46,7.2,7,211,24,13.0,synthetic_mining_v1__glencore_sa_mining
100827,47,M,Single,2,1,Secondary,7.8,17.0,25.0,161.6,65.2,Occasional,Occasionally,0,232.97,5.9,1.9,7,157,17,6.0,synthetic_mining_v1__glencore_sa_mining
100828,61,M,Divorced,4,1,Primary,10.3,16.2,31.5,171.5,92.6,Never,Occasionally,4,263.05,6.24,5.4,6,76,29,17.0,synthetic_mining_v1__glencore_sa_mining
100829,29,F,Single,4,0,Primary,4.0,13.5,32.1,154.2,76.5,Never,Never,2,184.34,5.03,9.9,8,92,18,2.0,synthetic_mining_v1__glencore_sa_mining
100830,34,M,Single,2,1,Diploma,22.3,3.4,25.8,179.1,82.9,Daily,Never,1,277.05,7.97,18.8,6,229,23,14.0,synthetic_mining_v1__glencore_sa_mining
100831,30,M,Married,1,1,Diploma,2.4,41.8,36.7,170.7,107.0,Former,Heavy,0,237.47,5.95,4.2,7,109,17,27.0,synthetic_mining_v1__glencore_sa_mining
100832,45,M,Single,1,1,Secondary,5.3,39.6,25.0,173.3,75.1,Never,Occasionally,3,234.59,7.34,18.9,9,89,21,0.0,synthetic_mining_v1__glencore_sa_mining
100833,28,M,Married,1,0,Secondary,6.5,8.6,27.7,168.1,78.3,Daily,Regularly,3,201.93,5.32,26.3,6,56,16,3.0,synthetic_mining_v1__glencore_sa_mining
100834,34,M,Single,1,1,Primary,13.4,3.4,31.3,171.4,92.1,Never,Heavy,3,195.65,4.91,11.3,11,67,22,7.0,synthetic_mining_v1__glencore_sa_mining
100835,38,M,Married,5,1,Primary,17.7,17.4,37.6,167.7,105.8,Former,Occasionally,1,286.53,4.58,14.1,9,114,29,81.0,synthetic_mining_v1__glencore_sa_mining
100836,29,M,Married,3,1,Secondary,5.5,10.1,27.2,158.0,68.0,Never,Regularly,3,187.12,4.93,23.9,3,33,27,0.0,synthetic_mining_v1__glencore_sa_mining
100837,29,M,Single,2,1,Secondary,16.5,6.7,32.1,156.6,78.6,Daily,Never,1,225.47,6.03,47.0,5,82,22,27.0,synthetic_mining_v1__glencore_sa_mining
100838,34,M,Married,4,2,Diploma,11.8,8.9,36.5,162.9,96.9,Daily,Occasionally,3,220.93,5.55,20.0,7,253,25,79.0,synthetic_mining_v1__glencore_sa_mining
100839,19,M,Married,2,1,Diploma,13.4,9.1,31.5,171.9,93.3,Occasional,Never,1,107.22,7.91,14.0,6,42,17,1.0,synthetic_mining_v1__glencore_sa_mining
100840,25,M,Married,1,1,Primary,3.6,14.1,25.7,176.7,80.2,Never,Occasionally,2,159.43,6.02,71.9,11,112,24,1.0,synthetic_mining_v1__glencore_sa_mining
100841,34,M,Single,4,1,Secondary,4.8,18.6,18.4,172.4,54.6,Occasional,Occasionally,3,190.27,9.25,17.0,8,112,22,1.0,synthetic_mining_v1__glencore_sa_mining
100842,39,M,Single,2,0,Secondary,8.3,1.9,29.0,170.7,84.4,Former,Never,3,228.95,4.88,28.9,4,105,25,6.0,synthetic_mining_v1__glencore_sa_mining
100843,36,M,Married,1,1,Secondary,6.9,11.4,29.6,186.2,102.5,Daily,Never,3,209.13,6.55,28.5,7,60,23,4.0,synthetic_mining_v1__glencore_sa_mining
100844,22,M,Married,0,0,Secondary,9.4,21.4,27.9,164.0,75.0,Never,Regularly,1,247.25,7.32,3.4,5,151,14,7.0,synthetic_mining_v1__glencore_sa_mining
100845,34,F,Married,2,1,Secondary,5.4,22.9,26.3,162.6,69.5,Former,Occasionally,5,221.59,7.86,21.7,7,22,24,1.0,synthetic_mining_v1__glencore_sa_mining
100846,45,M,Single,2,0,Secondary,2.0,4.9,24.7,158.8,62.3,Former,Heavy,2,243.25,5.45,32.6,5,98,29,27.0,synthetic_mining_v1__glencore_sa_mining
100847,43,M,Single,0,0,Tertiary,8.6,10.3,26.8,169.6,77.2,Occasional,Occasionally,3,238.78,9.39,6.1,10,194,21,2.0,synthetic_mining_v1__glencore_sa_mining
100848,37,M,Divorced,4,2,Tertiary,2.6,19.1,24.0,173.5,72.3,Never,Regularly,3,177.81,5.32,26.0,9,66,27,2.0,synthetic_mining_v1__glencore_sa_mining
100849,30,M,Widowed,1,1,Secondary,17.3,29.3,22.1,180.2,71.7,Former,Occasionally,4,212.42,7.07,35.8,4,85,23,2.0,synthetic_mining_v1__glencore_sa_mining
100850,44,M,Single,1,1,Secondary,11.0,24.4,33.7,158.9,85.1,Daily,Never,1,295.85,3.84,13.8,5,122,26,0.0,synthetic_mining_v1__glencore_sa_mining
100851,33,F,Married,2,0,Secondary,19.8,20.7,22.2,159.5,56.4,Never,Regularly,3,253.9,6.29,32.9,4,307,26,5.0,synthetic_mining_v1__glencore_sa_mining
100852,27,M,Married,0,0,Secondary,13.8,26.2,29.6,154.4,70.7,Never,Occasionally,1,253.73,5.91,0.2,4,364,21,0.0,synthetic_mining_v1__glencore_sa_mining
100853,31,M,Single,1,0,Diploma,5.3,9.6,17.3,169.0,49.3,Former,Occasionally,2,250.04,5.51,14.7,9,86,20,1.0,synthetic_mining_v1__glencore_sa_mining
100854,51,M,Single,1,1,Diploma,4.8,7.3,23.9,172.4,71.2,Never,Never,2,260.37,7.96,38.8,8,111,19,2.0,synthetic_mining_v1__glencore_sa_mining
100855,40,M,Single,2,1,Diploma,10.3,15.6,32.5,172.5,96.7,Never,Regularly,3,210.26,7.56,3.7,7,18,15,5.0,synthetic_mining_v1__glencore_sa_mining
100856,48,M,Divorced,0,0,Secondary,7.2,16.2,26.5,174.9,81.1,Daily,Occasionally,1,232.56,8.04,14.6,9,103,19,4.0,synthetic_mining_v1__glencore_sa_mining
100857,34,M,Married,0,0,Diploma,13.8,34.5,31.9,179.4,102.7,Daily,Regularly,3,235.51,6.31,16.4,7,111,17,8.0,synthetic_mining_v1__glencore_sa_mining
100858,46,M,Single,1,1,Secondary,4.0,24.3,29.2,172.2,86.6,Daily,Occasionally,4,264.29,6.3,2.8,7,70,17,16.0,synthetic_mining_v1__glencore_sa_mining
100859,33,F,Single,1,0,Secondary,9.3,8.1,19.4,160.1,49.8,Former,Never,0,222.96,5.24,7.1,10,82,19,2.0,synthetic_mining_v1__glencore_sa_mining
100860,37,M,Married,1,1,Secondary,9.3,34.9,36.7,175.9,113.5,Never,Regularly,0,203.55,7.78,13.2,7,111,22,12.0,synthetic_mining_v1__glencore_sa_mining
100861,60,M,Married,1,0,Secondary,6.2,7.0,30.8,174.7,94.1,Occasional,Regularly,0,238.66,5.78,3.8,5,90,18,0.0,synthetic_mining_v1__glencore_sa_mining
100862,45,M,Single,2,1,Diploma,8.3,16.9,30.3,155.4,73.3,Never,Never,3,194.29,6.55,10.7,2,51,15,0.0,synthetic_mining_v1__glencore_sa_mining
100863,33,M,Married,0,0,Diploma,3.3,11.7,29.6,171.0,86.6,Never,Occasionally,1,142.78,5.64,42.8,7,270,28,15.0,synthetic_mining_v1__glencore_sa_mining
100864,37,M,Single,1,1,Primary,6.5,30.9,26.8,164.6,72.5,Never,Regularly,3,152.88,8.49,0.9,9,120,26,5.0,synthetic_mining_v1__glencore_sa_mining
100865,41,M,Single,2,0,Diploma,1.7,12.9,26.1,168.9,74.3,Never,Regularly,1,204.83,4.83,9.9,13,90,30,0.0,synthetic_mining_v1__glencore_sa_mining
100866,49,F,Married,2,0,Secondary,7.5,12.7,22.4,160.6,57.8,Occasional,Never,3,219.65,5.66,9.6,6,201,25,9.0,synthetic_mining_v1__glencore_sa_mining
100867,34,M,Single,2,0,Primary,10.0,17.9,30.6,168.1,86.4,Daily,Regularly,4,293.29,7.21,28.7,0,185,28,119.0,synthetic_mining_v1__glencore_sa_mining
100868,22,M,Married,2,0,Primary,11.7,20.2,31.4,162.4,82.8,Never,Occasionally,2,257.38,7.38,9.5,11,44,25,2.0,synthetic_mining_v1__glencore_sa_mining
100869,35,M,Married,4,1,Secondary,6.5,30.4,19.9,156.3,48.6,Former,Never,3,192.07,6.26,0.6,4,27,14,0.0,synthetic_mining_v1__glencore_sa_mining
100870,38,M,Single,2,1,Secondary,4.9,7.2,35.9,158.4,90.0,Occasional,Never,0,215.39,5.72,7.1,6,87,22,14.0,synthetic_mining_v1__glencore_sa_mining
100871,39,F,Married,1,1,Secondary,12.9,15.2,28.3,164.6,76.6,Daily,Never,5,186.63,6.94,22.4,6,28,15,2.0,synthetic_mining_v1__glencore_sa_mining
100872,50,M,Married,2,0,Diploma,9.1,2.8,27.4,168.8,78.1,Daily,Heavy,2,248.98,5.68,17.1,4,207,23,0.0,synthetic_mining_v1__glencore_sa_mining
100873,41,M,Married,2,2,Secondary,15.8,14.6,27.4,170.0,79.3,Occasional,Occasionally,0,171.1,5.96,13.0,6,212,23,6.0,synthetic_mining_v1__glencore_sa_mining
100874,45,M,Married,1,0,Secondary,5.1,8.6,33.3,164.8,90.6,Former,Never,0,154.78,4.13,35.1,11,101,31,10.0,synthetic_mining_v1__glencore_sa_mining
100875,28,F,Single,1,1,Tertiary,7.6,20.0,31.4,156.4,76.8,Former,Regularly,3,192.54,5.65,21.8,1,50,26,5.0,synthetic_mining_v1__glencore_sa_mining
100876,46,F,Married,1,1,Secondary,6.0,25.3,28.6,148.9,63.4,Occasional,Regularly,2,221.27,3.5,16.1,4,124,22,0.0,synthetic_mining_v1__glencore_sa_mining
100877,57,M,Married,1,1,Primary,0.6,11.3,19.6,173.3,58.9,Former,Regularly,3,221.94,8.12,17.6,7,15,16,3.0,synthetic_mining_v1__glencore_sa_mining
100878,45,M,Married,2,2,Secondary,1.3,6.0,30.7,162.5,81.2,Occasional,Regularly,2,234.07,4.96,17.8,4,97,23,21.0,synthetic_mining_v1__glencore_sa_mining
100879,40,M,Married,4,1,Secondary,0.8,21.0,24.4,173.0,73.0,Daily,Occasionally,1,244.56,6.05,14.4,11,42,22,13.0,synthetic_mining_v1__glencore_sa_mining
100880,39,M,Single,2,1,Secondary,11.5,37.1,28.5,179.3,91.6,Never,Occasionally,5,238.2,6.33,22.2,6,31,24,6.0,synthetic_mining_v1__glencore_sa_mining
100881,54,F,Divorced,1,1,Tertiary,32.8,18.1,25.7,148.3,56.6,Occasional,Occasionally,0,264.97,6.27,8.1,11,41,19,15.0,synthetic_mining_v1__glencore_sa_mining
100882,30,F,Married,1,1,Primary,5.8,1.1,16.0,168.2,45.2,Never,Regularly,4,165.38,5.91,20.7,7,141,26,0.0,synthetic_mining_v1__glencore_sa_mining
100883,37,M,Married,1,1,Secondary,1.7,33.6,23.3,177.5,73.3,Occasional,Heavy,1,168.36,6.84,20.7,5,61,20,4.0,synthetic_mining_v1__glencore_sa_mining
100884,42,F,Married,2,2,Secondary,1.9,10.3,20.7,161.5,54.1,Never,Never,4,313.15,4.4,53.1,7,147,37,8.0,synthetic_mining_v1__glencore_sa_mining
100885,45,M,Widowed,1,1,Diploma,11.6,8.8,25.5,183.4,85.8,Daily,Regularly,2,319.42,7.53,22.1,11,93,23,0.0,synthetic_mining_v1__glencore_sa_mining
100886,34,F,Married,3,0,Secondary,2.9,40.2,18.2,154.9,43.8,Never,Never,4,215.98,7.75,15.8,6,111,28,0.0,synthetic_mining_v1__glencore_sa_mining
100887,41,M,Single,0,0,Diploma,3.2,5.2,26.4,164.4,71.3,Never,Never,0,247.14,7.13,10.8,11,141,20,4.0,synthetic_mining_v1__glencore_sa_mining
100888,35,M,Single,1,1,Secondary,2.3,19.7,31.3,166.7,87.0,Daily,Never,3,242.91,7.38,15.9,5,79,28,6.0,synthetic_mining_v1__glencore_sa_mining
100889,39,M,Married,1,0,Tertiary,4.1,14.7,31.3,182.4,104.0,Never,Heavy,0,183.55,6.25,38.2,9,131,21,28.0,synthetic_mining_v1__glencore_sa_mining
100890,37,M,Divorced,2,1,Secondary,2.5,24.2,22.8,175.4,70.3,Never,Never,1,268.9,3.5,11.0,5,220,24,3.0,synthetic_mining_v1__glencore_sa_mining
100891,28,M,Married,1,1,Secondary,2.5,9.0,26.2,175.5,80.6,Never,Regularly,0,247.16,6.28,23.0,7,43,21,4.0,synthetic_mining_v1__glencore_sa_mining
100892,38,M,Married,0,0,Diploma,10.5,7.1,19.1,166.0,52.6,Daily,Occasionally,1,119.74,10.0,21.4,10,197,26,2.0,synthetic_mining_v1__glencore_sa_mining
100893,46,M,Single,2,2,Diploma,8.2,5.9,21.4,164.1,57.5,Occasional,Regularly,0,243.74,6.18,54.1,9,34,23,11.0,synthetic_mining_v1__glencore_sa_mining
100894,29,M,Single,0,0,Secondary,1.7,15.2,16.4,174.1,49.8,Occasional,Never,0,244.87,6.12,10.5,6,123,23,2.0,synthetic_mining_v1__glencore_sa_mining
100895,36,M,Married,2,0,Primary,6.2,9.7,38.3,171.8,113.2,Occasional,Never,1,168.24,5.24,46.6,8,102,29,42.0,synthetic_mining_v1__glencore_sa_mining
100896,44,M,Single,2,1,Diploma,9.8,12.1,29.7,183.6,100.1,Daily,Never,5,198.69,8.51,7.9,7,117,11,9.0,synthetic_mining_v1__glencore_sa_mining
100897,28,F,Married,3,1,Secondary,6.3,16.7,26.2,159.7,66.8,Daily,Regularly,4,250.67,4.54,21.4,6,27,29,29.0,synthetic_mining_v1__glencore_sa_mining
100898,40,F,Married,3,1,Secondary,2.5,36.2,28.0,161.4,72.9,Former,Never,2,163.61,6.1,1.7,8,35,22,3.0,synthetic_mining_v1__glencore_sa_mining
100899,28,F,Married,3,1,Tertiary,0.9,20.4,30.2,157.8,75.2,Never,Never,2,188.39,6.4,30.4,4,160,23,1.0,synthetic_mining_v1__glencore_sa_mining
100900,48,M,Married,2,1,Diploma,3.8,9.5,25.3,163.4,67.5,Former,Never,5,272.37,7.14,4.4,8,12,23,0.0,synthetic_mining_v1__glencore_sa_mining
100901,59,M,Married,1,1,Secondary,6.3,27.9,24.5,169.4,70.4,Never,Heavy,0,194.21,6.53,13.2,4,24,25,15.0,synthetic_mining_v1__glencore_sa_mining
100902,56,M,Married,5,5,Secondary,17.5,24.9,30.5,161.7,79.9,Never,Occasionally,2,224.87,4.7,3.8,5,26,21,4.0,synthetic_mining_v1__glencore_sa_mining
100903,36,M,Married,2,1,Secondary,10.7,23.5,25.8,167.9,72.7,Never,Regularly,0,247.41,7.1,6.5,3,7,17,1.0,synthetic_mining_v1__glencore_sa_mining
100904,45,M,Married,2,0,Secondary,9.5,19.0,25.6,163.1,68.0,Daily,Occasionally,3,126.06,5.48,68.9,4,70,26,4.0,synthetic_mining_v1__glencore_sa_mining
100905,39,M,Single,3,0,Secondary,8.7,29.9,26.5,172.5,78.8,Never,Occasionally,1,191.64,6.16,9.2,8,108,23,3.0,synthetic_mining_v1__glencore_sa_mining
100906,39,M,Divorced,2,1,Primary,11.9,32.0,35.8,170.7,104.2,Former,Never,5,197.54,5.74,20.5,8,37,25,5.0,synthetic_mining_v1__glencore_sa_mining
100907,52,M,Married,1,1,Tertiary,14.9,33.1,25.6,187.5,90.0,Never,Never,0,246.45,5.41,21.8,3,269,27,3.0,synthetic_mining_v1__glencore_sa_mining
100908,26,M,Widowed,1,0,Secondary,3.6,10.4,24.6,165.4,67.3,Daily,Heavy,3,198.48,7.38,35.5,8,22,23,18.0,synthetic_mining_v1__glencore_sa_mining
100909,47,F,Divorced,3,2,Secondary,8.0,16.7,21.7,171.4,63.6,Occasional,Occasionally,0,211.98,8.29,15.9,3,113,16,3.0,synthetic_mining_v1__glencore_sa_mining
100910,38,M,Single,2,0,Primary,17.0,13.8,26.4,169.5,75.8,Daily,Never,1,208.31,7.58,33.0,9,23,23,3.0,synthetic_mining_v1__glencore_sa_mining
100911,51,M,Single,3,0,Diploma,8.5,17.2,21.9,169.4,62.8,Former,Occasionally,1,145.57,7.75,17.7,5,56,14,1.0,synthetic_mining_v1__glencore_sa_mining
100912,40,M,Divorced,1,1,Primary,5.6,12.6,26.3,179.6,84.8,Never,Never,3,265.98,6.95,12.1,6,248,27,3.0,synthetic_mining_v1__glencore_sa_mining
100913,32,M,Single,0,0,Secondary,10.4,14.9,28.1,170.9,82.1,Daily,Regularly,5,200.4,5.32,9.4,5,90,25,7.0,synthetic_mining_v1__glencore_sa_mining
100914,40,M,Divorced,4,1,Secondary,13.6,2.5,31.1,165.9,85.5,Occasional,Never,2,211.0,5.67,47.7,7,272,32,19.0,synthetic_mining_v1__glencore_sa_mining
100915,45,M,Widowed,1,1,Secondary,8.7,15.3,23.7,167.8,66.6,Daily,Occasionally,1,226.36,6.91,14.0,9,365,19,7.0,synthetic_mining_v1__glencore_sa_mining
100916,38,F,Married,3,0,Secondary,4.0,8.5,30.4,146.6,65.3,Occasional,Occasionally,2,135.21,6.51,29.6,5,92,15,3.0,synthetic_mining_v1__glencore_sa_mining
100917,42,M,Married,2,0,Primary,7.5,22.8,23.5,178.7,74.9,Former,Occasionally,0,204.69,6.93,66.1,6,26,17,0.0,synthetic_mining_v1__glencore_sa_mining
100918,33,M,Married,1,1,Secondary,6.8,34.6,29.9,181.2,98.2,Never,Occasionally,0,289.6,6.97,4.2,7,81,21,7.0,synthetic_mining_v1__glencore_sa_mining
100919,19,M,Divorced,3,1,Primary,6.4,14.2,17.3,171.0,50.5,Daily,Regularly,1,294.47,6.29,46.4,6,87,23,0.0,synthetic_mining_v1__glencore_sa_mining
100920,46,M,Married,0,0,Diploma,3.6,28.9,27.6,168.7,78.6,Occasional,Occasionally,3,268.42,5.44,14.4,7,73,21,0.0,synthetic_mining_v1__glencore_sa_mining
100921,44,M,Single,1,1,Primary,9.1,10.4,22.5,160.5,58.1,Never,Never,4,159.56,6.9,7.5,4,43,18,0.0,synthetic_mining_v1__glencore_sa_mining
100922,39,F,Married,1,0,Diploma,11.8,29.9,25.3,152.8,59.1,Daily,Never,4,212.96,5.79,9.8,10,172,23,10.0,synthetic_mining_v1__glencore_sa_mining
100923,39,M,Married,0,0,Diploma,8.1,14.2,37.9,168.2,107.4,Never,Regularly,6,232.26,6.47,8.2,12,51,19,0.0,synthetic_mining_v1__glencore_sa_mining
100924,47,M,Single,1,1,Secondary,8.2,27.9,23.0,169.4,65.9,Occasional,Occasionally,2,177.27,8.2,19.8,9,85,30,3.0,synthetic_mining_v1__glencore_sa_mining
100925,34,M,Married,0,0,Diploma,4.3,12.3,35.0,162.0,91.7,Daily,Occasionally,2,255.75,7.4,36.7,8,202,27,64.0,synthetic_mining_v1__glencore_sa_mining
100926,32,M,Divorced,0,0,Primary,5.3,8.9,24.6,177.9,77.9,Occasional,Occasionally,2,273.47,7.29,19.8,5,58,25,8.0,synthetic_mining_v1__glencore_sa_mining
100927,36,F,Married,3,2,Secondary,2.7,12.5,25.3,155.9,61.5,Daily,Never,3,179.92,4.5,10.1,3,145,28,4.0,synthetic_mining_v1__glencore_sa_mining
100928,49,M,Married,1,0,Secondary,14.9,20.0,23.4,168.5,66.3,Never,Occasionally,2,233.18,5.85,26.2,8,15,30,7.0,synthetic_mining_v1__glencore_sa_mining
100929,26,M,Married,2,1,Tertiary,8.9,14.2,27.7,162.5,73.2,Never,Never,3,192.67,5.41,7.9,4,142,17,1.0,synthetic_mining_v1__glencore_sa_mining
100930,49,M,Married,0,0,Secondary,4.4,21.4,20.5,169.5,58.9,Daily,Heavy,5,279.32,6.61,13.9,7,290,27,23.0,synthetic_mining_v1__glencore_sa_mining
100931,32,M,Married,3,3,Secondary,1.3,18.8,22.2,160.1,56.9,Former,Occasionally,2,217.94,8.11,26.0,4,129,24,4.0,synthetic_mining_v1__glencore_sa_mining
100932,28,M,Single,2,2,Primary,18.9,10.9,28.6,162.6,75.6,Occasional,Regularly,1,258.59,5.33,11.7,3,19,18,0.0,synthetic_mining_v1__glencore_sa_mining
100933,49,M,Married,2,0,Primary,2.8,5.7,30.7,170.3,89.2,Occasional,Occasionally,2,249.65,6.47,20.5,5,246,22,7.0,synthetic_mining_v1__glencore_sa_mining
100934,37,M,Single,1,0,Secondary,10.9,59.1,27.4,166.7,76.0,Daily,Regularly,2,230.45,7.24,3.6,5,102,13,0.0,synthetic_mining_v1__glencore_sa_mining
100935,26,M,Married,1,0,Secondary,8.9,19.0,25.8,185.8,89.0,Former,Regularly,1,181.86,7.56,23.1,5,67,30,1.0,synthetic_mining_v1__glencore_sa_mining
100936,35,M,Single,2,1,Primary,4.4,7.2,29.3,170.8,85.4,Never,Occasionally,5,251.1,7.13,34.9,9,163,25,2.0,synthetic_mining_v1__glencore_sa_mining
100937,46,M,Married,3,1,Secondary,15.4,17.8,36.4,181.1,119.3,Occasional,Never,2,214.12,5.05,7.4,6,67,23,14.0,synthetic_mining_v1__glencore_sa_mining
100938,49,M,Single,1,1,Secondary,4.2,11.5,21.8,176.0,67.5,Occasional,Never,2,197.52,6.03,36.6,9,26,26,0.0,synthetic_mining_v1__glencore_sa_mining
100939,34,M,Single,0,0,Secondary,6.3,10.1,33.5,176.1,103.7,Occasional,Never,4,214.67,5.41,12.3,3,69,18,3.0,synthetic_mining_v1__glencore_sa_mining
100940,42,M,Married,1,0,Secondary,9.9,4.6,22.9,171.3,67.1,Former,Occasionally,4,160.88,7.61,9.9,7,128,18,1.0,synthetic_mining_v1__glencore_sa_mining
100941,44,F,Married,1,0,Secondary,6.3,29.4,34.9,160.1,89.5,Never,Never,1,168.37,6.85,2.3,5,75,26,0.0,synthetic_mining_v1__glencore_sa_mining
100942,32,M,Married,1,1,Secondary,1.0,19.0,21.5,160.6,55.3,Never,Occasionally,1,271.96,4.6,7.7,11,42,27,2.0,synthetic_mining_v1__glencore_sa_mining
100943,41,M,Single,3,1,Primary,4.8,41.5,23.7,189.0,84.6,Daily,Never,4,325.48,7.06,16.4,14,178,31,22.0,synthetic_mining_v1__glencore_sa_mining
100944,38,F,Married,2,0,Secondary,5.3,21.5,23.9,163.4,63.8,Daily,Regularly,0,229.78,4.95,23.5,9,167,27,36.0,synthetic_mining_v1__glencore_sa_mining
100945,33,M,Married,4,0,Tertiary,1.3,10.6,24.9,182.6,83.1,Former,Regularly,4,159.56,7.62,34.5,5,89,20,3.0,synthetic_mining_v1__glencore_sa_mining
100946,34,F,Divorced,4,0,Diploma,5.9,6.1,29.3,162.4,77.4,Never,Heavy,2,279.48,9.01,4.8,14,25,21,0.0,synthetic_mining_v1__glencore_sa_mining
100947,39,M,Single,2,0,Secondary,7.2,13.9,30.9,155.1,74.3,Former,Occasionally,0,194.97,8.58,41.7,9,86,23,8.0,synthetic_mining_v1__glencore_sa_mining
100948,38,F,Married,3,3,Primary,10.2,24.5,27.2,163.2,72.5,Never,Occasionally,3,315.07,5.98,10.4,5,119,23,8.0,synthetic_mining_v1__glencore_sa_mining
100949,33,M,Single,2,0,Secondary,1.9,11.2,22.7,168.5,64.5,Never,Occasionally,0,329.0,5.56,22.4,7,138,33,0.0,synthetic_mining_v1__glencore_sa_mining
100950,34,M,Married,2,1,Primary,3.4,26.7,31.6,188.4,112.1,Never,Regularly,3,239.34,5.52,13.1,4,79,21,5.0,synthetic_mining_v1__glencore_sa_mining
100951,48,M,Single,3,1,Secondary,14.0,18.6,31.2,165.7,85.6,Never,Occasionally,2,191.59,5.94,18.7,5,146,15,3.0,synthetic_mining_v1__glencore_sa_mining
100952,40,M,Married,3,2,Diploma,13.2,10.2,26.3,175.4,80.8,Never,Occasionally,0,129.95,8.5,51.5,8,79,22,0.0,synthetic_mining_v1__glencore_sa_mining
100953,46,M,Married,0,0,Secondary,9.0,9.6,24.1,167.7,67.8,Never,Never,1,119.2,7.95,18.4,4,47,12,0.0,synthetic_mining_v1__glencore_sa_mining
100954,49,M,Married,0,0,Secondary,15.0,3.2,26.3,176.5,81.9,Never,Heavy,0,229.78,5.17,26.0,10,189,28,17.0,synthetic_mining_v1__glencore_sa_mining
100955,43,M,Married,0,0,Diploma,3.6,20.1,28.4,173.7,85.6,Never,Regularly,3,269.85,6.09,33.9,4,202,24,13.0,synthetic_mining_v1__glencore_sa_mining
100956,58,M,Married,4,2,Diploma,16.4,10.3,27.4,174.3,83.3,Never,Never,0,237.52,5.64,39.6,4,56,19,8.0,synthetic_mining_v1__glencore_sa_mining
100957,31,M,Widowed,3,0,Primary,9.7,13.3,35.6,179.2,114.2,Never,Occasionally,4,221.77,7.9,18.6,4,154,24,2.0,synthetic_mining_v1__glencore_sa_mining
100958,45,M,Married,3,1,Secondary,2.2,7.6,29.6,156.5,72.4,Never,Occasionally,2,157.02,6.89,4.6,5,47,19,1.0,synthetic_mining_v1__glencore_sa_mining
100959,35,M,Single,0,0,Diploma,2.9,5.5,25.8,170.5,75.1,Occasional,Never,2,254.81,8.47,23.7,11,51,24,0.0,synthetic_mining_v1__glencore_sa_mining
100960,55,M,Single,0,0,Tertiary,2.9,33.1,23.0,158.8,58.1,Daily,Heavy,3,165.96,6.27,11.5,4,23,13,12.0,synthetic_mining_v1__glencore_sa_mining
100961,53,M,Married,0,0,Secondary,5.4,5.0,27.7,172.2,82.0,Former,Heavy,3,243.35,7.1,77.4,6,70,25,59.0,synthetic_mining_v1__glencore_sa_mining
100962,20,M,Married,1,0,Secondary,9.4,24.9,27.4,155.9,66.7,Never,Regularly,3,280.55,6.72,64.0,4,92,25,8.0,synthetic_mining_v1__glencore_sa_mining
100963,29,M,Married,0,0,Tertiary,7.3,9.7,27.9,156.6,68.4,Never,Never,0,230.29,7.97,10.4,7,15,12,1.0,synthetic_mining_v1__glencore_sa_mining
100964,44,M,Married,1,1,Diploma,4.1,16.2,31.1,162.9,82.5,Never,Occasionally,1,150.62,7.31,88.0,5,34,29,2.0,synthetic_mining_v1__glencore_sa_mining
100965,45,F,Married,4,0,Primary,8.7,17.5,29.5,158.8,74.4,Daily,Occasionally,6,145.33,5.54,2.3,8,141,14,0.0,synthetic_mining_v1__glencore_sa_mining
100966,45,F,Married,3,1,Primary,6.9,9.1,27.1,167.5,76.1,Never,Never,0,258.47,6.19,33.2,14,216,28,23.0,synthetic_mining_v1__glencore_sa_mining
100967,37,M,Married,3,0,Primary,12.1,40.8,31.2,166.3,86.2,Daily,Occasionally,4,153.84,5.61,7.8,10,148,18,4.0,synthetic_mining_v1__glencore_sa_mining
100968,42,M,Single,0,0,Secondary,18.4,28.1,20.9,176.8,65.3,Daily,Regularly,2,192.82,5.14,16.1,12,184,14,10.0,synthetic_mining_v1__glencore_sa_mining
100969,44,M,Single,1,1,Secondary,3.6,7.9,25.9,165.9,71.2,Never,Occasionally,3,252.79,7.76,27.0,5,77,23,2.0,synthetic_mining_v1__glencore_sa_mining
100970,37,M,Single,1,1,Primary,2.6,5.6,35.8,181.6,118.1,Never,Regularly,2,154.35,6.03,20.9,10,33,22,4.0,synthetic_mining_v1__glencore_sa_mining
100971,47,F,Married,4,1,Diploma,8.2,21.6,30.1,164.9,81.8,Daily,Never,4,207.52,6.81,1.5,5,54,11,12.0,synthetic_mining_v1__glencore_sa_mining
100972,19,F,Divorced,0,0,Secondary,15.2,6.1,23.9,157.1,59.1,Former,Occasionally,2,249.36,6.89,14.5,8,51,21,1.0,synthetic_mining_v1__glencore_sa_mining
100973,44,M,Single,3,1,Diploma,4.9,13.6,32.1,166.7,89.3,Former,Occasionally,1,261.45,7.57,79.8,6,131,25,15.0,synthetic_mining_v1__glencore_sa_mining
100974,29,F,Married,0,0,Secondary,11.4,13.1,27.8,166.6,77.2,Former,Regularly,2,239.79,8.16,1.9,8,29,24,3.0,synthetic_mining_v1__glencore_sa_mining
100975,47,M,Married,2,2,Diploma,5.7,10.7,24.8,168.6,70.4,Occasional,Heavy,3,199.26,6.56,3.0,9,175,25,0.0,synthetic_mining_v1__glencore_sa_mining
100976,36,M,Divorced,3,1,Primary,2.6,30.6,17.9,185.7,61.6,Never,Heavy,1,132.74,5.48,6.5,6,123,29,2.0,synthetic_mining_v1__glencore_sa_mining
100977,30,M,Widowed,1,1,Secondary,6.0,16.4,34.1,164.6,92.5,Daily,Regularly,0,152.69,6.82,7.0,7,65,18,10.0,synthetic_mining_v1__glencore_sa_mining
100978,41,M,Married,3,1,Secondary,5.2,54.0,32.8,164.5,88.8,Never,Occasionally,3,208.13,7.53,18.9,8,186,16,25.0,synthetic_mining_v1__glencore_sa_mining
100979,30,M,Married,3,0,Tertiary,7.2,19.9,26.6,165.9,73.3,Never,Never,3,278.07,6.53,11.0,3,104,24,1.0,synthetic_mining_v1__glencore_sa_mining
100980,30,M,Married,2,1,Secondary,4.6,12.1,30.3,178.9,96.9,Daily,Occasionally,2,232.09,4.83,19.0,10,13,23,16.0,synthetic_mining_v1__glencore_sa_mining
100981,24,F,Married,2,2,Diploma,11.2,2.2,28.2,157.7,70.0,Daily,Never,3,210.1,5.24,30.0,7,90,17,3.0,synthetic_mining_v1__glencore_sa_mining
100982,38,M,Married,3,3,Primary,3.0,7.6,25.8,167.0,71.8,Former,Never,2,294.97,7.31,21.3,8,162,31,4.0,synthetic_mining_v1__glencore_sa_mining
100983,42,M,Married,1,1,Secondary,6.5,22.9,27.8,174.4,84.7,Daily,Regularly,1,253.39,6.0,55.3,6,132,26,120.0,synthetic_mining_v1__glencore_sa_mining
100984,47,M,Single,2,1,Primary,3.8,15.3,20.5,173.5,61.8,Former,Never,0,283.17,6.1,8.3,11,13,21,6.0,synthetic_mining_v1__glencore_sa_mining
100985,37,M,Married,1,1,Secondary,8.0,4.7,32.9,166.1,90.7,Occasional,Occasionally,2,230.32,4.29,4.9,11,39,25,9.0,synthetic_mining_v1__glencore_sa_mining
100986,47,M,Married,1,0,Secondary,15.3,13.2,23.2,181.4,76.3,Daily,Occasionally,4,230.16,6.02,3.8,4,365,22,8.0,synthetic_mining_v1__glencore_sa_mining
100987,38,M,Single,4,1,Secondary,2.1,13.1,29.5,171.1,86.3,Daily,Heavy,4,223.01,7.31,5.3,7,44,21,31.0,synthetic_mining_v1__glencore_sa_mining
100988,37,F,Married,0,0,Secondary,7.6,10.2,29.9,154.0,71.0,Daily,Occasionally,0,175.48,7.31,25.8,6,122,21,7.0,synthetic_mining_v1__glencore_sa_mining
100989,43,M,Married,2,2,Secondary,6.3,5.2,20.5,175.5,63.2,Daily,Never,1,224.22,4.61,6.8,5,27,16,3.0,synthetic_mining_v1__glencore_sa_mining
100990,48,M,Married,2,1,Primary,14.2,26.1,28.4,166.7,78.9,Never,Regularly,6,225.72,6.72,19.6,7,97,24,5.0,synthetic_mining_v1__glencore_sa_mining
100991,35,M,Married,3,1,Secondary,7.4,2.2,23.1,173.1,69.3,Never,Occasionally,2,214.34,6.46,9.9,6,140,16,1.0,synthetic_mining_v1__glencore_sa_mining
100992,36,M,Married,4,0,Primary,9.9,14.6,28.1,175.5,86.6,Daily,Regularly,3,201.51,6.0,2.8,8,158,16,19.0,synthetic_mining_v1__glencore_sa_mining
100993,37,M,Married,2,1,Diploma,2.2,8.1,24.0,161.7,62.8,Never,Occasionally,3,291.61,5.79,48.1,10,11,28,5.0,synthetic_mining_v1__glencore_sa_mining
100994,39,M,Single,1,1,Secondary,11.2,34.8,24.5,176.8,76.5,Daily,Never,1,204.25,6.78,9.6,8,28,16,0.0,synthetic_mining_v1__glencore_sa_mining
100995,30,M,Married,1,1,Secondary,20.4,7.2,24.0,158.7,60.4,Daily,Occasionally,0,257.85,8.02,5.0,4,93,15,1.0,synthetic_mining_v1__glencore_sa_mining
100996,47,M,Married,3,0,Primary,12.9,12.2,32.3,180.4,104.9,Never,Never,1,264.43,7.2,3.3,9,161,18,9.0,synthetic_mining_v1__glencore_sa_mining
100997,34,M,Married,0,0,Diploma,15.0,7.2,35.1,167.3,98.4,Occasional,Occasionally,0,129.47,7.63,3.9,4,283,22,4.0,synthetic_mining_v1__glencore_sa_mining
100998,42,M,Married,1,1,Diploma,11.4,13.0,22.9,174.9,70.1,Daily,Occasionally,0,251.73,6.07,62.4,2,178,26,40.0,synthetic_mining_v1__glencore_sa_mining
100999,31,F,Single,2,1,Primary,2.9,17.8,31.6,148.1,69.3,Daily,Occasionally,0,213.26,7.37,18.1,9,102,21,13.0,synthetic_mining_v1__glencore_sa_mining
101000,41,M,Married,0,0,Secondary,1.2,47.5,26.6,178.1,84.4,Never,Never,4,240.51,6.43,7.8,3,185,10,2.0,synthetic_mining_v1__glencore_sa_mining
101001,42,M,Married,0,0,Secondary,3.0,22.9,25.1,175.7,77.5,Never,Never,1,327.09,6.89,7.5,8,64,16,8.0,synthetic_mining_v1__glencore_sa_mining
101002,34,F,Married,0,0,Diploma,1.4,5.2,19.9,163.8,53.5,Former,Occasionally,4,159.59,4.06,25.7,7,57,20,0.0,synthetic_mining_v1__glencore_sa_mining
101003,56,M,Married,3,1,Secondary,1.1,21.4,27.1,176.1,84.2,Daily,Occasionally,0,228.35,5.92,9.1,6,333,18,66.0,synthetic_mining_v1__glencore_sa_mining
101004,41,M,Married,0,0,Tertiary,10.4,16.0,29.6,169.6,85.1,Former,Occasionally,4,270.71,7.18,43.8,6,161,27,0.0,synthetic_mining_v1__glencore_sa_mining
101005,54,M,Single,1,1,Diploma,4.4,19.6,28.7,162.1,75.5,Occasional,Occasionally,2,154.31,5.49,16.4,5,137,23,12.0,synthetic_mining_v1__glencore_sa_mining
101006,47,M,Divorced,2,1,Secondary,11.2,0.9,28.2,173.8,85.1,Daily,Regularly,1,201.34,7.31,43.0,9,105,23,95.0,synthetic_mining_v1__glencore_sa_mining
101007,32,M,Married,4,2,Tertiary,8.7,24.1,29.7,171.4,87.3,Never,Heavy,5,244.78,5.74,11.8,4,61,21,7.0,synthetic_mining_v1__glencore_sa_mining
101008,35,M,Married,0,0,Secondary,24.5,7.0,29.4,177.1,92.2,Occasional,Never,1,255.75,5.92,3.7,7,38,12,2.0,synthetic_mining_v1__glencore_sa_mining
101009,42,M,Married,1,0,Primary,9.9,3.7,29.9,166.4,82.8,Never,Regularly,3,228.56,7.87,9.5,6,23,22,0.0,synthetic_mining_v1__glencore_sa_mining
101010,39,M,Married,5,2,Primary,15.1,18.0,29.4,187.3,103.3,Daily,Never,5,231.31,5.97,21.6,6,40,21,11.0,synthetic_mining_v1__glencore_sa_mining
101011,38,M,Married,2,1,Diploma,7.2,5.0,27.7,164.5,75.0,Never,Regularly,3,351.65,5.03,21.0,4,261,22,9.0,synthetic_mining_v1__glencore_sa_mining
101012,35,M,Single,2,1,Diploma,9.9,4.5,17.9,178.7,57.1,Never,Regularly,5,223.18,6.56,16.9,6,97,18,0.0,synthetic_mining_v1__glencore_sa_mining
101013,22,F,Married,0,0,Secondary,19.0,13.1,19.4,162.9,51.4,Never,Regularly,1,203.54,5.23,9.3,6,104,30,1.0,synthetic_mining_v1__glencore_sa_mining
101014,36,M,Married,0,0,Primary,7.0,4.8,27.0,162.0,70.9,Former,Occasionally,3,115.3,4.99,16.0,8,38,25,1.0,synthetic_mining_v1__glencore_sa_mining
101015,19,M,Married,0,0,Primary,1.5,17.9,34.7,172.4,103.2,Occasional,Never,5,194.89,5.4,4.8,12,135,22,2.0,synthetic_mining_v1__glencore_sa_mining
101016,41,M,Single,1,0,Diploma,12.7,4.6,29.3,167.2,82.1,Never,Occasionally,4,304.34,5.82,33.7,7,221,30,23.0,synthetic_mining_v1__glencore_sa_mining
101017,31,M,Divorced,2,1,Diploma,10.1,6.3,29.4,158.7,74.1,Never,Regularly,2,251.4,7.46,23.4,7,67,21,3.0,synthetic_mining_v1__glencore_sa_mining
101018,32,M,Married,1,1,Primary,8.3,5.6,26.1,173.6,78.5,Former,Regularly,1,249.75,8.52,52.3,6,44,28,11.0,synthetic_mining_v1__glencore_sa_mining
101019,36,F,Divorced,4,1,Primary,11.9,26.0,26.7,172.2,79.4,Occasional,Occasionally,4,233.06,8.86,15.4,1,273,13,1.0,synthetic_mining_v1__glencore_sa_mining
101020,40,M,Single,0,0,Primary,4.9,25.3,27.9,170.5,81.2,Former,Regularly,1,245.76,6.23,8.1,11,172,38,6.0,synthetic_mining_v1__glencore_sa_mining
101021,25,M,Married,0,0,Secondary,9.4,18.3,22.6,166.2,62.4,Never,Occasionally,2,172.06,5.82,21.9,9,68,20,0.0,synthetic_mining_v1__glencore_sa_mining
101022,22,M,Single,1,0,Diploma,1.5,13.6,30.7,174.9,93.9,Never,Regularly,3,187.06,6.04,13.3,6,112,22,2.0,synthetic_mining_v1__glencore_sa_mining
101023,28,M,Married,2,2,Secondary,2.6,6.9,19.1,157.7,47.4,Former,Never,7,224.8,4.65,21.3,11,309,23,0.0,synthetic_mining_v1__glencore_sa_mining
101024,20,M,Single,2,0,Primary,9.5,10.9,26.6,167.3,74.3,Daily,Occasionally,3,125.33,6.85,49.5,9,145,18,3.0,synthetic_mining_v1__glencore_sa_mining
101025,29,F,Married,4,1,Secondary,9.4,25.4,23.2,161.7,60.6,Never,Regularly,1,253.14,6.1,0.9,3,75,15,1.0,synthetic_mining_v1__glencore_sa_mining
101026,52,M,Married,2,2,Secondary,5.9,10.2,26.2,164.0,70.5,Occasional,Occasionally,4,202.25,5.37,0.8,6,62,27,6.0,synthetic_mining_v1__glencore_sa_mining
101027,28,M,Married,3,0,Diploma,31.5,31.8,31.2,174.7,95.2,Former,Never,1,245.67,5.95,28.8,8,141,27,0.0,synthetic_mining_v1__glencore_sa_mining
101028,44,M,Married,3,0,Secondary,5.1,20.9,33.7,170.3,97.8,Occasional,Regularly,2,195.35,7.97,28.7,11,230,32,16.0,synthetic_mining_v1__glencore_sa_mining
101029,26,F,Married,1,0,Diploma,6.1,27.2,17.0,160.4,43.8,Never,Never,2,199.01,5.59,14.3,7,11,16,0.0,synthetic_mining_v1__glencore_sa_mining
101030,41,M,Single,2,2,Secondary,2.4,3.4,30.3,179.3,97.5,Occasional,Occasionally,4,220.57,5.53,5.6,8,29,11,2.0,synthetic_mining_v1__glencore_sa_mining
101031,35,F,Married,1,1,Diploma,10.2,46.2,29.1,153.9,68.9,Former,Regularly,2,216.39,4.94,13.0,6,122,21,4.0,synthetic_mining_v1__glencore_sa_mining
101032,37,M,Married,1,1,Secondary,2.1,2.5,30.1,165.1,82.1,Never,Regularly,1,226.26,6.34,5.5,5,170,21,6.0,synthetic_mining_v1__glencore_sa_mining
101033,43,F,Single,3,3,Secondary,2.7,7.8,25.0,160.3,64.3,Never,Occasionally,0,256.79,6.5,19.3,5,60,27,5.0,synthetic_mining_v1__glencore_sa_mining
101034,54,M,Married,4,2,Diploma,9.2,33.6,27.1,161.9,71.1,Never,Occasionally,2,126.23,6.99,20.4,11,53,15,2.0,synthetic_mining_v1__glencore_sa_mining
101035,40,F,Single,1,1,Diploma,6.1,7.6,30.5,161.2,79.2,Never,Occasionally,0,177.72,4.01,14.3,5,80,22,0.0,synthetic_mining_v1__glencore_sa_mining
101036,39,M,Married,4,4,Diploma,14.3,16.1,22.2,165.7,60.9,Never,Never,0,284.25,5.93,8.9,6,97,22,3.0,synthetic_mining_v1__glencore_sa_mining
101037,29,F,Married,2,0,Primary,3.0,10.1,34.2,154.7,81.8,Former,Occasionally,3,178.06,6.64,1.7,12,94,27,2.0,synthetic_mining_v1__glencore_sa_mining
101038,43,M,Married,3,1,Secondary,9.7,26.7,18.5,168.9,52.8,Occasional,Never,5,218.28,8.65,27.4,8,99,20,1.0,synthetic_mining_v1__glencore_sa_mining
101039,36,M,Married,1,1,Primary,9.4,14.2,25.9,155.0,62.3,Never,Heavy,0,231.5,6.16,19.0,10,247,23,3.0,synthetic_mining_v1__glencore_sa_mining
101040,45,F,Single,2,2,Secondary,3.4,19.8,19.8,160.6,51.2,Former,Regularly,2,245.19,6.76,8.4,6,75,23,2.0,synthetic_mining_v1__glencore_sa_mining
101041,38,M,Married,1,0,Primary,5.8,10.2,31.7,169.0,90.6,Never,Never,3,124.87,5.78,10.9,7,129,27,2.0,synthetic_mining_v1__glencore_sa_mining
101042,54,M,Single,0,0,Secondary,9.6,11.0,32.9,169.6,94.5,Occasional,Heavy,2,289.97,7.23,10.5,5,118,17,90.0,synthetic_mining_v1__glencore_sa_mining
101043,20,M,Married,3,0,Diploma,18.6,21.9,26.2,175.6,80.8,Never,Regularly,1,224.88,6.67,12.8,5,365,20,0.0,synthetic_mining_v1__glencore_sa_mining
101044,35,F,Married,0,0,Primary,2.9,35.3,25.0,154.2,59.4,Never,Occasionally,3,157.26,5.71,8.9,8,147,25,2.0,synthetic_mining_v1__glencore_sa_mining
101045,46,M,Married,0,0,Secondary,7.8,5.6,35.5,172.0,105.0,Daily,Never,2,253.31,7.53,3.8,7,197,21,8.0,synthetic_mining_v1__glencore_sa_mining
101046,35,M,Married,2,0,Diploma,0.9,6.6,27.9,177.7,88.2,Former,Occasionally,6,227.0,6.33,7.8,3,209,30,0.0,synthetic_mining_v1__glencore_sa_mining
101047,31,M,Married,1,0,Secondary,0.8,24.1,40.8,178.4,130.0,Never,Occasionally,2,278.56,6.0,10.9,6,96,20,14.0,synthetic_mining_v1__glencore_sa_mining
101048,36,M,Married,1,0,Secondary,7.3,5.5,21.8,163.0,57.9,Daily,Never,2,226.56,5.11,34.8,4,250,26,0.0,synthetic_mining_v1__glencore_sa_mining
101049,26,M,Married,1,0,Primary,3.0,2.4,24.3,162.9,64.3,Never,Never,1,283.08,8.13,1.0,5,105,16,1.0,synthetic_mining_v1__glencore_sa_mining
101050,39,M,Single,4,0,Secondary,6.3,12.1,29.2,167.7,82.1,Former,Occasionally,2,182.21,6.54,25.0,4,200,14,5.0,synthetic_mining_v1__glencore_sa_mining
101051,60,M,Married,0,0,Secondary,3.1,3.0,22.2,170.2,64.3,Never,Never,0,159.78,6.89,5.9,7,54,18,1.0,synthetic_mining_v1__glencore_sa_mining
101052,48,M,Married,2,1,Tertiary,13.9,32.7,18.4,163.8,49.3,Never,Occasionally,2,204.49,7.79,8.4,6,84,15,1.0,synthetic_mining_v1__glencore_sa_mining
101053,28,M,Married,0,0,Diploma,4.4,3.4,30.4,181.7,100.3,Daily,Never,4,188.07,7.53,13.2,7,113,18,7.0,synthetic_mining_v1__glencore_sa_mining
101054,30,F,Married,0,0,Secondary,3.6,44.5,20.9,154.1,49.6,Former,Regularly,0,172.52,6.92,7.1,3,92,17,1.0,synthetic_mining_v1__glencore_sa_mining
101055,34,M,Married,0,0,Primary,16.6,14.0,21.6,173.4,65.0,Occasional,Occasionally,2,223.65,7.61,2.0,11,291,19,2.0,synthetic_mining_v1__glencore_sa_mining
101056,47,M,Single,0,0,Tertiary,6.1,8.6,30.6,165.2,83.6,Occasional,Occasionally,4,88.95,7.62,16.9,5,40,18,2.0,synthetic_mining_v1__glencore_sa_mining
101057,31,M,Married,1,1,Primary,6.3,0.8,33.5,169.3,96.1,Never,Regularly,5,223.12,5.87,3.9,5,101,19,1.0,synthetic_mining_v1__glencore_sa_mining
101058,32,M,Married,6,2,Primary,1.4,21.8,27.3,165.4,74.7,Former,Regularly,3,298.55,6.11,1.1,4,118,15,0.0,synthetic_mining_v1__glencore_sa_mining
101059,46,M,Divorced,1,1,Secondary,12.8,14.9,23.8,166.0,65.5,Daily,Occasionally,3,187.4,6.25,9.6,7,31,20,2.0,synthetic_mining_v1__glencore_sa_mining
101060,46,F,Single,0,0,Tertiary,2.5,13.1,23.6,152.7,55.1,Daily,Never,4,254.81,6.75,14.2,9,108,23,0.0,synthetic_mining_v1__glencore_sa_mining
101061,35,M,Married,0,0,Tertiary,11.1,21.3,23.1,168.3,65.5,Never,Occasionally,0,229.27,6.94,38.0,11,115,29,3.0,synthetic_mining_v1__glencore_sa_mining
101062,28,M,Married,5,2,Secondary,1.5,8.2,22.2,167.5,62.2,Daily,Never,5,216.61,7.39,10.9,9,70,21,3.0,synthetic_mining_v1__glencore_sa_mining
101063,24,M,Married,0,0,Tertiary,2.4,3.7,29.0,166.1,80.0,Former,Occasionally,1,249.78,5.42,19.5,9,256,26,7.0,synthetic_mining_v1__glencore_sa_mining
101064,32,M,Married,2,0,Secondary,9.1,5.6,25.0,165.0,67.9,Former,Never,1,260.08,6.79,54.2,12,36,27,7.0,synthetic_mining_v1__glencore_sa_mining
101065,19,M,Single,1,1,Secondary,7.3,39.4,32.1,175.0,98.2,Never,Occasionally,2,163.45,7.19,6.2,6,282,20,4.0,synthetic_mining_v1__glencore_sa_mining
101066,45,M,Divorced,2,1,Secondary,4.6,26.5,35.9,173.7,108.3,Former,Occasionally,5,217.43,6.1,2.0,11,93,18,9.0,synthetic_mining_v1__glencore_sa_mining
101067,32,M,Married,2,2,Secondary,13.3,1.7,32.4,166.6,89.9,Never,Occasionally,3,267.94,5.09,33.0,6,85,25,6.0,synthetic_mining_v1__glencore_sa_mining
101068,42,M,Divorced,2,1,Secondary,3.1,24.4,23.2,165.3,63.4,Occasional,Occasionally,2,253.77,8.25,20.3,10,30,29,6.0,synthetic_mining_v1__glencore_sa_mining
101069,55,M,Married,1,0,Primary,6.3,3.5,23.0,166.1,63.4,Never,Occasionally,3,237.71,5.26,16.5,7,33,15,2.0,synthetic_mining_v1__glencore_sa_mining
101070,49,F,Married,3,0,Secondary,8.3,9.8,18.8,155.6,45.6,Never,Never,0,225.21,6.75,12.6,13,110,23,2.0,synthetic_mining_v1__glencore_sa_mining
101071,28,M,Divorced,6,2,Tertiary,7.7,18.4,30.0,163.8,80.4,Occasional,Occasionally,4,221.98,5.27,16.4,3,176,18,5.0,synthetic_mining_v1__glencore_sa_mining
101072,46,M,Married,0,0,Secondary,3.5,3.8,29.2,168.7,83.1,Daily,Never,3,181.69,5.22,25.7,6,103,22,9.0,synthetic_mining_v1__glencore_sa_mining
101073,48,M,Single,4,2,Secondary,5.2,20.9,26.3,162.6,69.6,Former,Never,2,212.09,6.01,11.8,9,88,19,6.0,synthetic_mining_v1__glencore_sa_mining
101074,31,M,Single,0,0,Diploma,4.6,18.0,29.6,175.0,90.5,Never,Regularly,1,213.94,5.65,23.8,6,108,18,3.0,synthetic_mining_v1__glencore_sa_mining
101075,29,M,Married,1,0,Secondary,7.6,8.6,34.0,163.7,91.2,Daily,Never,2,184.21,6.14,11.1,10,47,22,6.0,synthetic_mining_v1__glencore_sa_mining
101076,37,M,Married,2,1,Secondary,14.0,23.6,28.5,157.0,70.3,Daily,Heavy,2,262.68,5.99,5.0,8,102,17,38.0,synthetic_mining_v1__glencore_sa_mining
101077,24,M,Married,0,0,Primary,3.9,30.4,23.0,159.6,58.5,Occasional,Occasionally,3,208.35,8.67,11.5,5,26,21,1.0,synthetic_mining_v1__glencore_sa_mining
101078,51,F,Divorced,0,0,Diploma,8.4,40.2,26.8,157.7,66.7,Daily,Occasionally,0,183.4,7.51,7.2,11,48,15,15.0,synthetic_mining_v1__glencore_sa_mining
101079,19,M,Single,4,1,Diploma,9.0,9.9,26.4,165.1,72.1,Daily,Never,5,201.02,6.0,0.9,9,62,21,2.0,synthetic_mining_v1__glencore_sa_mining
101080,28,M,Widowed,1,1,Secondary,1.9,11.3,35.9,165.6,98.3,Never,Occasionally,1,190.58,6.04,24.1,8,31,20,4.0,synthetic_mining_v1__glencore_sa_mining
101081,36,M,Married,3,0,Secondary,4.6,56.9,24.5,183.6,82.8,Daily,Occasionally,2,168.28,7.72,21.4,9,191,21,0.0,synthetic_mining_v1__glencore_sa_mining
101082,36,M,Married,4,1,Diploma,6.0,15.8,35.0,171.0,102.2,Occasional,Occasionally,3,237.54,6.96,53.7,14,68,32,45.0,synthetic_mining_v1__glencore_sa_mining
101083,39,M,Married,2,0,Diploma,9.2,16.9,27.3,171.4,80.3,Never,Regularly,1,229.8,6.62,26.8,8,96,16,3.0,synthetic_mining_v1__glencore_sa_mining
101084,40,F,Married,0,0,Diploma,4.4,22.7,37.2,151.7,85.5,Never,Occasionally,4,270.92,8.04,3.2,7,155,29,4.0,synthetic_mining_v1__glencore_sa_mining
101085,36,M,Married,0,0,Secondary,13.7,8.7,24.1,168.4,68.4,Daily,Never,1,201.03,5.52,35.9,2,100,17,9.0,synthetic_mining_v1__glencore_sa_mining
101086,48,M,Married,2,0,Diploma,10.8,7.9,32.1,175.2,98.5,Daily,Never,1,171.97,6.33,19.9,5,84,17,15.0,synthetic_mining_v1__glencore_sa_mining
101087,19,M,Married,1,1,Secondary,2.0,15.8,26.3,162.4,69.3,Never,Occasionally,1,166.37,6.63,25.0,6,77,21,1.0,synthetic_mining_v1__glencore_sa_mining
101088,38,M,Married,0,0,Secondary,4.1,10.2,33.4,175.9,103.2,Former,Never,1,283.99,6.0,5.6,6,116,28,12.0,synthetic_mining_v1__glencore_sa_mining
101089,32,F,Married,2,0,Secondary,15.1,35.8,31.0,145.0,65.3,Daily,Never,3,262.46,4.65,2.0,9,56,16,0.0,synthetic_mining_v1__glencore_sa_mining
101090,39,M,Married,4,1,Primary,14.6,5.0,23.7,171.2,69.5,Never,Never,1,258.04,4.15,9.3,7,68,23,3.0,synthetic_mining_v1__glencore_sa_mining
101091,40,M,Single,2,0,Primary,1.7,50.6,33.5,169.5,96.3,Daily,Occasionally,1,268.93,7.37,90.0,9,66,28,120.0,synthetic_mining_v1__glencore_sa_mining
101092,30,M,Married,1,1,Diploma,2.9,6.6,26.9,167.1,75.2,Never,Heavy,1,150.76,7.74,16.4,5,69,25,2.0,synthetic_mining_v1__glencore_sa_mining
101093,32,M,Divorced,3,2,Secondary,7.4,11.0,26.0,180.5,84.8,Former,Occasionally,1,246.08,6.63,42.4,4,64,18,3.0,synthetic_mining_v1__glencore_sa_mining
101094,45,M,Married,1,0,Secondary,4.6,6.8,24.5,180.9,80.1,Former,Occasionally,2,191.22,5.21,8.9,14,47,23,3.0,synthetic_mining_v1__glencore_sa_mining
101095,41,M,Single,1,1,Secondary,3.6,26.6,29.0,166.3,80.3,Never,Regularly,4,183.68,4.14,2.2,5,167,27,4.0,synthetic_mining_v1__glencore_sa_mining
101096,32,F,Married,2,2,Secondary,5.6,26.1,24.3,156.0,59.1,Daily,Occasionally,0,198.82,4.76,10.7,4,65,16,0.0,synthetic_mining_v1__glencore_sa_mining
101097,56,M,Divorced,1,0,Secondary,18.6,9.6,25.6,177.0,80.2,Former,Occasionally,2,231.01,6.23,12.7,3,17,15,2.0,synthetic_mining_v1__glencore_sa_mining
101098,59,M,Married,1,1,Primary,10.3,19.2,30.1,169.7,86.7,Never,Regularly,5,213.08,8.24,15.0,11,52,19,0.0,synthetic_mining_v1__glencore_sa_mining
101099,25,M,Married,1,0,Tertiary,14.2,11.8,25.8,185.2,88.6,Never,Never,4,247.57,5.65,30.6,9,96,21,1.0,synthetic_mining_v1__glencore_sa_mining
101100,41,M,Married,0,0,Primary,1.7,3.0,20.7,167.2,58.0,Never,Never,1,174.98,6.33,58.4,6,88,28,1.0,synthetic_mining_v1__glencore_sa_mining
101101,61,M,Married,1,0,Diploma,6.4,20.4,27.4,172.3,81.3,Occasional,Never,4,211.24,6.5,32.8,5,143,19,10.0,synthetic_mining_v1__glencore_sa_mining
101102,45,M,Married,4,3,Secondary,7.7,6.7,21.5,161.8,56.2,Never,Occasionally,3,225.46,6.3,26.4,13,152,24,3.0,synthetic_mining_v1__glencore_sa_mining
101103,40,M,Married,4,2,Diploma,7.7,1.1,31.9,160.3,82.0,Former,Never,4,154.89,5.63,34.9,11,61,27,2.0,synthetic_mining_v1__glencore_sa_mining
101104,36,M,Married,4,2,Secondary,11.0,22.3,30.1,172.8,89.9,Occasional,Never,0,293.02,5.82,29.8,6,172,26,83.0,synthetic_mining_v1__glencore_sa_mining
101105,33,F,Single,1,1,Diploma,3.0,10.2,20.7,158.6,52.1,Former,Heavy,3,236.67,5.52,8.7,11,29,22,3.0,synthetic_mining_v1__glencore_sa_mining
101106,36,M,Divorced,1,1,Diploma,11.5,9.7,23.8,177.4,74.8,Never,Heavy,3,218.57,5.88,6.7,10,258,22,15.0,synthetic_mining_v1__glencore_sa_mining
101107,33,M,Divorced,1,0,Secondary,9.6,7.6,24.0,175.9,74.2,Former,Occasionally,3,188.42,7.36,6.7,10,98,16,0.0,synthetic_mining_v1__glencore_sa_mining
101108,45,M,Single,1,1,Secondary,9.3,12.7,32.1,174.9,98.3,Former,Never,3,203.39,6.79,31.8,9,305,25,15.0,synthetic_mining_v1__glencore_sa_mining
101109,34,M,Married,0,0,Primary,10.0,26.2,21.7,175.8,67.0,Never,Never,3,210.94,5.83,7.4,7,154,19,1.0,synthetic_mining_v1__glencore_sa_mining
101110,34,M,Married,3,2,Diploma,15.0,12.6,22.2,173.2,66.6,Never,Never,0,220.64,7.51,24.9,7,104,30,3.0,synthetic_mining_v1__glencore_sa_mining
101111,27,M,Married,3,3,Diploma,2.5,4.9,23.8,166.6,66.0,Daily,Regularly,4,216.51,6.44,8.8,10,35,21,2.0,synthetic_mining_v1__glencore_sa_mining
101112,38,M,Married,1,1,Secondary,21.1,1.3,26.3,163.5,70.2,Daily,Regularly,2,229.22,5.54,10.5,7,42,19,12.0,synthetic_mining_v1__glencore_sa_mining
101113,30,M,Single,2,2,Primary,2.5,12.4,37.2,183.9,125.9,Daily,Occasionally,2,229.81,6.34,24.6,8,112,25,24.0,synthetic_mining_v1__glencore_sa_mining
101114,36,M,Married,1,1,Secondary,5.8,26.4,27.6,170.6,80.4,Never,Regularly,0,167.43,5.53,21.9,3,94,20,3.0,synthetic_mining_v1__glencore_sa_mining
101115,47,M,Single,2,1,Secondary,7.8,41.7,27.0,169.7,77.7,Former,Regularly,3,201.68,5.47,20.6,3,40,19,2.0,synthetic_mining_v1__glencore_sa_mining
101116,41,M,Married,3,3,Diploma,8.3,12.3,23.2,158.4,58.2,Never,Occasionally,5,292.22,7.04,15.6,15,56,30,6.0,synthetic_mining_v1__glencore_sa_mining
101117,43,M,Divorced,1,0,Primary,5.8,16.3,25.7,167.3,72.0,Never,Occasionally,6,175.88,3.59,19.4,13,86,27,1.0,synthetic_mining_v1__glencore_sa_mining
101118,41,M,Single,3,3,Secondary,5.1,21.9,29.0,154.1,68.9,Former,Occasionally,2,156.28,6.82,5.7,2,137,10,2.0,synthetic_mining_v1__glencore_sa_mining
101119,39,M,Single,2,1,Secondary,9.8,9.1,31.3,166.7,87.0,Never,Regularly,2,214.93,6.51,14.1,10,57,22,0.0,synthetic_mining_v1__glencore_sa_mining
101120,37,M,Married,1,1,Diploma,5.3,26.3,22.7,161.0,58.9,Daily,Regularly,3,217.89,6.05,59.0,6,82,21,12.0,synthetic_mining_v1__glencore_sa_mining
101121,35,M,Single,3,1,Secondary,11.6,23.4,21.6,162.7,57.1,Daily,Regularly,2,203.14,7.81,6.8,11,44,18,2.0,synthetic_mining_v1__glencore_sa_mining
101122,45,M,Single,4,0,Secondary,6.0,16.9,35.3,170.2,102.2,Never,Occasionally,1,273.68,4.82,7.9,8,45,21,10.0,synthetic_mining_v1__glencore_sa_mining
101123,28,M,Single,2,1,Primary,0.9,23.3,31.4,157.6,78.0,Daily,Never,6,232.49,5.73,33.8,5,117,32,0.0,synthetic_mining_v1__glencore_sa_mining
101124,50,M,Married,1,0,Diploma,2.8,25.3,30.7,170.1,89.0,Former,Occasionally,1,209.49,6.36,3.5,2,35,14,4.0,synthetic_mining_v1__glencore_sa_mining
101125,38,M,Married,2,0,Primary,2.3,12.1,27.9,174.3,84.9,Daily,Occasionally,1,128.01,6.25,15.5,8,51,15,0.0,synthetic_mining_v1__glencore_sa_mining
101126,31,M,Married,1,1,Secondary,13.5,24.9,27.9,171.6,82.2,Occasional,Regularly,2,146.32,5.46,17.8,13,160,27,3.0,synthetic_mining_v1__glencore_sa_mining
101127,34,F,Married,0,0,Primary,1.2,17.4,29.8,157.1,73.5,Occasional,Never,1,201.95,6.24,5.6,7,21,21,5.0,synthetic_mining_v1__glencore_sa_mining
101128,32,M,Married,2,1,Secondary,11.0,11.3,26.4,159.4,67.2,Daily,Occasionally,1,210.82,8.01,17.0,7,217,20,7.0,synthetic_mining_v1__glencore_sa_mining
101129,39,M,Single,4,1,Diploma,0.8,4.9,25.5,178.8,81.6,Never,Occasionally,4,179.4,6.63,15.1,8,51,13,0.0,synthetic_mining_v1__glencore_sa_mining
101130,32,M,Single,4,1,Secondary,2.9,12.6,30.4,174.1,92.1,Daily,Occasionally,1,239.32,6.88,27.9,3,138,21,9.0,synthetic_mining_v1__glencore_sa_mining
101131,48,M,Married,1,1,Secondary,10.9,11.0,21.3,167.0,59.3,Never,Never,2,290.44,7.24,35.8,10,103,29,0.0,synthetic_mining_v1__glencore_sa_mining
101132,31,F,Married,3,0,Diploma,6.8,1.7,32.9,147.4,71.6,Former,Regularly,0,227.25,4.97,61.1,9,52,29,12.0,synthetic_mining_v1__glencore_sa_mining
101133,19,M,Divorced,0,0,Diploma,2.1,27.5,26.8,181.2,88.0,Never,Never,0,245.29,7.08,1.7,7,112,24,2.0,synthetic_mining_v1__glencore_sa_mining
101134,31,M,Married,2,1,Secondary,8.7,33.0,28.6,168.0,80.7,Never,Never,1,230.82,4.54,6.8,8,61,30,1.0,synthetic_mining_v1__glencore_sa_mining
101135,20,M,Single,1,1,Diploma,6.3,15.5,28.1,158.7,70.7,Former,Never,3,197.59,7.27,51.9,4,58,22,1.0,synthetic_mining_v1__glencore_sa_mining
101136,38,M,Married,1,1,Secondary,0.8,17.6,30.8,173.5,92.8,Occasional,Occasionally,2,238.63,4.71,35.2,6,75,29,28.0,synthetic_mining_v1__glencore_sa_mining
101137,48,M,Married,2,1,Diploma,11.9,61.7,24.9,170.7,72.6,Never,Never,3,197.4,4.8,15.0,13,65,23,5.0,synthetic_mining_v1__glencore_sa_mining
101138,44,M,Single,0,0,Primary,11.4,17.2,20.1,179.7,65.0,Daily,Occasionally,1,211.54,7.15,24.6,4,79,22,5.0,synthetic_mining_v1__glencore_sa_mining
101139,26,M,Single,5,2,Secondary,5.1,4.2,26.9,171.2,78.8,Former,Heavy,2,249.21,4.56,19.1,10,36,23,8.0,synthetic_mining_v1__glencore_sa_mining
101140,31,M,Married,3,0,Diploma,4.9,29.4,22.5,176.2,69.8,Never,Occasionally,3,196.82,7.35,16.7,7,73,10,0.0,synthetic_mining_v1__glencore_sa_mining
101141,54,M,Married,1,1,Diploma,5.0,19.6,23.3,168.6,66.1,Never,Never,2,209.72,6.04,20.7,5,48,19,1.0,synthetic_mining_v1__glencore_sa_mining
101142,41,F,Married,0,0,Diploma,3.2,12.7,24.0,160.4,61.7,Never,Regularly,3,232.73,7.36,14.7,7,71,18,0.0,synthetic_mining_v1__glencore_sa_mining
101143,38,M,Single,1,1,Tertiary,3.4,12.2,18.3,164.6,49.5,Never,Never,1,134.82,5.82,16.8,8,142,25,1.0,synthetic_mining_v1__glencore_sa_mining
101144,48,M,Single,1,1,Secondary,7.7,24.7,21.7,170.9,63.3,Daily,Never,2,182.64,6.19,52.1,5,136,26,3.0,synthetic_mining_v1__glencore_sa_mining
101145,60,M,Married,2,2,Secondary,6.5,28.2,29.0,166.9,80.7,Never,Regularly,4,210.67,5.34,18.2,4,144,21,3.0,synthetic_mining_v1__glencore_sa_mining
101146,50,M,Married,3,2,Secondary,1.6,13.0,24.2,172.2,71.6,Never,Occasionally,2,143.65,8.16,17.3,6,101,15,1.0,synthetic_mining_v1__glencore_sa_mining
101147,39,M,Married,3,1,Primary,4.3,11.7,24.4,168.2,69.0,Daily,Never,0,176.26,4.98,6.3,5,41,19,16.0,synthetic_mining_v1__glencore_sa_mining
101148,41,M,Married,3,1,Primary,9.6,2.7,25.0,164.2,67.5,Never,Occasionally,3,185.01,6.91,23.5,7,115,12,1.0,synthetic_mining_v1__glencore_sa_mining
101149,44,M,Married,0,0,Diploma,7.1,11.4,28.9,166.4,80.1,Never,Occasionally,2,293.45,6.34,6.2,8,36,25,2.0,synthetic_mining_v1__glencore_sa_mining
101150,32,M,Married,0,0,Secondary,8.7,11.2,30.5,173.4,91.8,Never,Never,2,89.68,7.96,10.8,6,111,17,0.0,synthetic_mining_v1__glencore_sa_mining
101151,28,M,Married,4,2,Primary,13.4,19.6,27.8,169.8,80.2,Daily,Occasionally,1,201.55,5.29,42.6,6,234,29,51.0,synthetic_mining_v1__glencore_sa_mining
101152,38,M,Married,0,0,Diploma,3.8,16.6,30.0,168.2,84.8,Daily,Regularly,5,173.97,6.44,41.6,10,129,22,18.0,synthetic_mining_v1__glencore_sa_mining
101153,29,M,Married,3,0,Primary,2.9,12.0,29.5,177.4,92.9,Never,Occasionally,2,220.99,6.62,1.5,12,85,19,1.0,synthetic_mining_v1__glencore_sa_mining
101154,37,M,Single,5,1,Secondary,8.6,2.9,21.6,166.3,59.7,Occasional,Occasionally,2,81.5,6.25,15.9,8,29,21,1.0,synthetic_mining_v1__glencore_sa_mining
101155,39,M,Single,1,1,Secondary,12.5,9.7,32.5,173.0,97.2,Daily,Occasionally,2,217.94,7.14,20.3,5,117,19,16.0,synthetic_mining_v1__glencore_sa_mining
101156,59,F,Married,3,0,Secondary,6.8,17.5,30.0,159.8,76.6,Never,Occasionally,4,198.86,5.38,11.3,7,120,23,0.0,synthetic_mining_v1__glencore_sa_mining
101157,30,M,Single,0,0,Primary,5.2,11.5,20.8,171.7,61.4,Former,Never,0,183.05,6.1,37.2,8,86,16,1.0,synthetic_mining_v1__glencore_sa_mining
101158,37,M,Single,0,0,Secondary,4.4,13.6,21.5,165.3,58.7,Occasional,Occasionally,2,225.02,6.41,42.6,10,114,22,0.0,synthetic_mining_v1__glencore_sa_mining
101159,37,M,Married,2,0,Secondary,14.3,14.9,19.5,172.1,57.9,Occasional,Regularly,3,258.68,5.87,10.1,7,120,14,5.0,synthetic_mining_v1__glencore_sa_mining
101160,42,M,Divorced,0,0,Secondary,12.0,15.5,25.7,158.2,64.3,Former,Regularly,2,270.31,5.52,11.5,4,71,20,4.0,synthetic_mining_v1__glencore_sa_mining
101161,47,M,Widowed,1,0,Tertiary,5.6,1.8,23.2,152.9,54.2,Never,Never,3,194.32,5.86,6.6,9,46,20,0.0,synthetic_mining_v1__glencore_sa_mining
101162,34,F,Married,1,0,Tertiary,1.7,29.6,21.5,166.8,59.8,Never,Occasionally,1,196.87,7.19,20.2,6,49,27,1.0,synthetic_mining_v1__glencore_sa_mining
101163,31,M,Married,3,1,Secondary,2.0,28.0,29.9,173.7,90.2,Former,Occasionally,2,199.71,5.75,20.1,6,79,7,2.0,synthetic_mining_v1__glencore_sa_mining
101164,23,M,Single,0,0,Secondary,3.0,12.1,28.8,173.9,87.1,Daily,Regularly,4,207.94,5.79,19.2,8,66,22,0.0,synthetic_mining_v1__glencore_sa_mining
101165,30,M,Married,0,0,Primary,6.1,6.9,27.7,162.4,73.0,Daily,Never,2,212.66,7.98,39.9,9,248,20,0.0,synthetic_mining_v1__glencore_sa_mining
101166,43,F,Single,2,1,Secondary,5.6,14.0,25.3,159.7,64.6,Never,Occasionally,0,205.02,7.19,25.3,5,77,25,0.0,synthetic_mining_v1__glencore_sa_mining
101167,38,M,Single,0,0,Secondary,10.6,6.4,25.6,168.0,72.3,Never,Occasionally,2,229.31,6.79,14.8,8,30,21,2.0,synthetic_mining_v1__glencore_sa_mining
101168,29,M,Married,2,2,Secondary,1.3,32.7,23.2,174.9,71.0,Occasional,Never,2,274.58,6.42,6.3,6,135,9,8.0,synthetic_mining_v1__glencore_sa_mining
101169,35,M,Married,2,2,Diploma,16.4,14.4,30.8,178.3,97.8,Never,Occasionally,0,212.76,3.95,5.0,11,203,20,11.0,synthetic_mining_v1__glencore_sa_mining
101170,38,M,Divorced,1,1,Tertiary,10.2,38.7,34.6,165.7,95.0,Former,Never,5,263.11,6.87,30.0,8,255,20,5.0,synthetic_mining_v1__glencore_sa_mining
101171,43,F,Married,1,1,Secondary,11.6,18.9,25.7,161.5,67.0,Daily,Occasionally,6,210.13,5.73,33.2,5,177,28,0.0,synthetic_mining_v1__glencore_sa_mining
101172,33,M,Married,0,0,Primary,2.9,24.4,28.9,173.7,87.3,Never,Occasionally,3,193.02,5.52,19.3,3,151,26,1.0,synthetic_mining_v1__glencore_sa_mining
101173,36,M,Married,0,0,Secondary,4.4,11.7,34.4,179.7,111.1,Never,Never,5,211.18,6.51,0.3,6,303,19,3.0,synthetic_mining_v1__glencore_sa_mining
101174,22,F,Single,0,0,Diploma,4.2,5.0,25.3,167.3,70.8,Occasional,Occasionally,5,213.67,6.22,23.7,10,13,21,0.0,synthetic_mining_v1__glencore_sa_mining
101175,28,M,Single,4,0,Secondary,2.7,15.7,21.6,171.9,63.7,Never,Occasionally,3,140.89,6.55,6.2,6,43,17,0.0,synthetic_mining_v1__glencore_sa_mining
101176,53,M,Widowed,3,3,Diploma,26.5,9.7,26.8,174.2,81.2,Occasional,Never,3,307.29,6.84,5.6,10,59,26,5.0,synthetic_mining_v1__glencore_sa_mining
101177,19,F,Married,4,1,Secondary,5.8,6.4,31.8,154.5,75.8,Daily,Occasionally,2,225.72,6.44,18.2,5,130,22,10.0,synthetic_mining_v1__glencore_sa_mining
101178,35,M,Divorced,1,1,Secondary,12.8,35.9,18.1,158.7,45.5,Never,Heavy,1,240.46,6.05,30.5,9,47,17,0.0,synthetic_mining_v1__glencore_sa_mining
101179,40,M,Married,1,1,Diploma,0.8,9.5,20.6,160.6,53.1,Daily,Never,2,194.7,7.56,3.1,4,122,18,2.0,synthetic_mining_v1__glencore_sa_mining
101180,35,M,Divorced,2,2,Diploma,5.6,11.3,29.1,172.5,86.6,Occasional,Never,2,183.31,4.89,11.7,2,138,21,4.0,synthetic_mining_v1__glencore_sa_mining
101181,31,M,Married,0,0,Diploma,4.1,3.1,19.7,163.8,52.9,Daily,Never,2,196.94,5.48,6.8,8,106,18,1.0,synthetic_mining_v1__glencore_sa_mining
101182,37,M,Single,2,1,Secondary,4.1,3.9,26.1,180.1,84.7,Former,Occasionally,3,246.09,3.5,18.9,11,50,30,0.0,synthetic_mining_v1__glencore_sa_mining
101183,38,M,Single,0,0,Primary,7.2,27.8,30.2,176.2,93.6,Occasional,Never,2,171.66,6.64,2.7,11,7,21,0.0,synthetic_mining_v1__glencore_sa_mining
101184,37,M,Married,2,2,Secondary,2.5,18.2,27.8,168.0,78.6,Daily,Occasionally,1,162.01,6.92,14.4,9,92,25,16.0,synthetic_mining_v1__glencore_sa_mining
101185,21,M,Married,1,0,Secondary,4.0,10.0,29.4,164.7,79.7,Occasional,Occasionally,0,243.23,5.88,11.2,8,46,19,2.0,synthetic_mining_v1__glencore_sa_mining
101186,37,M,Married,6,1,Primary,14.1,10.7,19.3,165.1,52.7,Never,Regularly,2,230.92,6.95,15.4,6,91,18,2.0,synthetic_mining_v1__glencore_sa_mining
101187,30,M,Married,2,0,Secondary,6.6,8.0,33.5,192.1,123.5,Daily,Regularly,0,231.47,6.22,15.8,6,31,11,89.0,synthetic_mining_v1__glencore_sa_mining
101188,33,M,Married,2,1,Secondary,9.1,51.9,20.3,173.9,61.4,Daily,Regularly,0,175.88,8.41,23.3,10,234,25,18.0,synthetic_mining_v1__glencore_sa_mining
101189,40,M,Single,2,0,Primary,8.9,20.2,25.4,175.8,78.5,Never,Never,5,221.86,6.11,22.9,5,135,12,3.0,synthetic_mining_v1__glencore_sa_mining
101190,44,M,Divorced,2,2,Secondary,10.7,5.4,35.7,157.9,89.1,Daily,Occasionally,3,220.75,6.34,18.4,5,38,17,28.0,synthetic_mining_v1__glencore_sa_mining
101191,46,M,Married,3,2,Secondary,2.4,29.6,22.9,176.3,71.1,Daily,Occasionally,2,281.69,7.1,18.0,9,223,28,0.0,synthetic_mining_v1__glencore_sa_mining
101192,34,M,Married,0,0,Secondary,7.7,4.8,23.1,175.7,71.3,Never,Regularly,5,175.19,6.02,14.1,12,49,24,1.0,synthetic_mining_v1__glencore_sa_mining
101193,46,M,Married,1,1,Diploma,2.6,14.8,27.2,177.5,85.9,Never,Occasionally,2,240.87,5.34,6.4,4,42,20,2.0,synthetic_mining_v1__glencore_sa_mining
101194,49,M,Widowed,3,0,Secondary,7.0,2.2,34.3,168.7,97.6,Daily,Occasionally,3,240.17,9.39,27.8,8,179,24,34.0,synthetic_mining_v1__glencore_sa_mining
101195,48,M,Married,2,1,Secondary,2.8,16.9,26.2,170.5,76.3,Former,Occasionally,1,266.91,5.57,26.5,2,39,23,16.0,synthetic_mining_v1__glencore_sa_mining
101196,51,M,Married,1,0,Primary,12.0,9.1,36.8,165.9,101.3,Never,Occasionally,5,238.59,5.47,14.9,7,67,22,5.0,synthetic_mining_v1__glencore_sa_mining
101197,37,M,Single,1,1,Secondary,2.1,22.9,29.9,171.0,87.5,Occasional,Occasionally,5,255.39,6.66,38.3,9,326,30,5.0,synthetic_mining_v1__glencore_sa_mining
101198,36,M,Married,1,1,Secondary,1.4,8.1,28.2,168.9,80.6,Former,Occasionally,1,142.33,4.78,23.6,13,29,25,1.0,synthetic_mining_v1__glencore_sa_mining
101199,45,M,Married,3,3,Secondary,4.4,6.4,27.0,167.5,75.8,Occasional,Occasionally,3,186.84,4.8,7.8,6,100,20,0.0,synthetic_mining_v1__glencore_sa_mining
101200,26,M,Divorced,3,0,Diploma,2.6,8.7,24.7,166.8,68.7,Former,Never,3,284.57,5.07,16.8,7,108,24,1.0,synthetic_mining_v1__glencore_sa_mining
101201,40,F,Single,4,0,Secondary,4.0,26.3,31.9,161.2,82.9,Never,Never,2,221.04,9.11,14.5,7,69,12,3.0,synthetic_mining_v1__glencore_sa_mining
101202,33,M,Single,3,3,Diploma,4.3,19.2,26.5,169.4,76.1,Daily,Occasionally,2,137.07,7.32,3.0,7,226,22,6.0,synthetic_mining_v1__glencore_sa_mining
101203,35,M,Divorced,0,0,Secondary,7.9,18.4,27.9,161.3,72.6,Never,Regularly,1,217.39,6.43,22.4,7,9,13,4.0,synthetic_mining_v1__glencore_sa_mining
101204,22,M,Single,0,0,Secondary,6.3,2.0,35.9,160.5,92.5,Never,Never,2,182.45,5.3,30.4,8,65,31,4.0,synthetic_mining_v1__glencore_sa_mining
101205,30,M,Married,0,0,Primary,10.1,11.1,29.9,169.9,86.3,Former,Regularly,4,235.3,5.61,5.7,9,50,26,1.0,synthetic_mining_v1__glencore_sa_mining
101206,38,M,Single,0,0,Secondary,15.1,16.2,28.1,181.7,92.8,Never,Regularly,1,233.36,5.1,44.1,8,174,22,13.0,synthetic_mining_v1__glencore_sa_mining
101207,46,M,Married,1,1,Secondary,13.3,12.4,16.0,160.1,41.0,Never,Never,2,240.67,5.82,88.9,6,75,27,0.0,synthetic_mining_v1__glencore_sa_mining
101208,47,M,Single,3,2,Diploma,0.4,6.9,25.4,177.6,80.2,Never,Never,7,205.81,6.05,5.5,7,27,19,1.0,synthetic_mining_v1__glencore_sa_mining
101209,37,M,Single,2,0,Secondary,11.2,6.2,27.5,167.6,77.4,Former,Occasionally,2,278.72,5.22,2.5,8,95,28,2.0,synthetic_mining_v1__glencore_sa_mining
101210,36,M,Divorced,2,2,Secondary,1.5,25.3,29.3,176.5,91.1,Occasional,Occasionally,2,204.15,6.54,31.3,7,88,22,6.0,synthetic_mining_v1__glencore_sa_mining
101211,31,M,Single,2,2,Diploma,12.1,14.8,22.4,163.8,60.0,Daily,Never,1,243.17,6.9,47.6,8,224,24,0.0,synthetic_mining_v1__glencore_sa_mining
101212,42,M,Married,5,5,Secondary,6.9,8.3,26.7,170.3,77.4,Occasional,Never,2,208.3,4.46,15.0,3,88,14,6.0,synthetic_mining_v1__glencore_sa_mining
101213,36,M,Single,1,0,Secondary,11.6,7.4,30.4,148.5,67.1,Daily,Regularly,0,292.01,5.52,0.5,5,365,18,57.0,synthetic_mining_v1__glencore_sa_mining
101214,43,M,Married,2,1,Secondary,9.7,21.7,33.3,167.5,93.6,Never,Regularly,0,215.27,7.09,6.9,8,54,22,4.0,synthetic_mining_v1__glencore_sa_mining
101215,54,M,Married,2,0,Secondary,5.4,6.0,22.4,155.2,53.9,Former,Occasionally,2,265.79,6.37,27.7,8,13,19,2.0,synthetic_mining_v1__glencore_sa_mining
101216,38,M,Divorced,3,2,Secondary,3.7,13.0,28.9,175.0,88.5,Never,Never,3,241.12,6.14,6.4,11,177,17,2.0,synthetic_mining_v1__glencore_sa_mining
101217,25,F,Married,3,2,Primary,1.9,26.3,29.5,158.3,74.0,Daily,Occasionally,2,162.44,7.02,16.2,8,115,26,0.0,synthetic_mining_v1__glencore_sa_mining
101218,30,F,Married,2,1,Secondary,1.9,11.8,22.3,145.0,47.0,Daily,Regularly,1,181.93,6.43,2.6,7,226,15,4.0,synthetic_mining_v1__glencore_sa_mining
101219,25,M,Married,1,1,Primary,1.5,15.4,37.4,169.3,107.3,Daily,Never,2,263.57,3.5,18.3,13,36,30,43.0,synthetic_mining_v1__glencore_sa_mining
101220,27,M,Married,2,2,Secondary,6.5,4.0,27.6,164.8,75.0,Never,Regularly,2,262.79,7.04,17.2,12,50,20,1.0,synthetic_mining_v1__glencore_sa_mining
101221,50,M,Single,0,0,Primary,6.5,18.2,28.0,176.8,87.5,Daily,Never,1,178.18,6.62,27.3,8,19,19,6.0,synthetic_mining_v1__glencore_sa_mining
101222,40,M,Married,0,0,Secondary,11.7,35.3,31.4,166.1,86.7,Occasional,Regularly,2,171.41,8.62,1.5,8,17,11,0.0,synthetic_mining_v1__glencore_sa_mining
101223,24,F,Married,0,0,Secondary,11.7,19.4,27.8,156.6,68.2,Never,Regularly,2,296.78,8.35,50.0,5,286,38,13.0,synthetic_mining_v1__glencore_sa_mining
101224,44,F,Married,1,0,Primary,11.8,9.0,38.3,152.4,88.9,Occasional,Occasionally,3,181.19,5.27,5.3,4,217,20,12.0,synthetic_mining_v1__glencore_sa_mining
101225,49,M,Married,1,1,Primary,9.3,32.0,29.1,161.4,75.9,Never,Never,3,259.82,5.88,73.7,8,58,34,9.0,synthetic_mining_v1__glencore_sa_mining
101226,35,M,Married,2,0,Tertiary,7.2,1.3,25.6,184.6,87.4,Daily,Regularly,2,218.36,6.08,18.4,4,16,12,3.0,synthetic_mining_v1__glencore_sa_mining
101227,32,M,Married,2,0,Secondary,8.8,5.1,23.6,177.1,73.9,Never,Never,3,141.43,4.6,13.3,5,198,28,0.0,synthetic_mining_v1__glencore_sa_mining
101228,35,M,Married,1,1,Secondary,2.3,23.7,32.7,185.1,112.0,Never,Regularly,1,152.28,6.12,35.8,6,129,21,10.0,synthetic_mining_v1__glencore_sa_mining
101229,41,F,Married,2,2,Secondary,3.4,36.0,24.4,160.2,62.6,Never,Regularly,4,205.87,7.5,1.1,7,45,17,2.0,synthetic_mining_v1__glencore_sa_mining
101230,44,M,Single,0,0,Secondary,10.8,7.3,22.2,175.1,67.9,Former,Regularly,2,229.51,6.98,26.7,7,25,22,3.0,synthetic_mining_v1__glencore_sa_mining
101231,49,M,Single,0,0,Diploma,12.7,14.3,26.6,165.0,72.4,Never,Occasionally,1,266.2,4.04,26.9,8,29,24,0.0,synthetic_mining_v1__glencore_sa_mining
101232,49,M,Married,3,1,Tertiary,10.6,24.4,28.4,155.6,68.7,Never,Never,0,232.62,6.52,3.7,4,235,15,7.0,synthetic_mining_v1__glencore_sa_mining
101233,49,M,Divorced,2,0,Primary,3.2,34.1,25.9,172.4,76.9,Never,Occasionally,1,250.85,5.81,21.5,4,197,20,8.0,synthetic_mining_v1__glencore_sa_mining
101234,50,M,Single,0,0,Secondary,3.6,9.8,32.9,178.4,104.7,Never,Occasionally,0,275.69,6.3,5.2,7,97,15,4.0,synthetic_mining_v1__glencore_sa_mining
101235,44,M,Married,1,1,Secondary,24.1,31.1,28.9,150.6,65.5,Occasional,Occasionally,0,231.3,5.93,7.0,9,31,17,4.0,synthetic_mining_v1__glencore_sa_mining
101236,24,M,Single,2,1,Secondary,6.4,51.8,21.7,175.0,66.5,Never,Never,3,204.02,5.52,3.9,4,21,16,0.0,synthetic_mining_v1__glencore_sa_mining
101237,37,M,Married,2,0,Secondary,13.9,13.2,25.6,162.4,67.5,Never,Occasionally,1,243.34,6.26,4.4,6,112,14,0.0,synthetic_mining_v1__glencore_sa_mining
101238,41,M,Divorced,2,0,Secondary,0.3,3.8,28.7,178.0,90.9,Never,Regularly,1,204.9,6.47,10.3,5,56,24,0.0,synthetic_mining_v1__glencore_sa_mining
101239,35,M,Married,0,0,Secondary,6.7,8.8,30.7,169.0,87.7,Never,Never,1,203.12,6.95,9.6,6,89,18,2.0,synthetic_mining_v1__glencore_sa_mining
101240,46,F,Single,2,0,Secondary,5.9,14.5,24.2,148.3,53.4,Never,Occasionally,1,266.9,6.14,2.9,6,118,18,4.0,synthetic_mining_v1__glencore_sa_mining
101241,35,M,Married,1,1,Secondary,6.5,18.0,19.3,165.1,52.6,Daily,Occasionally,3,231.07,7.26,26.2,5,212,24,3.0,synthetic_mining_v1__glencore_sa_mining
101242,30,M,Married,0,0,Secondary,5.0,37.9,27.2,170.1,78.7,Daily,Occasionally,0,199.6,6.58,38.1,6,131,29,15.0,synthetic_mining_v1__glencore_sa_mining
101243,51,F,Married,3,1,Secondary,2.5,31.6,25.8,165.6,70.8,Daily,Occasionally,3,257.51,5.38,8.5,6,64,29,32.0,synthetic_mining_v1__glencore_sa_mining
101244,44,M,Married,2,1,Secondary,5.6,3.3,26.4,157.6,65.5,Daily,Occasionally,1,271.37,7.27,44.0,9,113,30,23.0,synthetic_mining_v1__glencore_sa_mining
101245,40,M,Single,2,2,Secondary,7.3,47.1,27.7,179.6,89.2,Occasional,Never,6,244.93,3.86,5.0,3,150,23,5.0,synthetic_mining_v1__glencore_sa_mining
101246,46,F,Married,0,0,Secondary,8.4,4.4,22.8,154.9,54.7,Never,Occasionally,4,236.39,6.49,25.8,2,94,13,3.0,synthetic_mining_v1__glencore_sa_mining
101247,48,F,Married,1,1,Diploma,18.2,9.6,17.6,161.5,45.9,Never,Occasionally,1,154.9,6.67,12.8,6,70,19,0.0,synthetic_mining_v1__glencore_sa_mining
101248,41,M,Married,4,3,Diploma,6.6,1.3,27.6,175.7,85.1,Daily,Regularly,1,167.71,7.0,26.2,10,12,22,13.0,synthetic_mining_v1__glencore_sa_mining
101249,19,M,Single,1,1,Secondary,9.1,11.2,29.3,171.5,86.1,Never,Occasionally,4,263.02,4.84,3.2,5,60,21,2.0,synthetic_mining_v1__glencore_sa_mining
101250,32,M,Married,1,1,Secondary,3.6,17.3,26.8,188.7,95.4,Never,Occasionally,2,301.49,5.87,4.3,6,283,19,0.0,synthetic_mining_v1__glencore_sa_mining
101251,34,M,Married,4,1,Secondary,5.8,17.0,35.7,172.3,105.8,Former,Occasionally,5,259.19,4.68,52.4,6,232,35,39.0,synthetic_mining_v1__glencore_sa_mining
101252,29,M,Married,3,0,Secondary,3.8,15.0,32.3,167.6,90.7,Former,Never,4,220.49,5.22,42.6,4,131,31,0.0,synthetic_mining_v1__glencore_sa_mining
101253,40,F,Married,1,1,Secondary,3.8,26.3,27.3,160.2,70.1,Never,Occasionally,0,234.6,5.96,29.2,7,33,19,6.0,synthetic_mining_v1__glencore_sa_mining
101254,49,M,Married,2,1,Secondary,1.0,61.0,29.3,175.0,89.7,Former,Occasionally,4,149.61,4.91,67.2,11,140,40,25.0,synthetic_mining_v1__glencore_sa_mining
101255,34,M,Divorced,1,1,Primary,2.8,38.8,28.8,150.4,65.1,Never,Regularly,5,251.02,8.49,3.7,4,63,20,1.0,synthetic_mining_v1__glencore_sa_mining
101256,28,M,Single,2,1,Secondary,8.4,30.1,27.3,173.0,81.7,Former,Regularly,2,159.36,6.71,10.5,7,71,14,2.0,synthetic_mining_v1__glencore_sa_mining
101257,56,M,Married,2,2,Secondary,9.4,69.9,28.7,178.4,91.3,Former,Occasionally,2,200.61,6.97,14.2,9,26,21,9.0,synthetic_mining_v1__glencore_sa_mining
101258,34,M,Single,2,2,Secondary,11.2,37.8,23.5,174.2,71.4,Occasional,Never,1,262.35,6.36,39.8,9,157,33,21.0,synthetic_mining_v1__glencore_sa_mining
101259,27,M,Single,3,1,Secondary,13.5,15.7,40.6,179.0,130.2,Never,Heavy,4,205.05,7.6,22.0,6,67,24,28.0,synthetic_mining_v1__glencore_sa_mining
101260,40,M,Married,1,1,Secondary,2.6,8.5,24.2,152.1,55.9,Daily,Heavy,2,229.75,7.65,13.1,12,50,19,18.0,synthetic_mining_v1__glencore_sa_mining
101261,42,F,Single,1,1,Secondary,6.8,39.5,36.2,152.2,83.8,Former,Never,1,282.3,8.01,6.3,8,56,23,9.0,synthetic_mining_v1__glencore_sa_mining
101262,32,M,Married,1,1,Tertiary,8.5,22.8,28.3,167.0,79.0,Daily,Regularly,3,241.64,7.06,17.2,4,95,17,0.0,synthetic_mining_v1__glencore_sa_mining
101263,45,M,Married,2,1,Diploma,0.5,23.4,27.1,175.2,83.2,Never,Occasionally,2,234.92,4.34,14.4,10,306,30,0.0,synthetic_mining_v1__glencore_sa_mining
101264,34,M,Married,2,1,Secondary,4.8,15.6,30.2,166.2,83.6,Never,Never,3,150.32,7.34,20.4,7,18,13,1.0,synthetic_mining_v1__glencore_sa_mining
101265,30,M,Married,0,0,Secondary,21.0,12.5,31.0,171.9,91.5,Former,Occasionally,1,140.41,7.4,13.2,8,206,14,3.0,synthetic_mining_v1__glencore_sa_mining
101266,40,M,Married,3,1,Diploma,5.6,66.6,27.5,166.0,75.7,Never,Never,3,214.44,5.5,13.2,6,8,23,3.0,synthetic_mining_v1__glencore_sa_mining
101267,45,M,Married,1,1,Primary,4.1,38.0,29.8,170.2,86.4,Daily,Occasionally,2,172.24,6.41,26.2,3,16,21,0.0,synthetic_mining_v1__glencore_sa_mining
101268,32,M,Widowed,0,0,Secondary,9.6,18.1,25.9,161.8,67.8,Former,Never,2,228.79,5.56,40.1,6,117,26,5.0,synthetic_mining_v1__glencore_sa_mining
101269,41,M,Married,0,0,Secondary,2.2,4.6,23.4,162.0,61.4,Occasional,Heavy,2,243.47,7.26,10.5,8,279,14,7.0,synthetic_mining_v1__glencore_sa_mining
101270,37,M,Single,0,0,Primary,8.0,17.9,31.1,174.6,94.7,Daily,Occasionally,3,259.13,7.46,26.3,8,79,25,0.0,synthetic_mining_v1__glencore_sa_mining
101271,62,M,Married,2,0,Secondary,1.2,6.0,38.7,175.0,118.6,Former,Occasionally,3,159.01,3.92,41.4,9,100,28,12.0,synthetic_mining_v1__glencore_sa_mining
101272,32,M,Married,2,2,Secondary,5.3,13.4,28.9,168.9,82.5,Daily,Regularly,2,213.55,5.57,12.5,4,26,16,8.0,synthetic_mining_v1__glencore_sa_mining
101273,50,F,Married,0,0,Secondary,8.9,16.9,29.7,146.3,63.5,Never,Occasionally,0,232.3,5.88,13.7,8,17,19,6.0,synthetic_mining_v1__glencore_sa_mining
101274,38,M,Divorced,1,1,Primary,4.7,1.3,34.2,166.4,94.7,Never,Occasionally,2,237.7,5.4,7.7,2,93,22,3.0,synthetic_mining_v1__glencore_sa_mining
101275,37,M,Married,1,1,Secondary,2.0,15.8,25.9,174.4,78.6,Daily,Occasionally,3,131.38,6.31,25.9,8,185,24,8.0,synthetic_mining_v1__glencore_sa_mining
101276,44,M,Single,4,2,Primary,3.4,18.3,29.8,174.9,91.3,Never,Occasionally,3,202.0,7.53,19.3,10,163,27,2.0,synthetic_mining_v1__glencore_sa_mining
101277,46,M,Married,0,0,Secondary,12.1,0.8,26.4,170.5,76.8,Never,Occasionally,3,261.79,6.97,12.2,4,176,18,0.0,synthetic_mining_v1__glencore_sa_mining
101278,49,M,Single,3,2,Secondary,10.4,36.6,30.6,155.7,74.2,Occasional,Occasionally,0,293.29,6.02,2.1,12,290,21,0.0,synthetic_mining_v1__glencore_sa_mining
101279,41,F,Married,3,1,Secondary,3.9,21.4,24.7,159.1,62.5,Occasional,Occasionally,4,113.44,5.59,5.9,5,47,17,1.0,synthetic_mining_v1__glencore_sa_mining
101280,33,M,Single,3,3,Secondary,11.6,30.7,32.6,171.7,96.1,Former,Never,5,265.41,3.99,21.2,14,31,27,17.0,synthetic_mining_v1__glencore_sa_mining
101281,33,F,Married,2,2,Tertiary,1.6,6.8,27.5,159.0,69.5,Never,Never,3,181.01,6.11,33.4,3,145,19,1.0,synthetic_mining_v1__glencore_sa_mining
101282,43,M,Married,3,0,Secondary,19.9,19.5,18.8,177.2,58.9,Never,Never,3,243.52,5.57,31.8,10,152,32,0.0,synthetic_mining_v1__glencore_sa_mining
101283,43,M,Married,2,2,Diploma,7.3,37.8,33.9,179.4,109.1,Former,Heavy,2,249.09,4.58,54.6,4,155,34,120.0,synthetic_mining_v1__glencore_sa_mining
101284,51,M,Single,1,1,Diploma,15.1,1.7,25.7,170.7,75.0,Occasional,Never,0,202.43,6.97,6.5,12,111,21,7.0,synthetic_mining_v1__glencore_sa_mining
101285,42,M,Married,2,2,Diploma,7.8,22.9,20.2,168.0,57.1,Former,Regularly,5,185.02,5.87,21.2,4,28,25,1.0,synthetic_mining_v1__glencore_sa_mining
101286,48,M,Married,1,1,Secondary,2.7,7.8,30.7,165.0,83.5,Never,Occasionally,2,179.88,5.46,29.2,6,166,22,5.0,synthetic_mining_v1__glencore_sa_mining
101287,52,M,Married,2,1,Primary,4.6,18.3,29.7,166.5,82.5,Never,Regularly,5,228.91,4.39,64.2,4,53,33,18.0,synthetic_mining_v1__glencore_sa_mining
101288,39,M,Married,0,0,Secondary,4.0,30.9,30.1,162.3,79.3,Former,Occasionally,2,171.37,3.5,27.3,7,281,20,7.0,synthetic_mining_v1__glencore_sa_mining
101289,25,F,Married,2,1,Diploma,10.2,18.7,23.5,162.8,62.3,Occasional,Occasionally,1,161.27,6.3,6.1,3,42,22,0.0,synthetic_mining_v1__glencore_sa_mining
101290,27,M,Married,1,1,Primary,9.8,8.3,26.6,152.1,61.6,Former,Regularly,3,247.97,7.64,21.6,4,85,16,2.0,synthetic_mining_v1__glencore_sa_mining
101291,25,M,Married,1,0,Diploma,3.3,19.0,26.4,173.8,79.7,Occasional,Never,1,233.1,6.99,3.3,7,149,22,10.0,synthetic_mining_v1__glencore_sa_mining
101292,52,F,Married,2,2,Diploma,3.6,16.9,30.2,154.5,71.9,Former,Heavy,2,215.47,3.92,2.8,10,22,21,12.0,synthetic_mining_v1__glencore_sa_mining
101293,30,M,Married,2,1,Diploma,10.4,26.1,29.9,178.6,95.2,Never,Never,3,265.87,8.02,10.2,10,154,13,2.0,synthetic_mining_v1__glencore_sa_mining
101294,49,M,Single,1,1,Primary,2.9,19.9,26.7,169.3,76.6,Never,Occasionally,2,239.94,6.42,47.7,9,163,23,7.0,synthetic_mining_v1__glencore_sa_mining
101295,43,F,Married,0,0,Primary,7.1,1.1,25.3,152.9,59.1,Never,Never,1,190.73,5.96,1.0,7,182,13,0.0,synthetic_mining_v1__glencore_sa_mining
101296,53,M,Single,0,0,Diploma,9.2,43.5,23.8,166.2,65.8,Daily,Occasionally,2,312.42,6.51,16.5,6,365,18,120.0,synthetic_mining_v1__glencore_sa_mining
101297,47,M,Single,0,0,Secondary,7.9,2.8,21.9,160.3,56.1,Never,Never,1,267.11,7.61,22.3,3,109,19,1.0,synthetic_mining_v1__glencore_sa_mining
101298,37,M,Single,0,0,Secondary,8.5,17.1,26.1,182.1,86.7,Former,Occasionally,1,238.42,6.84,15.8,7,93,17,2.0,synthetic_mining_v1__glencore_sa_mining
101299,36,F,Single,1,1,Tertiary,19.3,11.7,21.3,163.8,57.2,Occasional,Never,3,221.56,6.06,3.4,8,40,15,2.0,synthetic_mining_v1__glencore_sa_mining
101300,39,F,Married,2,2,Secondary,5.2,5.3,28.6,151.6,65.7,Former,Never,2,225.33,6.0,6.9,6,85,20,2.0,synthetic_mining_v1__glencore_sa_mining
101301,40,M,Married,1,1,Primary,2.9,5.0,19.1,161.7,49.9,Occasional,Occasionally,3,142.28,8.01,50.2,6,138,24,2.0,synthetic_mining_v1__glencore_sa_mining
101302,33,M,Divorced,2,1,Secondary,15.6,30.3,18.8,168.2,53.1,Never,Never,2,313.56,6.07,3.6,5,228,25,0.0,synthetic_mining_v1__glencore_sa_mining
101303,38,M,Divorced,1,1,Diploma,5.5,20.8,22.4,178.9,71.9,Occasional,Occasionally,0,215.3,3.63,17.2,6,100,26,0.0,synthetic_mining_v1__glencore_sa_mining
101304,52,M,Married,0,0,Primary,5.1,14.2,24.7,176.1,76.7,Former,Occasionally,3,236.14,4.37,13.4,5,79,22,10.0,synthetic_mining_v1__glencore_sa_mining
101305,23,M,Married,2,0,Diploma,3.2,33.1,26.9,167.3,75.3,Former,Occasionally,3,203.64,7.55,14.2,8,10,13,1.0,synthetic_mining_v1__glencore_sa_mining
101306,40,M,Single,3,3,Secondary,5.7,8.2,28.8,164.3,77.8,Never,Regularly,1,154.93,5.27,4.0,9,36,21,2.0,synthetic_mining_v1__glencore_sa_mining
101307,30,M,Single,1,1,Secondary,3.9,30.1,37.3,173.9,112.7,Occasional,Occasionally,0,195.33,5.17,19.6,9,250,27,40.0,synthetic_mining_v1__glencore_sa_mining
101308,40,F,Married,4,1,Secondary,20.2,3.0,26.1,157.8,65.0,Former,Never,1,171.57,7.25,3.2,8,157,26,0.0,synthetic_mining_v1__glencore_sa_mining
101309,46,M,Married,0,0,Secondary,10.7,13.1,29.6,166.8,82.4,Never,Occasionally,2,215.75,7.4,4.5,8,90,24,3.0,synthetic_mining_v1__glencore_sa_mining
101310,37,M,Single,2,2,Primary,3.8,7.1,25.7,180.8,83.9,Former,Regularly,1,214.57,7.16,10.5,6,233,24,1.0,synthetic_mining_v1__glencore_sa_mining
101311,45,M,Married,2,1,Secondary,4.2,12.3,28.1,151.8,64.8,Never,Regularly,1,250.18,5.55,29.9,2,70,22,28.0,synthetic_mining_v1__glencore_sa_mining
101312,24,M,Single,6,3,Tertiary,7.5,32.8,26.2,175.7,80.8,Occasional,Occasionally,3,235.48,5.24,11.3,8,128,24,6.0,synthetic_mining_v1__glencore_sa_mining
101313,48,F,Married,2,0,Tertiary,16.5,1.2,26.1,153.3,61.4,Occasional,Regularly,1,202.1,7.21,11.7,7,251,20,10.0,synthetic_mining_v1__glencore_sa_mining
101314,33,M,Married,0,0,Secondary,27.6,25.1,20.7,171.1,60.7,Former,Never,1,188.58,6.19,3.3,5,41,17,0.0,synthetic_mining_v1__glencore_sa_mining
101315,44,M,Married,2,2,Diploma,8.2,30.8,24.7,167.4,69.2,Daily,Occasionally,5,247.63,8.24,24.9,5,48,25,0.0,synthetic_mining_v1__glencore_sa_mining
101316,40,M,Married,1,1,Diploma,16.2,56.3,25.4,171.3,74.5,Never,Regularly,3,197.56,7.66,0.4,7,42,22,4.0,synthetic_mining_v1__glencore_sa_mining
101317,19,M,Married,0,0,Secondary,7.7,3.6,35.0,164.9,95.2,Daily,Regularly,1,209.58,5.78,16.3,8,264,28,0.0,synthetic_mining_v1__glencore_sa_mining
101318,31,M,Divorced,1,1,Diploma,3.3,32.9,33.5,173.4,100.8,Never,Never,2,255.09,5.29,14.9,12,52,10,2.0,synthetic_mining_v1__glencore_sa_mining
101319,40,M,Married,2,0,Diploma,1.3,8.9,28.9,165.2,78.8,Never,Never,0,146.03,6.03,38.3,7,199,25,4.0,synthetic_mining_v1__glencore_sa_mining
101320,52,M,Married,0,0,Diploma,4.9,4.8,29.7,169.9,85.8,Never,Occasionally,0,277.1,7.66,15.1,4,197,21,18.0,synthetic_mining_v1__glencore_sa_mining
101321,41,M,Divorced,1,1,Tertiary,5.0,17.6,33.3,166.1,91.9,Never,Regularly,3,145.82,5.81,7.3,8,21,20,3.0,synthetic_mining_v1__glencore_sa_mining
101322,40,F,Single,2,1,Primary,16.7,8.8,30.1,145.0,63.3,Daily,Occasionally,2,164.74,7.41,5.2,6,34,15,2.0,synthetic_mining_v1__glencore_sa_mining
101323,25,M,Married,2,2,Primary,7.3,28.1,18.0,176.8,56.1,Daily,Heavy,2,166.41,6.33,4.0,5,69,19,2.0,synthetic_mining_v1__glencore_sa_mining
101324,51,M,Single,1,1,Diploma,0.6,12.0,26.3,164.5,71.1,Occasional,Regularly,1,153.67,7.36,4.4,8,51,8,7.0,synthetic_mining_v1__glencore_sa_mining
101325,54,M,Single,0,0,Primary,5.7,20.8,27.9,163.4,74.5,Never,Occasionally,4,261.95,7.3,3.7,13,66,19,2.0,synthetic_mining_v1__glencore_sa_mining
101326,38,M,Divorced,0,0,Secondary,12.2,13.3,16.0,150.7,36.4,Former,Never,4,292.26,6.25,23.6,10,95,21,0.0,synthetic_mining_v1__glencore_sa_mining
101327,36,M,Married,2,2,Secondary,3.6,5.9,23.7,175.4,72.9,Never,Never,1,291.95,5.82,19.2,5,124,25,9.0,synthetic_mining_v1__glencore_sa_mining
101328,23,M,Single,1,1,Diploma,6.8,7.6,29.0,165.1,79.1,Never,Never,3,256.44,6.05,3.9,8,245,25,0.0,synthetic_mining_v1__glencore_sa_mining
101329,46,M,Single,2,1,Primary,14.5,17.1,25.0,167.9,70.3,Occasional,Occasionally,3,223.36,8.39,3.5,12,165,26,6.0,synthetic_mining_v1__glencore_sa_mining
101330,62,M,Divorced,1,0,Secondary,14.6,12.3,26.8,169.0,76.6,Never,Occasionally,0,251.16,8.48,12.3,7,97,20,0.0,synthetic_mining_v1__glencore_sa_mining
101331,44,M,Married,0,0,Secondary,8.7,5.8,37.5,159.9,96.0,Never,Never,3,191.82,6.99,20.6,7,131,22,3.0,synthetic_mining_v1__glencore_sa_mining
101332,49,F,Married,1,1,Secondary,7.5,8.0,24.9,158.3,62.5,Occasional,Occasionally,1,168.07,7.99,11.6,5,15,9,0.0,synthetic_mining_v1__glencore_sa_mining
101333,43,M,Divorced,0,0,Secondary,4.8,11.9,23.2,180.1,75.2,Never,Occasionally,0,253.37,5.45,40.1,7,44,31,21.0,synthetic_mining_v1__glencore_sa_mining
101334,29,M,Married,1,1,Tertiary,7.4,40.3,22.3,177.1,69.8,Daily,Regularly,2,115.46,5.66,44.0,10,38,27,2.0,synthetic_mining_v1__glencore_sa_mining
101335,50,F,Single,1,1,Diploma,20.3,10.3,34.2,163.3,91.2,Never,Regularly,4,258.9,6.5,3.7,6,260,18,0.0,synthetic_mining_v1__glencore_sa_mining
101336,27,M,Single,1,1,Primary,4.9,19.9,30.7,181.3,101.0,Never,Regularly,5,238.04,6.23,3.1,8,35,21,0.0,synthetic_mining_v1__glencore_sa_mining
101337,36,M,Divorced,2,2,Primary,4.4,13.0,27.6,172.5,82.2,Occasional,Regularly,2,204.55,5.07,7.3,3,92,24,0.0,synthetic_mining_v1__glencore_sa_mining
101338,41,M,Married,3,1,Primary,13.3,2.7,26.0,170.8,75.7,Former,Occasionally,3,188.48,5.47,11.0,5,72,20,1.0,synthetic_mining_v1__glencore_sa_mining
101339,46,F,Married,0,0,Primary,3.4,20.0,25.8,151.6,59.3,Never,Never,4,236.66,6.48,30.3,10,60,25,2.0,synthetic_mining_v1__glencore_sa_mining
101340,42,M,Single,1,1,Secondary,7.7,2.2,24.5,170.9,71.5,Occasional,Heavy,2,272.54,6.7,11.5,10,151,25,18.0,synthetic_mining_v1__glencore_sa_mining
101341,41,M,Married,0,0,Secondary,3.2,41.6,32.0,166.3,88.4,Never,Never,0,189.76,6.85,15.5,3,244,15,4.0,synthetic_mining_v1__glencore_sa_mining
101342,31,F,Divorced,5,0,Secondary,5.2,14.2,31.3,154.6,74.6,Never,Occasionally,0,196.86,7.41,16.7,7,92,26,5.0,synthetic_mining_v1__glencore_sa_mining
101343,26,M,Divorced,3,2,Secondary,8.3,6.2,29.4,160.0,75.4,Never,Occasionally,2,225.97,6.02,25.1,12,116,28,4.0,synthetic_mining_v1__glencore_sa_mining
101344,39,M,Single,1,1,Secondary,17.5,8.0,24.2,154.1,57.4,Never,Occasionally,0,251.56,5.55,3.9,8,104,16,1.0,synthetic_mining_v1__glencore_sa_mining
101345,32,M,Married,1,1,Secondary,10.1,9.9,19.4,179.5,62.3,Never,Regularly,0,181.08,6.73,9.9,5,129,27,1.0,synthetic_mining_v1__glencore_sa_mining
101346,26,M,Single,2,1,Primary,5.2,10.5,25.5,182.7,85.1,Never,Occasionally,2,340.2,6.58,7.7,6,53,34,0.0,synthetic_mining_v1__glencore_sa_mining
101347,27,M,Married,0,0,Secondary,8.2,4.0,24.7,178.5,78.8,Never,Occasionally,4,254.85,6.88,8.1,7,46,10,0.0,synthetic_mining_v1__glencore_sa_mining
101348,34,F,Married,0,0,Secondary,6.6,15.1,25.7,157.4,63.7,Former,Occasionally,2,166.28,7.31,13.7,11,152,28,2.0,synthetic_mining_v1__glencore_sa_mining
101349,21,M,Single,0,0,Secondary,11.4,10.4,25.4,171.1,74.5,Former,Never,4,291.85,6.4,11.3,5,156,20,2.0,synthetic_mining_v1__glencore_sa_mining
101350,26,M,Married,1,1,Primary,7.8,9.1,28.9,167.1,80.5,Never,Occasionally,3,191.46,7.74,23.3,7,148,22,0.0,synthetic_mining_v1__glencore_sa_mining
101351,23,M,Single,3,2,Secondary,10.4,27.4,33.6,166.9,93.6,Daily,Never,0,300.95,6.96,16.3,6,144,22,44.0,synthetic_mining_v1__glencore_sa_mining
101352,40,M,Single,1,1,Secondary,4.7,8.1,29.0,153.5,68.3,Never,Occasionally,1,112.15,6.53,21.3,8,236,22,4.0,synthetic_mining_v1__glencore_sa_mining
101353,42,M,Married,1,0,Secondary,5.8,12.8,28.1,168.5,79.7,Never,Never,2,258.49,7.53,68.2,5,160,28,0.0,synthetic_mining_v1__glencore_sa_mining
101354,56,M,Married,2,2,Secondary,10.0,31.7,21.2,163.1,56.4,Daily,Regularly,3,139.96,5.26,33.7,5,162,29,0.0,synthetic_mining_v1__glencore_sa_mining
101355,25,F,Single,4,1,Primary,13.3,32.3,25.5,161.2,66.3,Never,Occasionally,0,274.09,7.53,17.6,6,112,29,8.0,synthetic_mining_v1__glencore_sa_mining
101356,32,F,Married,2,2,Secondary,6.4,39.8,24.2,162.5,64.0,Former,Occasionally,2,283.09,8.34,2.4,6,15,14,3.0,synthetic_mining_v1__glencore_sa_mining
101357,46,M,Married,1,1,Secondary,5.8,12.4,25.6,173.3,76.7,Daily,Never,0,212.84,6.87,9.9,4,117,21,9.0,synthetic_mining_v1__glencore_sa_mining
101358,36,F,Married,0,0,Primary,2.5,17.0,32.0,164.0,86.2,Former,Never,2,290.49,5.43,38.8,9,33,29,12.0,synthetic_mining_v1__glencore_sa_mining
101359,35,M,Married,1,1,Tertiary,4.4,26.0,32.4,175.7,100.0,Never,Heavy,2,204.82,7.07,26.7,5,42,14,9.0,synthetic_mining_v1__glencore_sa_mining
101360,53,M,Single,3,0,Secondary,18.1,32.3,18.7,161.6,48.8,Never,Never,3,192.46,6.89,6.9,6,25,16,0.0,synthetic_mining_v1__glencore_sa_mining
101361,35,M,Married,3,0,Secondary,6.3,31.6,23.2,172.4,69.0,Never,Occasionally,2,180.33,5.06,50.3,8,275,35,8.0,synthetic_mining_v1__glencore_sa_mining
101362,28,M,Single,3,2,Diploma,11.4,13.5,18.3,171.0,53.6,Occasional,Never,2,234.15,6.18,6.4,5,291,21,2.0,synthetic_mining_v1__glencore_sa_mining
101363,26,M,Single,2,1,Secondary,3.5,16.9,36.0,162.0,94.5,Daily,Occasionally,3,235.24,6.41,23.8,7,137,26,0.0,synthetic_mining_v1__glencore_sa_mining
101364,41,M,Single,5,1,Diploma,7.7,22.9,34.1,162.9,90.6,Daily,Regularly,2,298.46,6.57,4.2,11,61,24,120.0,synthetic_mining_v1__glencore_sa_mining
101365,41,M,Married,2,2,Diploma,2.2,21.4,29.6,164.5,80.0,Former,Occasionally,1,250.4,4.15,39.1,8,86,30,12.0,synthetic_mining_v1__glencore_sa_mining
101366,26,M,Single,1,1,Secondary,7.0,19.1,31.6,173.0,94.4,Never,Occasionally,6,250.5,7.94,1.1,5,63,10,0.0,synthetic_mining_v1__glencore_sa_mining
101367,29,M,Married,2,0,Secondary,11.0,12.0,29.4,171.7,86.6,Daily,Heavy,2,292.9,6.5,4.7,8,218,23,0.0,synthetic_mining_v1__glencore_sa_mining
101368,43,M,Widowed,1,0,Primary,7.4,8.1,23.6,171.3,69.4,Former,Never,2,220.51,6.45,12.3,5,123,16,1.0,synthetic_mining_v1__glencore_sa_mining
101369,43,F,Single,1,0,Secondary,5.7,43.0,27.2,163.3,72.7,Former,Occasionally,2,241.27,5.12,0.6,5,155,22,11.0,synthetic_mining_v1__glencore_sa_mining
101370,32,M,Single,3,0,Secondary,8.9,42.3,18.5,171.0,54.1,Never,Occasionally,2,192.36,4.69,27.2,9,131,28,6.0,synthetic_mining_v1__glencore_sa_mining
101371,44,M,Single,4,0,Diploma,4.2,11.9,30.4,160.3,78.2,Never,Regularly,1,256.7,6.76,5.3,2,26,21,15.0,synthetic_mining_v1__glencore_sa_mining
101372,43,M,Married,0,0,Diploma,3.2,16.1,34.7,165.4,94.9,Occasional,Occasionally,2,158.36,6.41,19.1,3,183,22,18.0,synthetic_mining_v1__glencore_sa_mining
101373,22,F,Divorced,2,0,Primary,12.9,16.2,30.5,156.3,74.6,Daily,Never,2,131.35,4.38,6.2,7,26,24,4.0,synthetic_mining_v1__glencore_sa_mining
101374,35,M,Single,4,0,Secondary,5.0,26.1,24.3,172.4,72.2,Former,Never,3,197.46,7.52,17.3,7,60,19,1.0,synthetic_mining_v1__glencore_sa_mining
101375,42,M,Married,1,1,Secondary,8.6,21.9,30.4,162.0,79.8,Never,Regularly,2,300.2,3.83,10.4,8,60,33,37.0,synthetic_mining_v1__glencore_sa_mining
101376,33,M,Single,3,3,Secondary,12.3,31.1,26.7,170.2,77.4,Former,Heavy,1,225.98,6.01,23.3,6,80,18,6.0,synthetic_mining_v1__glencore_sa_mining
101377,19,M,Widowed,1,1,Secondary,3.4,11.9,26.0,166.4,71.9,Former,Occasionally,1,159.81,7.04,13.0,8,34,13,1.0,synthetic_mining_v1__glencore_sa_mining
101378,35,M,Married,3,1,Tertiary,3.0,7.5,30.6,173.3,91.8,Never,Occasionally,0,201.32,5.35,5.8,7,245,27,3.0,synthetic_mining_v1__glencore_sa_mining
101379,45,F,Married,0,0,Secondary,16.4,4.5,25.4,155.5,61.5,Never,Heavy,4,320.55,6.22,5.5,6,37,24,27.0,synthetic_mining_v1__glencore_sa_mining
101380,52,M,Single,1,1,Diploma,18.4,7.3,25.6,167.5,71.8,Never,Occasionally,1,181.15,5.89,22.2,6,151,20,5.0,synthetic_mining_v1__glencore_sa_mining
101381,19,M,Married,2,0,Secondary,6.6,5.5,27.8,184.9,95.0,Daily,Regularly,2,200.3,7.25,23.7,6,38,19,3.0,synthetic_mining_v1__glencore_sa_mining
101382,62,F,Married,3,0,Secondary,9.2,3.7,21.2,163.5,56.6,Daily,Never,3,256.16,5.27,5.3,4,142,12,11.0,synthetic_mining_v1__glencore_sa_mining
101383,28,M,Single,2,0,Primary,6.8,16.3,27.4,177.9,86.9,Daily,Never,3,198.06,6.63,33.8,8,22,19,3.0,synthetic_mining_v1__glencore_sa_mining
101384,47,M,Single,0,0,Primary,0.4,2.8,24.3,165.5,66.6,Former,Regularly,3,219.41,5.88,13.6,7,160,24,2.0,synthetic_mining_v1__glencore_sa_mining
101385,49,M,Married,2,2,Secondary,16.3,10.3,33.1,170.0,95.6,Never,Heavy,5,263.97,5.64,27.7,11,40,26,0.0,synthetic_mining_v1__glencore_sa_mining
101386,47,M,Married,0,0,Diploma,4.3,19.0,32.7,165.8,89.8,Never,Never,3,255.4,6.91,31.2,5,136,20,8.0,synthetic_mining_v1__glencore_sa_mining
101387,39,M,Divorced,2,2,Secondary,9.9,14.6,35.5,181.0,116.3,Never,Never,1,204.14,7.35,7.2,12,12,20,4.0,synthetic_mining_v1__glencore_sa_mining
101388,28,M,Married,1,0,Secondary,9.9,5.1,23.6,172.3,70.2,Never,Occasionally,4,214.63,5.92,29.3,6,151,18,1.0,synthetic_mining_v1__glencore_sa_mining
101389,44,M,Single,1,1,Diploma,2.2,10.2,27.1,173.8,81.7,Former,Regularly,2,113.69,8.46,14.4,6,67,23,1.0,synthetic_mining_v1__glencore_sa_mining
101390,32,M,Married,1,1,Secondary,1.0,30.5,35.3,156.2,86.1,Occasional,Occasionally,2,210.02,5.98,14.1,8,132,19,5.0,synthetic_mining_v1__glencore_sa_mining
101391,19,M,Married,1,1,Secondary,2.2,11.4,28.5,162.6,75.4,Daily,Heavy,4,190.61,6.37,7.4,8,181,28,0.0,synthetic_mining_v1__glencore_sa_mining
101392,62,M,Married,1,1,Primary,1.2,9.1,32.6,162.3,85.8,Never,Occasionally,3,196.97,6.39,36.7,6,21,33,0.0,synthetic_mining_v1__glencore_sa_mining
101393,44,M,Married,1,1,Secondary,10.5,53.0,26.3,174.4,79.9,Former,Occasionally,3,233.45,6.43,55.9,6,7,26,7.0,synthetic_mining_v1__glencore_sa_mining
101394,54,M,Widowed,0,0,Primary,2.2,33.3,22.6,161.0,58.4,Daily,Never,2,197.97,7.85,8.6,7,23,16,14.0,synthetic_mining_v1__glencore_sa_mining
101395,30,M,Single,1,0,Diploma,12.0,4.8,30.1,177.0,94.3,Former,Occasionally,2,200.02,5.0,25.5,4,20,28,1.0,synthetic_mining_v1__glencore_sa_mining
101396,51,M,Married,1,1,Secondary,4.5,3.3,31.0,165.7,85.3,Never,Occasionally,3,287.56,7.6,30.2,7,83,27,0.0,synthetic_mining_v1__glencore_sa_mining
101397,52,F,Single,2,1,Primary,5.1,54.0,36.4,157.9,90.6,Former,Occasionally,3,196.08,5.16,10.5,9,39,25,12.0,synthetic_mining_v1__glencore_sa_mining
101398,52,M,Divorced,1,1,Secondary,4.4,39.2,23.3,178.1,74.1,Never,Occasionally,2,216.18,7.83,12.7,9,27,20,2.0,synthetic_mining_v1__glencore_sa_mining
101399,38,M,Single,1,1,Primary,0.5,80.0,29.7,173.8,89.6,Never,Never,2,208.55,5.21,22.5,9,49,19,3.0,synthetic_mining_v1__glencore_sa_mining
101400,27,M,Divorced,1,1,Primary,7.8,24.0,28.9,174.8,88.3,Former,Occasionally,1,244.11,5.79,20.1,10,83,24,5.0,synthetic_mining_v1__glencore_sa_mining
101401,36,F,Married,1,1,Secondary,4.6,23.7,22.1,155.9,53.6,Never,Regularly,3,227.53,7.15,14.3,5,182,18,1.0,synthetic_mining_v1__glencore_sa_mining
101402,19,M,Divorced,1,1,Primary,3.3,8.7,23.3,168.8,66.5,Never,Heavy,2,271.38,5.3,36.5,6,188,33,12.0,synthetic_mining_v1__glencore_sa_mining
101403,23,M,Married,0,0,Primary,11.1,17.2,23.3,171.4,68.4,Never,Never,1,125.86,6.99,8.6,4,139,20,0.0,synthetic_mining_v1__glencore_sa_mining
101404,39,M,Single,1,1,Tertiary,9.8,36.6,25.8,162.4,67.9,Never,Never,3,216.4,4.09,6.1,7,83,19,2.0,synthetic_mining_v1__glencore_sa_mining
101405,29,M,Married,0,0,Primary,2.6,31.9,30.9,172.6,92.0,Former,Occasionally,1,209.02,5.5,17.2,10,129,15,0.0,synthetic_mining_v1__glencore_sa_mining
101406,37,M,Widowed,1,1,Diploma,7.2,13.2,36.0,168.3,102.0,Occasional,Never,3,152.23,6.34,26.4,9,78,20,3.0,synthetic_mining_v1__glencore_sa_mining
101407,37,M,Single,1,1,Primary,13.7,3.7,29.9,174.6,91.3,Former,Occasionally,1,271.86,6.75,9.9,10,144,27,0.0,synthetic_mining_v1__glencore_sa_mining
101408,55,M,Married,1,0,Secondary,7.5,3.0,25.4,161.9,66.7,Never,Occasionally,3,237.82,7.96,38.9,7,61,23,2.0,synthetic_mining_v1__glencore_sa_mining
101409,50,M,Married,0,0,Primary,7.3,11.8,32.9,173.5,99.0,Daily,Regularly,4,263.04,6.72,13.9,6,189,27,0.0,synthetic_mining_v1__glencore_sa_mining
101410,38,M,Married,1,1,Diploma,6.2,18.0,19.9,185.6,68.5,Never,Never,1,222.37,7.6,22.5,10,167,29,0.0,synthetic_mining_v1__glencore_sa_mining
101411,49,M,Single,2,1,Secondary,8.6,9.2,28.2,171.6,83.1,Former,Never,0,244.69,5.02,2.5,9,15,23,3.0,synthetic_mining_v1__glencore_sa_mining
101412,31,M,Married,2,0,Secondary,2.0,5.4,20.2,156.2,49.2,Daily,Regularly,4,194.23,4.47,2.5,8,119,18,0.0,synthetic_mining_v1__glencore_sa_mining
101413,35,M,Single,1,1,Tertiary,3.1,27.6,30.1,172.7,89.8,Never,Never,2,214.95,7.75,23.0,4,145,17,4.0,synthetic_mining_v1__glencore_sa_mining
101414,46,M,Single,4,2,Diploma,2.5,40.9,30.6,180.7,100.0,Never,Occasionally,3,195.24,4.76,0.4,16,71,21,7.0,synthetic_mining_v1__glencore_sa_mining
101415,27,M,Single,1,1,Secondary,1.8,14.0,33.6,176.1,104.2,Never,Never,0,217.38,5.6,24.5,5,42,27,5.0,synthetic_mining_v1__glencore_sa_mining
101416,35,M,Married,1,1,Diploma,3.8,9.6,28.1,178.5,89.4,Never,Regularly,2,288.91,7.28,32.2,14,25,27,0.0,synthetic_mining_v1__glencore_sa_mining
101417,26,M,Divorced,2,1,Diploma,5.9,6.4,22.6,159.5,57.3,Former,Heavy,1,120.46,5.08,4.0,4,134,24,2.0,synthetic_mining_v1__glencore_sa_mining
101418,39,F,Single,3,0,Secondary,6.6,21.2,22.2,146.6,47.8,Former,Never,0,318.5,6.0,16.4,6,208,20,5.0,synthetic_mining_v1__glencore_sa_mining
101419,53,F,Single,1,1,Secondary,3.9,41.8,25.0,164.4,67.6,Daily,Regularly,1,164.04,6.57,31.1,5,136,30,27.0,synthetic_mining_v1__glencore_sa_mining
101420,31,M,Married,5,0,Secondary,2.8,27.2,27.9,171.4,82.0,Occasional,Occasionally,1,240.18,8.16,29.4,7,23,21,0.0,synthetic_mining_v1__glencore_sa_mining
101421,40,M,Single,0,0,Secondary,17.5,3.0,30.5,166.1,84.2,Daily,Heavy,0,179.28,5.17,8.3,4,38,13,9.0,synthetic_mining_v1__glencore_sa_mining
101422,30,M,Married,1,1,Tertiary,2.1,34.4,18.9,168.9,54.0,Occasional,Never,0,253.72,5.08,20.2,4,72,24,0.0,synthetic_mining_v1__glencore_sa_mining
101423,28,F,Single,2,1,Secondary,17.4,43.6,33.5,153.9,79.2,Daily,Heavy,1,253.63,4.26,44.7,9,40,22,120.0,synthetic_mining_v1__glencore_sa_mining
101424,27,M,Married,4,2,Tertiary,17.5,8.0,26.2,160.9,67.9,Former,Heavy,3,123.29,8.22,33.7,9,294,32,0.0,synthetic_mining_v1__glencore_sa_mining
101425,51,M,Married,3,3,Secondary,1.5,11.9,30.5,184.4,103.8,Never,Regularly,0,215.24,5.28,31.0,5,57,23,15.0,synthetic_mining_v1__glencore_sa_mining
101426,59,M,Divorced,2,1,Primary,9.0,5.4,29.1,171.5,85.7,Former,Never,1,253.33,5.88,6.8,6,50,15,7.0,synthetic_mining_v1__glencore_sa_mining
101427,42,M,Married,1,0,Secondary,5.2,7.5,22.0,169.2,63.0,Never,Never,2,194.42,8.49,5.8,13,85,15,1.0,synthetic_mining_v1__glencore_sa_mining
101428,32,M,Married,2,0,Secondary,27.6,21.7,26.3,156.5,64.3,Former,Occasionally,1,169.29,4.04,13.5,6,252,19,2.0,synthetic_mining_v1__glencore_sa_mining
101429,44,F,Widowed,0,0,Primary,13.1,5.0,29.0,166.6,80.6,Occasional,Never,2,191.46,5.13,8.7,5,76,26,1.0,synthetic_mining_v1__glencore_sa_mining
101430,35,M,Married,1,1,Diploma,10.1,70.4,25.0,178.6,79.8,Occasional,Occasionally,3,147.65,6.53,12.6,13,120,20,3.0,synthetic_mining_v1__glencore_sa_mining
101431,45,M,Single,2,1,Secondary,2.3,16.5,28.3,162.7,74.8,Never,Never,2,249.3,7.43,31.5,7,216,23,0.0,synthetic_mining_v1__glencore_sa_mining
101432,41,M,Single,1,0,Diploma,12.7,16.3,28.2,173.6,84.8,Daily,Never,2,181.44,5.1,79.9,5,141,19,18.0,synthetic_mining_v1__glencore_sa_mining
101433,41,F,Married,4,0,Diploma,11.3,4.9,30.1,170.9,88.0,Occasional,Never,5,276.44,7.58,17.3,10,87,30,7.0,synthetic_mining_v1__glencore_sa_mining
101434,43,M,Married,0,0,Diploma,6.2,9.5,33.5,174.7,102.1,Daily,Regularly,4,217.68,6.79,5.7,7,57,18,7.0,synthetic_mining_v1__glencore_sa_mining
101435,33,M,Married,4,2,Secondary,7.7,6.8,26.4,180.3,85.7,Former,Occasionally,4,260.93,5.37,36.0,8,69,22,4.0,synthetic_mining_v1__glencore_sa_mining
101436,34,M,Single,2,1,Primary,5.4,8.9,28.9,169.5,83.1,Daily,Regularly,0,251.06,7.87,16.3,8,16,18,9.0,synthetic_mining_v1__glencore_sa_mining
101437,23,M,Married,1,1,Secondary,4.1,9.5,29.1,180.8,95.0,Former,Regularly,3,313.26,7.97,8.9,6,160,23,6.0,synthetic_mining_v1__glencore_sa_mining
101438,34,M,Single,1,0,Secondary,19.1,29.1,28.0,168.9,80.0,Never,Occasionally,3,207.78,6.21,4.6,5,159,20,1.0,synthetic_mining_v1__glencore_sa_mining
101439,25,M,Married,2,2,Primary,10.6,0.7,28.6,178.0,90.7,Never,Occasionally,2,226.12,7.4,1.2,5,70,16,0.0,synthetic_mining_v1__glencore_sa_mining
101440,37,M,Divorced,2,2,Primary,6.0,7.1,24.9,167.4,69.9,Never,Occasionally,4,322.15,7.71,10.0,7,68,19,3.0,synthetic_mining_v1__glencore_sa_mining
101441,29,M,Married,3,3,Secondary,4.1,40.3,33.9,170.3,98.5,Former,Never,1,244.56,7.21,30.7,5,42,25,0.0,synthetic_mining_v1__glencore_sa_mining
101442,39,M,Married,2,2,Primary,11.1,29.3,30.0,161.7,78.4,Daily,Regularly,0,189.8,5.82,7.4,9,61,18,35.0,synthetic_mining_v1__glencore_sa_mining
101443,42,M,Married,0,0,Secondary,4.6,19.7,28.7,170.3,83.2,Never,Never,1,261.91,5.37,6.3,9,191,24,5.0,synthetic_mining_v1__glencore_sa_mining
101444,25,F,Married,1,0,Primary,7.6,24.9,29.5,153.7,69.8,Daily,Occasionally,2,212.57,4.71,1.7,8,129,27,13.0,synthetic_mining_v1__glencore_sa_mining
101445,31,M,Single,2,2,Primary,3.5,11.1,28.4,167.0,79.2,Former,Never,3,221.94,7.33,50.2,12,13,16,0.0,synthetic_mining_v1__glencore_sa_mining
101446,30,M,Married,4,0,Secondary,9.6,15.9,26.4,164.0,71.1,Never,Occasionally,3,236.83,5.71,4.2,8,28,17,1.0,synthetic_mining_v1__glencore_sa_mining
101447,45,M,Single,0,0,Secondary,1.9,11.4,23.0,169.4,66.2,Never,Regularly,3,207.42,6.7,4.6,8,328,17,0.0,synthetic_mining_v1__glencore_sa_mining
101448,53,M,Married,0,0,Diploma,13.5,11.7,20.9,172.9,62.6,Former,Occasionally,2,160.27,5.3,28.1,10,12,12,0.0,synthetic_mining_v1__glencore_sa_mining
101449,46,M,Single,1,1,Diploma,9.6,37.9,31.4,177.4,98.6,Former,Occasionally,4,136.02,8.4,51.9,5,365,27,4.0,synthetic_mining_v1__glencore_sa_mining
101450,35,F,Divorced,1,0,Secondary,2.1,8.2,26.6,155.9,64.7,Former,Occasionally,1,205.26,8.22,14.7,10,75,19,1.0,synthetic_mining_v1__glencore_sa_mining
101451,51,M,Married,1,1,Tertiary,6.2,3.9,28.0,164.6,75.9,Occasional,Never,3,265.69,6.63,23.8,10,71,33,20.0,synthetic_mining_v1__glencore_sa_mining
101452,24,M,Single,1,1,Secondary,8.4,38.9,24.2,168.1,68.5,Never,Occasionally,0,235.23,7.92,36.7,8,94,32,0.0,synthetic_mining_v1__glencore_sa_mining
101453,51,M,Divorced,1,0,Diploma,9.9,7.0,23.4,172.4,69.6,Never,Occasionally,0,268.26,5.84,1.9,7,125,14,6.0,synthetic_mining_v1__glencore_sa_mining
101454,32,M,Married,2,1,Secondary,4.6,10.3,35.9,164.0,96.6,Never,Occasionally,3,182.41,6.01,20.7,7,105,20,3.0,synthetic_mining_v1__glencore_sa_mining
101455,19,M,Married,3,2,Secondary,13.5,14.4,27.3,177.9,86.4,Never,Regularly,0,219.11,5.57,21.2,7,83,22,5.0,synthetic_mining_v1__glencore_sa_mining
101456,62,M,Divorced,1,0,Diploma,3.5,18.9,34.6,163.5,92.6,Occasional,Never,1,202.92,7.61,8.4,9,151,22,17.0,synthetic_mining_v1__glencore_sa_mining
101457,52,M,Married,0,0,Secondary,8.2,28.8,34.8,171.2,101.9,Never,Regularly,0,144.92,6.14,2.0,11,166,18,7.0,synthetic_mining_v1__glencore_sa_mining
101458,29,M,Married,3,1,Secondary,10.6,5.8,26.2,176.5,81.6,Daily,Regularly,3,191.14,5.45,1.5,7,48,19,3.0,synthetic_mining_v1__glencore_sa_mining
101459,40,M,Married,0,0,Diploma,27.2,32.5,26.7,168.6,76.0,Never,Regularly,0,171.38,7.49,14.6,8,48,30,2.0,synthetic_mining_v1__glencore_sa_mining
101460,36,M,Married,1,1,Secondary,8.3,15.9,27.0,175.6,83.3,Daily,Never,2,257.79,7.37,26.1,9,73,23,12.0,synthetic_mining_v1__glencore_sa_mining
101461,39,F,Single,2,0,Diploma,8.5,13.8,26.1,159.2,66.1,Never,Regularly,1,211.74,7.55,5.2,9,51,23,1.0,synthetic_mining_v1__glencore_sa_mining
101462,25,F,Married,1,1,Secondary,0.3,11.5,24.7,156.6,60.7,Daily,Occasionally,2,169.57,3.87,6.8,8,230,23,3.0,synthetic_mining_v1__glencore_sa_mining
101463,32,M,Married,3,2,Diploma,9.5,3.4,26.2,171.8,77.3,Former,Regularly,5,237.08,5.84,15.5,6,241,18,3.0,synthetic_mining_v1__glencore_sa_mining
101464,42,M,Widowed,1,0,Primary,7.0,27.7,24.1,168.9,68.7,Daily,Occasionally,3,173.61,4.86,10.4,7,96,24,9.0,synthetic_mining_v1__glencore_sa_mining
101465,40,M,Married,0,0,Diploma,7.0,13.5,39.7,187.7,139.7,Former,Never,0,187.83,5.89,1.2,7,74,19,3.0,synthetic_mining_v1__glencore_sa_mining
101466,49,M,Divorced,2,2,Secondary,8.6,16.6,18.9,167.0,52.8,Never,Never,0,273.73,5.48,6.4,10,10,23,1.0,synthetic_mining_v1__glencore_sa_mining
101467,39,F,Single,2,2,Secondary,6.3,47.2,29.8,151.0,67.9,Never,Regularly,2,222.6,5.59,1.9,7,248,28,6.0,synthetic_mining_v1__glencore_sa_mining
101468,59,M,Single,3,1,Tertiary,5.3,8.0,31.3,171.1,91.7,Daily,Occasionally,5,210.49,8.56,11.9,6,56,15,4.0,synthetic_mining_v1__glencore_sa_mining
101469,32,M,Married,6,0,Primary,2.9,6.6,28.6,170.6,83.2,Never,Occasionally,3,207.3,5.47,27.3,6,49,33,1.0,synthetic_mining_v1__glencore_sa_mining
101470,40,M,Married,0,0,Primary,23.7,10.2,28.7,173.2,86.2,Occasional,Occasionally,1,188.53,6.99,1.8,9,121,26,2.0,synthetic_mining_v1__glencore_sa_mining
101471,21,M,Married,3,1,Secondary,9.5,6.5,30.5,167.7,85.8,Occasional,Occasionally,2,274.78,6.15,10.4,3,150,23,5.0,synthetic_mining_v1__glencore_sa_mining
101472,27,M,Married,1,0,Secondary,12.8,13.1,28.6,173.2,85.9,Former,Never,2,204.67,5.62,5.5,3,153,29,1.0,synthetic_mining_v1__glencore_sa_mining
101473,50,M,Married,2,2,Secondary,2.4,9.6,31.0,187.6,109.0,Never,Regularly,4,258.35,7.28,12.6,11,291,22,8.0,synthetic_mining_v1__glencore_sa_mining
101474,30,F,Married,2,2,Secondary,3.4,12.8,25.5,164.1,68.7,Never,Never,0,126.34,7.76,12.6,4,146,18,0.0,synthetic_mining_v1__glencore_sa_mining
101475,43,M,Married,3,1,Secondary,2.2,12.0,24.9,177.8,78.8,Never,Never,1,157.75,7.77,14.0,5,176,14,1.0,synthetic_mining_v1__glencore_sa_mining
101476,37,M,Single,1,1,Secondary,6.2,19.4,25.8,166.5,71.6,Former,Occasionally,1,287.19,7.1,31.9,5,98,26,13.0,synthetic_mining_v1__glencore_sa_mining
101477,29,F,Single,1,1,Secondary,8.7,34.7,16.0,159.2,40.6,Daily,Never,5,273.01,7.71,29.3,9,72,25,1.0,synthetic_mining_v1__glencore_sa_mining
101478,35,M,Married,1,1,Secondary,3.4,12.6,24.4,169.7,70.2,Former,Never,3,302.47,6.29,4.3,8,33,20,2.0,synthetic_mining_v1__glencore_sa_mining
101479,33,F,Married,1,1,Secondary,6.8,4.6,25.9,163.2,69.0,Occasional,Occasionally,3,248.76,5.91,13.4,6,123,20,3.0,synthetic_mining_v1__glencore_sa_mining
101480,34,M,Divorced,1,1,Secondary,6.4,4.8,31.2,158.4,78.4,Never,Heavy,1,205.64,6.04,35.4,8,173,25,23.0,synthetic_mining_v1__glencore_sa_mining
101481,45,M,Married,1,1,Secondary,4.4,5.3,30.8,170.9,89.8,Daily,Occasionally,1,209.42,7.05,11.3,10,47,17,8.0,synthetic_mining_v1__glencore_sa_mining
101482,44,M,Single,2,2,Primary,16.3,19.2,25.5,173.4,76.6,Never,Never,4,230.85,7.68,28.8,8,219,18,1.0,synthetic_mining_v1__glencore_sa_mining
101483,33,M,Single,0,0,Secondary,13.0,35.2,21.9,175.7,67.7,Never,Regularly,0,181.35,7.45,28.7,9,76,22,1.0,synthetic_mining_v1__glencore_sa_mining
101484,30,M,Single,3,3,Diploma,3.7,12.0,26.9,166.9,74.9,Occasional,Occasionally,2,243.42,4.47,39.1,8,9,24,8.0,synthetic_mining_v1__glencore_sa_mining
101485,41,M,Married,0,0,Secondary,18.0,8.2,29.4,171.5,86.3,Never,Never,3,249.53,7.9,21.1,7,58,32,3.0,synthetic_mining_v1__glencore_sa_mining
101486,37,M,Single,5,1,Tertiary,2.5,35.4,29.7,168.0,83.8,Daily,Heavy,2,172.76,6.5,15.8,9,61,22,0.0,synthetic_mining_v1__glencore_sa_mining
101487,47,M,Married,1,1,Secondary,10.7,10.5,27.7,161.6,72.4,Never,Never,0,306.78,6.38,58.4,4,14,26,6.0,synthetic_mining_v1__glencore_sa_mining
101488,62,F,Married,1,0,Primary,12.0,18.0,24.5,147.7,53.4,Never,Never,3,170.91,8.28,0.9,5,33,17,1.0,synthetic_mining_v1__glencore_sa_mining
101489,46,M,Married,2,2,Secondary,8.1,8.5,24.6,171.0,71.8,Never,Occasionally,1,236.07,5.73,3.3,10,99,20,3.0,synthetic_mining_v1__glencore_sa_mining
101490,38,M,Divorced,2,2,Secondary,4.7,21.6,28.1,169.7,80.8,Never,Never,0,176.52,6.19,41.8,4,78,21,7.0,synthetic_mining_v1__glencore_sa_mining
101491,36,M,Married,2,2,Primary,9.9,17.5,35.8,166.1,98.7,Former,Occasionally,2,224.18,5.55,15.8,7,52,28,12.0,synthetic_mining_v1__glencore_sa_mining
101492,30,M,Married,5,0,Secondary,1.3,16.3,34.7,168.2,98.2,Never,Never,2,232.01,5.84,40.5,8,99,31,5.0,synthetic_mining_v1__glencore_sa_mining
101493,30,M,Single,2,0,Diploma,1.4,21.7,29.4,172.8,87.7,Daily,Never,0,211.66,6.76,37.9,6,46,19,5.0,synthetic_mining_v1__glencore_sa_mining
101494,29,M,Single,1,0,Secondary,2.0,8.5,23.1,171.1,67.7,Daily,Regularly,2,173.36,5.69,6.0,5,7,19,1.0,synthetic_mining_v1__glencore_sa_mining
101495,34,M,Single,2,0,Secondary,2.6,32.6,24.8,164.6,67.3,Daily,Occasionally,4,214.12,7.43,9.3,6,45,16,4.0,synthetic_mining_v1__glencore_sa_mining
101496,34,M,Married,2,0,Secondary,2.6,4.6,22.7,175.7,70.0,Daily,Occasionally,2,186.34,5.86,4.4,3,116,25,3.0,synthetic_mining_v1__glencore_sa_mining
101497,45,M,Married,0,0,Secondary,6.0,21.4,30.8,183.0,103.3,Former,Regularly,6,239.9,6.59,13.5,5,77,19,2.0,synthetic_mining_v1__glencore_sa_mining
101498,34,M,Married,1,1,Primary,4.9,14.0,25.9,171.0,75.6,Occasional,Heavy,0,230.84,7.82,4.9,5,112,15,0.0,synthetic_mining_v1__glencore_sa_mining
101499,36,M,Married,4,3,Secondary,4.0,21.9,28.4,166.1,78.2,Never,Regularly,2,212.49,5.58,37.7,9,148,23,6.0,synthetic_mining_v1__glencore_sa_mining
101500,27,F,Married,2,1,Diploma,2.1,17.0,22.9,167.2,64.1,Occasional,Occasionally,1,182.93,5.89,0.6,8,121,19,0.0,synthetic_mining_v1__glencore_sa_mining
101501,53,M,Married,2,0,Primary,5.6,5.9,29.0,163.5,77.4,Never,Heavy,3,307.96,5.7,7.9,11,118,23,76.0,synthetic_mining_v1__glencore_sa_mining
101502,43,M,Single,0,0,Secondary,9.2,14.7,25.6,165.9,70.6,Former,Occasionally,2,155.3,6.2,20.9,3,38,15,1.0,synthetic_mining_v1__glencore_sa_mining
101503,54,M,Married,4,2,Secondary,12.7,21.0,27.4,158.4,68.7,Never,Occasionally,0,178.52,6.27,9.6,6,76,13,0.0,synthetic_mining_v1__glencore_sa_mining
101504,45,M,Single,0,0,Secondary,3.9,7.0,22.7,181.7,74.9,Former,Never,4,241.62,6.24,34.7,3,136,26,0.0,synthetic_mining_v1__glencore_sa_mining
101505,51,M,Married,3,1,Secondary,1.8,5.7,26.9,171.4,78.9,Occasional,Occasionally,3,174.98,7.17,13.2,2,150,28,4.0,synthetic_mining_v1__glencore_sa_mining
101506,36,M,Single,1,1,Secondary,0.6,2.7,25.7,171.2,75.2,Daily,Regularly,2,226.53,5.22,20.9,6,85,28,18.0,synthetic_mining_v1__glencore_sa_mining
101507,44,M,Married,0,0,Secondary,9.8,18.4,20.6,173.3,61.8,Never,Occasionally,2,179.68,6.57,6.7,11,196,21,0.0,synthetic_mining_v1__glencore_sa_mining
101508,62,M,Married,1,0,Secondary,10.1,24.1,27.8,179.0,89.1,Former,Regularly,2,237.49,6.27,27.9,9,135,21,37.0,synthetic_mining_v1__glencore_sa_mining
101509,27,M,Married,2,2,Diploma,7.8,21.9,22.3,175.0,68.3,Occasional,Never,3,106.23,6.43,13.0,11,178,30,1.0,synthetic_mining_v1__glencore_sa_mining
101510,49,M,Married,3,0,Diploma,15.6,12.5,31.5,166.3,87.1,Occasional,Never,4,208.12,5.44,10.2,6,65,17,6.0,synthetic_mining_v1__glencore_sa_mining
101511,53,M,Married,2,1,Secondary,4.2,18.2,26.2,167.4,73.5,Daily,Occasionally,4,182.19,7.1,3.2,18,163,15,10.0,synthetic_mining_v1__glencore_sa_mining
101512,42,F,Married,1,1,Secondary,6.3,12.8,25.8,160.2,66.1,Occasional,Heavy,4,201.13,5.38,25.8,5,29,21,5.0,synthetic_mining_v1__glencore_sa_mining
101513,45,M,Single,2,0,Diploma,7.4,24.2,24.5,164.8,66.7,Daily,Occasionally,1,357.0,6.08,22.7,5,20,27,0.0,synthetic_mining_v1__glencore_sa_mining
101514,50,F,Single,2,0,Diploma,12.2,7.8,21.9,160.2,56.2,Never,Heavy,4,225.49,7.64,24.2,11,92,24,8.0,synthetic_mining_v1__glencore_sa_mining
101515,32,M,Divorced,4,3,Secondary,3.6,10.2,27.4,164.7,74.3,Former,Occasionally,6,272.09,8.31,15.3,3,67,17,1.0,synthetic_mining_v1__glencore_sa_mining
101516,42,M,Single,2,0,Secondary,2.9,2.9,25.2,169.6,72.5,Never,Occasionally,4,208.6,6.42,27.3,6,104,24,1.0,synthetic_mining_v1__glencore_sa_mining
101517,30,M,Single,4,0,Secondary,1.5,8.3,28.6,180.3,92.9,Never,Occasionally,3,256.82,6.07,27.0,5,90,32,5.0,synthetic_mining_v1__glencore_sa_mining
101518,32,M,Married,0,0,Diploma,27.9,24.6,30.3,169.3,86.9,Never,Occasionally,3,277.28,4.45,10.5,10,151,28,10.0,synthetic_mining_v1__glencore_sa_mining
101519,32,F,Single,1,1,Secondary,5.2,8.8,33.1,151.5,75.9,Never,Occasionally,3,206.32,6.07,37.4,5,70,31,0.0,synthetic_mining_v1__glencore_sa_mining
101520,37,F,Single,2,1,Secondary,2.7,25.1,34.5,151.4,79.1,Never,Occasionally,0,206.56,5.21,23.2,7,18,24,5.0,synthetic_mining_v1__glencore_sa_mining
101521,39,M,Married,1,0,Secondary,9.6,21.2,26.9,170.6,78.2,Never,Occasionally,4,243.69,6.76,52.6,7,28,28,4.0,synthetic_mining_v1__glencore_sa_mining
101522,42,M,Single,1,1,Secondary,3.6,11.0,26.2,168.8,74.7,Daily,Never,1,220.92,5.88,20.4,5,216,25,14.0,synthetic_mining_v1__glencore_sa_mining
101523,25,M,Single,0,0,Tertiary,9.8,2.7,32.3,158.5,81.2,Former,Regularly,2,304.79,6.95,15.3,13,137,32,25.0,synthetic_mining_v1__glencore_sa_mining
101524,56,F,Married,1,1,Primary,7.6,13.0,27.8,151.3,63.7,Occasional,Occasionally,5,215.26,5.56,0.4,8,54,23,4.0,synthetic_mining_v1__glencore_sa_mining
101525,49,M,Single,1,1,Diploma,14.6,4.4,26.8,173.0,80.0,Never,Never,3,297.02,5.27,8.2,4,272,23,6.0,synthetic_mining_v1__glencore_sa_mining
101526,45,M,Divorced,0,0,Secondary,4.6,11.5,27.5,183.2,92.4,Occasional,Never,3,175.89,6.46,42.4,8,35,19,6.0,synthetic_mining_v1__glencore_sa_mining
101527,35,F,Single,4,0,Secondary,11.6,6.2,26.9,154.2,64.0,Former,Occasionally,2,220.76,6.68,25.0,4,65,22,8.0,synthetic_mining_v1__glencore_sa_mining
101528,37,M,Single,2,1,Secondary,16.7,4.9,26.5,179.3,85.1,Never,Heavy,3,203.29,6.1,21.6,6,19,19,9.0,synthetic_mining_v1__glencore_sa_mining
101529,43,M,Married,2,2,Diploma,4.4,11.0,29.1,172.0,86.1,Never,Occasionally,0,187.14,5.55,19.8,9,234,29,4.0,synthetic_mining_v1__glencore_sa_mining
101530,42,F,Single,1,1,Secondary,4.3,2.7,27.7,165.3,75.8,Never,Occasionally,3,275.69,6.86,2.1,8,106,13,1.0,synthetic_mining_v1__glencore_sa_mining
101531,23,M,Married,1,1,Primary,10.3,19.8,29.3,159.2,74.2,Former,Heavy,0,219.91,8.25,10.7,7,236,24,11.0,synthetic_mining_v1__glencore_sa_mining
101532,45,M,Married,1,1,Tertiary,11.4,17.0,30.9,179.4,99.3,Occasional,Never,1,275.36,5.1,19.3,10,146,30,71.0,synthetic_mining_v1__glencore_sa_mining
101533,62,F,Married,2,1,Secondary,5.8,15.9,23.6,160.8,61.0,Former,Occasionally,2,212.49,4.54,10.8,5,44,17,11.0,synthetic_mining_v1__glencore_sa_mining
101534,21,M,Divorced,0,0,Primary,2.4,8.3,31.1,178.3,99.0,Former,Occasionally,1,201.48,7.52,3.3,15,56,24,1.0,synthetic_mining_v1__glencore_sa_mining
101535,47,M,Married,2,1,Diploma,4.9,18.1,22.0,179.1,70.6,Daily,Occasionally,1,265.65,4.96,46.6,3,16,21,39.0,synthetic_mining_v1__glencore_sa_mining
101536,41,F,Divorced,1,1,Secondary,3.1,22.5,29.3,161.9,76.7,Daily,Occasionally,4,236.28,7.11,4.1,11,104,19,3.0,synthetic_mining_v1__glencore_sa_mining
101537,37,M,Single,2,0,Diploma,11.4,42.8,34.2,180.0,110.6,Never,Never,2,276.21,5.82,38.5,2,116,29,0.0,synthetic_mining_v1__glencore_sa_mining
101538,51,M,Married,1,0,Secondary,11.1,3.6,23.2,178.9,74.4,Daily,Regularly,3,155.28,6.41,11.0,8,102,19,0.0,synthetic_mining_v1__glencore_sa_mining
101539,27,M,Married,1,1,Diploma,6.9,3.8,29.9,158.3,74.9,Former,Occasionally,2,324.53,7.01,48.6,8,76,24,27.0,synthetic_mining_v1__glencore_sa_mining
101540,40,M,Married,1,0,Primary,13.0,4.2,31.5,172.0,93.3,Daily,Never,3,224.97,6.42,12.9,9,256,30,0.0,synthetic_mining_v1__glencore_sa_mining
101541,52,F,Married,0,0,Secondary,8.6,17.5,18.4,155.1,44.3,Daily,Regularly,3,188.59,5.78,8.9,8,154,16,14.0,synthetic_mining_v1__glencore_sa_mining
101542,36,M,Divorced,0,0,Secondary,2.8,6.3,21.9,172.7,65.3,Occasional,Occasionally,2,244.33,9.48,5.1,10,71,11,1.0,synthetic_mining_v1__glencore_sa_mining
101543,34,M,Single,0,0,Secondary,3.0,13.1,26.9,171.8,79.3,Former,Never,3,172.55,5.41,3.3,3,119,23,2.0,synthetic_mining_v1__glencore_sa_mining
101544,39,M,Single,1,0,Diploma,3.2,12.3,28.7,173.6,86.5,Never,Regularly,4,114.16,5.84,0.8,10,97,18,2.0,synthetic_mining_v1__glencore_sa_mining
101545,34,M,Married,3,2,Secondary,8.8,5.5,28.8,165.0,78.5,Daily,Never,0,266.0,5.57,23.8,3,172,25,16.0,synthetic_mining_v1__glencore_sa_mining
101546,52,F,Married,1,1,Diploma,0.3,7.7,27.0,154.8,64.6,Never,Never,4,171.1,6.24,10.7,6,59,10,0.0,synthetic_mining_v1__glencore_sa_mining
101547,30,M,Married,1,1,Secondary,5.9,32.0,26.8,175.2,82.3,Never,Occasionally,3,197.83,6.51,19.7,5,221,23,1.0,synthetic_mining_v1__glencore_sa_mining
101548,46,M,Married,4,1,Primary,27.8,7.4,27.5,185.7,94.7,Never,Never,4,229.44,4.11,9.5,10,129,28,7.0,synthetic_mining_v1__glencore_sa_mining
101549,26,M,Married,0,0,Secondary,11.3,9.6,30.9,184.1,104.7,Daily,Regularly,4,185.56,6.97,9.6,7,274,11,3.0,synthetic_mining_v1__glencore_sa_mining
101550,44,M,Divorced,2,2,Secondary,5.7,17.7,26.4,172.4,78.6,Never,Regularly,3,236.6,7.14,7.7,5,216,16,3.0,synthetic_mining_v1__glencore_sa_mining
101551,37,M,Divorced,1,1,Diploma,4.1,10.3,17.1,170.3,49.6,Former,Heavy,3,209.65,4.07,19.5,7,223,25,0.0,synthetic_mining_v1__glencore_sa_mining
101552,19,M,Single,1,1,Diploma,3.7,12.1,25.6,172.6,76.4,Never,Occasionally,1,186.42,5.87,20.5,12,92,28,2.0,synthetic_mining_v1__glencore_sa_mining
101553,38,M,Married,3,2,Secondary,5.2,11.3,25.1,180.6,81.7,Never,Occasionally,1,252.33,6.39,24.0,5,62,27,4.0,synthetic_mining_v1__glencore_sa_mining
101554,28,F,Divorced,0,0,Primary,6.3,11.7,29.1,168.2,82.4,Occasional,Occasionally,2,306.2,6.18,15.4,1,87,22,8.0,synthetic_mining_v1__glencore_sa_mining
101555,34,F,Single,2,2,Secondary,6.8,33.3,32.2,161.5,83.9,Never,Never,3,159.92,6.43,61.9,1,29,31,2.0,synthetic_mining_v1__glencore_sa_mining
101556,52,M,Married,0,0,Diploma,6.4,11.8,24.6,173.9,74.3,Never,Occasionally,3,195.58,4.22,3.0,5,155,23,2.0,synthetic_mining_v1__glencore_sa_mining
101557,28,M,Married,1,1,Tertiary,10.8,11.0,31.5,161.4,82.0,Never,Regularly,3,297.84,7.1,21.0,8,153,29,9.0,synthetic_mining_v1__glencore_sa_mining
101558,28,M,Married,1,1,Secondary,13.3,34.8,25.1,157.2,62.0,Daily,Heavy,1,242.16,7.09,26.1,7,66,19,40.0,synthetic_mining_v1__glencore_sa_mining
101559,51,M,Single,0,0,Secondary,8.9,27.2,31.9,164.3,86.1,Occasional,Occasionally,1,211.35,6.75,8.3,7,14,26,4.0,synthetic_mining_v1__glencore_sa_mining
101560,39,F,Married,2,0,Secondary,6.6,19.9,29.7,160.2,76.2,Never,Regularly,3,234.56,7.65,3.9,10,130,14,4.0,synthetic_mining_v1__glencore_sa_mining
101561,52,M,Single,1,0,Secondary,6.8,14.6,30.0,170.4,87.1,Daily,Regularly,2,249.17,7.87,46.4,14,117,33,34.0,synthetic_mining_v1__glencore_sa_mining
101562,41,M,Single,3,1,Secondary,6.1,7.8,30.3,157.2,74.9,Never,Occasionally,0,218.03,8.33,22.8,5,196,28,4.0,synthetic_mining_v1__glencore_sa_mining
101563,30,M,Married,2,1,Primary,1.9,29.7,40.6,160.9,105.2,Never,Heavy,0,210.19,7.46,7.7,6,102,14,14.0,synthetic_mining_v1__glencore_sa_mining
101564,37,M,Widowed,2,1,Secondary,4.5,3.0,32.2,162.2,84.6,Never,Occasionally,3,154.3,5.82,45.4,11,15,18,0.0,synthetic_mining_v1__glencore_sa_mining
101565,49,M,Married,4,1,Diploma,1.0,19.4,28.5,176.7,89.0,Never,Regularly,4,231.06,7.03,20.5,9,46,18,5.0,synthetic_mining_v1__glencore_sa_mining
101566,47,M,Single,1,1,Secondary,13.6,7.5,26.4,161.8,69.2,Daily,Occasionally,5,185.67,8.04,15.3,10,83,21,5.0,synthetic_mining_v1__glencore_sa_mining
101567,38,M,Married,2,2,Secondary,7.3,37.4,24.8,163.1,65.9,Occasional,Never,3,209.75,5.34,12.2,14,105,26,3.0,synthetic_mining_v1__glencore_sa_mining
101568,38,M,Married,3,3,Secondary,4.4,9.4,21.0,179.3,67.6,Never,Regularly,2,180.79,5.61,23.0,8,23,26,0.0,synthetic_mining_v1__glencore_sa_mining
101569,37,F,Married,1,1,Secondary,7.0,6.6,27.9,160.9,72.3,Daily,Never,3,234.65,7.64,41.2,8,38,30,20.0,synthetic_mining_v1__glencore_sa_mining
101570,33,F,Married,2,0,Secondary,5.3,4.4,24.4,154.3,58.0,Daily,Never,0,250.12,7.03,12.4,12,123,25,9.0,synthetic_mining_v1__glencore_sa_mining
101571,56,M,Married,0,0,Primary,2.7,10.7,32.6,178.9,104.4,Never,Never,2,155.25,6.24,4.0,5,38,16,3.0,synthetic_mining_v1__glencore_sa_mining
101572,38,M,Single,2,1,Secondary,7.5,4.9,31.4,173.7,94.6,Daily,Occasionally,5,238.75,5.43,25.2,10,150,25,0.0,synthetic_mining_v1__glencore_sa_mining
101573,28,M,Married,1,1,Secondary,2.2,12.5,16.0,168.7,45.5,Never,Occasionally,2,305.95,6.73,3.7,9,92,30,2.0,synthetic_mining_v1__glencore_sa_mining
101574,34,M,Divorced,2,0,Diploma,10.7,23.3,17.5,170.6,51.0,Never,Never,3,249.9,6.56,14.8,11,20,25,1.0,synthetic_mining_v1__glencore_sa_mining
101575,45,M,Married,2,0,Diploma,9.5,21.5,30.3,162.5,80.0,Occasional,Regularly,2,147.76,6.95,19.3,4,107,15,0.0,synthetic_mining_v1__glencore_sa_mining
101576,44,M,Married,2,1,Secondary,10.8,15.2,22.6,170.1,65.4,Never,Occasionally,4,208.91,6.52,33.1,3,115,24,1.0,synthetic_mining_v1__glencore_sa_mining
101577,37,M,Married,2,2,Secondary,2.7,1.9,28.5,160.9,73.7,Never,Occasionally,2,181.24,6.45,19.2,6,72,25,2.0,synthetic_mining_v1__glencore_sa_mining
101578,32,M,Married,3,3,Secondary,5.3,3.9,25.4,174.1,76.9,Never,Regularly,3,163.22,7.62,40.8,9,88,22,2.0,synthetic_mining_v1__glencore_sa_mining
101579,38,M,Divorced,1,1,Secondary,3.5,12.2,28.8,158.8,72.6,Daily,Never,2,267.93,8.51,2.7,6,134,18,13.0,synthetic_mining_v1__glencore_sa_mining
101580,23,M,Single,3,2,Secondary,2.9,35.7,25.6,173.5,77.0,Former,Occasionally,3,303.11,6.54,28.6,5,81,24,3.0,synthetic_mining_v1__glencore_sa_mining
101581,26,M,Married,5,2,Diploma,7.6,11.9,24.0,164.8,65.0,Daily,Never,2,266.79,7.93,55.8,6,40,17,17.0,synthetic_mining_v1__glencore_sa_mining
101582,45,F,Married,2,2,Diploma,10.0,13.6,23.5,156.2,57.4,Daily,Heavy,1,169.51,7.9,0.6,11,143,27,0.0,synthetic_mining_v1__glencore_sa_mining
101583,34,M,Married,0,0,Diploma,14.4,2.9,31.3,170.8,91.3,Former,Occasionally,2,230.34,9.14,7.9,9,123,18,4.0,synthetic_mining_v1__glencore_sa_mining
101584,41,F,Single,5,0,Diploma,3.8,16.8,23.8,159.8,60.8,Never,Regularly,1,226.93,7.21,20.3,6,80,12,8.0,synthetic_mining_v1__glencore_sa_mining
101585,49,F,Married,1,1,Secondary,14.1,17.9,29.6,161.6,77.3,Never,Regularly,3,187.9,5.71,52.3,8,79,26,0.0,synthetic_mining_v1__glencore_sa_mining
101586,44,M,Married,2,0,Secondary,9.3,13.3,23.9,167.2,66.9,Daily,Regularly,2,327.84,5.84,4.2,9,141,28,0.0,synthetic_mining_v1__glencore_sa_mining
101587,38,M,Married,3,0,Secondary,7.0,3.6,26.5,168.2,74.9,Never,Never,3,183.37,7.01,7.2,5,67,14,1.0,synthetic_mining_v1__glencore_sa_mining
101588,58,M,Single,1,1,Secondary,3.1,11.0,26.7,173.9,80.7,Daily,Never,4,171.12,6.17,17.9,8,114,26,4.0,synthetic_mining_v1__glencore_sa_mining
101589,44,M,Married,0,0,Primary,5.8,7.1,31.5,155.0,75.6,Never,Regularly,1,247.47,5.28,3.8,9,100,22,16.0,synthetic_mining_v1__glencore_sa_mining
101590,35,M,Married,1,1,Diploma,10.6,24.9,22.8,157.0,56.2,Never,Occasionally,5,250.63,6.67,44.6,9,210,38,2.0,synthetic_mining_v1__glencore_sa_mining
101591,45,M,Married,0,0,Secondary,14.5,13.0,25.1,177.9,79.3,Former,Regularly,0,194.73,9.03,20.0,9,71,26,4.0,synthetic_mining_v1__glencore_sa_mining
101592,42,M,Single,2,0,Secondary,14.5,11.4,31.7,172.9,94.7,Former,Regularly,2,231.3,6.14,34.1,9,142,24,18.0,synthetic_mining_v1__glencore_sa_mining
101593,30,M,Married,4,1,Secondary,7.0,15.4,35.4,168.1,100.1,Daily,Regularly,6,235.45,6.34,7.4,10,154,21,0.0,synthetic_mining_v1__glencore_sa_mining
101594,39,F,Married,1,1,Primary,7.0,18.3,26.5,159.2,67.2,Daily,Occasionally,1,190.15,7.05,12.6,6,64,17,0.0,synthetic_mining_v1__glencore_sa_mining
101595,36,M,Married,2,2,Primary,6.0,26.2,21.6,171.9,63.9,Never,Heavy,5,221.38,6.93,7.1,8,107,31,2.0,synthetic_mining_v1__glencore_sa_mining
101596,20,M,Single,2,0,Secondary,7.3,27.2,28.0,172.9,83.6,Never,Regularly,0,227.2,7.49,61.2,6,207,22,9.0,synthetic_mining_v1__glencore_sa_mining
101597,36,M,Single,2,2,Secondary,2.4,12.5,25.3,158.6,63.7,Occasional,Never,4,263.53,6.71,9.1,6,43,14,0.0,synthetic_mining_v1__glencore_sa_mining
101598,35,M,Divorced,1,0,Secondary,5.7,10.2,31.0,165.8,85.3,Occasional,Never,0,94.76,7.7,8.7,10,54,15,2.0,synthetic_mining_v1__glencore_sa_mining
101599,34,M,Married,2,0,Secondary,14.5,2.6,32.4,176.2,100.4,Occasional,Regularly,1,249.07,5.19,42.2,9,47,21,28.0,synthetic_mining_v1__glencore_sa_mining
101600,23,M,Single,1,0,Primary,6.9,16.0,28.1,167.0,78.3,Daily,Occasionally,2,222.15,7.1,18.4,8,50,15,0.0,synthetic_mining_v1__glencore_sa_mining
101601,35,F,Single,1,0,Secondary,1.0,37.4,23.8,150.2,53.7,Daily,Never,5,171.5,6.02,37.6,11,35,28,17.0,synthetic_mining_v1__glencore_sa_mining
101602,38,M,Married,3,2,Diploma,0.8,8.2,33.8,171.9,100.0,Former,Regularly,1,267.21,6.36,7.4,6,291,21,4.0,synthetic_mining_v1__glencore_sa_mining
101603,39,M,Married,1,1,Secondary,2.5,10.8,34.1,159.4,86.6,Daily,Occasionally,1,303.56,7.08,10.1,8,20,18,120.0,synthetic_mining_v1__glencore_sa_mining
101604,27,F,Single,6,0,Secondary,7.1,9.2,27.0,158.4,67.7,Never,Never,4,237.85,7.21,14.0,7,147,21,2.0,synthetic_mining_v1__glencore_sa_mining
101605,44,F,Married,2,1,Diploma,14.5,4.0,29.7,158.9,75.0,Daily,Heavy,3,191.57,5.8,6.5,13,51,20,73.0,synthetic_mining_v1__glencore_sa_mining
101606,27,M,Single,4,2,Diploma,5.3,15.8,26.2,162.4,69.0,Never,Never,5,207.3,6.59,50.0,5,137,29,2.0,synthetic_mining_v1__glencore_sa_mining
101607,36,M,Divorced,1,1,Primary,1.7,14.8,20.7,170.8,60.3,Daily,Regularly,3,219.8,7.63,12.4,10,195,23,3.0,synthetic_mining_v1__glencore_sa_mining
101608,50,M,Single,2,1,Primary,8.1,4.3,25.6,175.2,78.5,Never,Occasionally,4,185.79,6.69,23.1,7,50,16,1.0,synthetic_mining_v1__glencore_sa_mining
101609,32,M,Divorced,1,1,Tertiary,23.1,12.3,27.5,176.0,85.3,Occasional,Occasionally,2,211.95,6.7,4.1,8,13,11,2.0,synthetic_mining_v1__glencore_sa_mining
101610,33,M,Married,2,1,Secondary,7.8,8.9,25.3,173.1,75.7,Never,Occasionally,1,230.94,5.3,11.6,3,197,27,1.0,synthetic_mining_v1__glencore_sa_mining
101611,48,M,Single,1,1,Primary,3.1,9.8,36.9,169.8,106.3,Daily,Occasionally,4,237.91,7.29,14.8,4,35,22,13.0,synthetic_mining_v1__glencore_sa_mining
101612,34,M,Married,2,2,Secondary,0.9,14.8,27.3,180.0,88.6,Never,Occasionally,3,196.09,5.57,16.2,2,59,25,0.0,synthetic_mining_v1__glencore_sa_mining
101613,35,M,Married,2,2,Secondary,11.4,27.9,26.4,171.3,77.4,Never,Never,1,182.12,7.43,23.2,6,93,21,2.0,synthetic_mining_v1__glencore_sa_mining
101614,40,M,Single,1,1,Secondary,6.6,3.7,25.0,169.5,71.9,Never,Occasionally,1,235.86,5.28,16.8,8,178,29,0.0,synthetic_mining_v1__glencore_sa_mining
101615,48,M,Married,4,0,Secondary,4.8,8.5,24.6,178.7,78.6,Occasional,Occasionally,5,275.65,6.01,15.0,5,196,22,11.0,synthetic_mining_v1__glencore_sa_mining
101616,19,M,Married,4,0,Secondary,25.3,20.6,20.8,172.9,62.3,Former,Regularly,2,323.78,7.26,13.2,8,89,17,3.0,synthetic_mining_v1__glencore_sa_mining
101617,30,M,Married,2,1,Secondary,8.8,14.2,23.7,162.1,62.2,Former,Heavy,1,129.64,6.07,4.0,10,69,20,0.0,synthetic_mining_v1__glencore_sa_mining
101618,29,F,Married,4,0,Tertiary,10.3,21.7,28.0,158.4,70.4,Never,Occasionally,4,193.63,7.46,8.9,11,11,20,0.0,synthetic_mining_v1__glencore_sa_mining
101619,28,M,Married,1,1,Tertiary,2.2,10.2,26.1,181.7,86.3,Never,Occasionally,1,278.11,5.83,12.8,8,154,22,5.0,synthetic_mining_v1__glencore_sa_mining
101620,30,M,Married,1,1,Primary,4.9,5.0,27.8,175.7,85.9,Never,Regularly,2,208.9,8.2,11.4,9,54,22,0.0,synthetic_mining_v1__glencore_sa_mining
101621,30,M,Single,0,0,Secondary,4.7,19.1,26.1,172.1,77.4,Former,Never,0,152.45,7.36,28.3,5,137,25,1.0,synthetic_mining_v1__glencore_sa_mining
101622,41,F,Divorced,2,1,Secondary,9.5,53.1,22.5,158.4,56.5,Never,Occasionally,3,193.95,6.71,2.2,2,35,30,4.0,synthetic_mining_v1__glencore_sa_mining
101623,30,M,Married,0,0,Primary,10.4,3.7,27.5,163.8,73.8,Occasional,Regularly,0,243.37,4.85,23.0,4,85,23,10.0,synthetic_mining_v1__glencore_sa_mining
101624,39,F,Single,1,1,Secondary,4.3,51.2,25.4,159.2,64.3,Former,Occasionally,1,191.18,6.05,2.7,7,96,16,0.0,synthetic_mining_v1__glencore_sa_mining
101625,42,M,Single,0,0,Secondary,23.4,36.3,33.3,172.7,99.3,Never,Occasionally,4,276.73,8.03,31.6,8,46,26,8.0,synthetic_mining_v1__glencore_sa_mining
101626,31,M,Single,0,0,Primary,4.1,9.4,23.6,173.5,70.9,Daily,Regularly,2,238.83,5.82,5.9,8,6,21,3.0,synthetic_mining_v1__glencore_sa_mining
101627,39,M,Single,2,1,Diploma,4.2,4.6,33.5,164.7,90.9,Former,Regularly,0,209.71,4.71,5.0,10,81,22,8.0,synthetic_mining_v1__glencore_sa_mining
101628,53,M,Single,1,1,Secondary,2.0,8.2,25.8,165.8,70.9,Former,Regularly,4,266.49,8.07,7.5,4,121,18,0.0,synthetic_mining_v1__glencore_sa_mining
101629,41,M,Married,2,1,Secondary,1.0,14.9,30.5,175.7,94.0,Former,Occasionally,2,187.22,5.13,30.8,9,72,32,6.0,synthetic_mining_v1__glencore_sa_mining
101630,32,M,Single,2,0,Secondary,16.4,26.6,25.9,181.7,85.6,Daily,Regularly,0,234.67,7.58,9.9,9,193,21,56.0,synthetic_mining_v1__glencore_sa_mining
101631,37,M,Married,2,0,Secondary,4.0,13.2,24.3,178.2,77.1,Daily,Never,3,236.82,9.63,6.8,12,35,18,0.0,synthetic_mining_v1__glencore_sa_mining
101632,30,M,Married,0,0,Diploma,7.2,12.7,28.3,175.1,86.9,Daily,Never,3,189.15,6.39,21.1,3,122,29,6.0,synthetic_mining_v1__glencore_sa_mining
101633,40,M,Married,1,1,Secondary,15.3,37.1,22.0,176.0,68.3,Daily,Never,0,266.01,5.36,27.3,11,44,27,44.0,synthetic_mining_v1__glencore_sa_mining
101634,46,M,Married,2,0,Secondary,5.3,16.9,26.5,165.9,73.0,Never,Never,6,222.15,7.33,3.2,6,272,29,0.0,synthetic_mining_v1__glencore_sa_mining
101635,30,M,Single,2,1,Primary,4.7,10.5,29.6,167.6,83.1,Former,Never,4,267.73,7.13,19.7,9,98,28,4.0,synthetic_mining_v1__glencore_sa_mining
101636,36,M,Married,3,2,Diploma,7.0,7.1,21.9,170.6,63.8,Never,Occasionally,1,215.85,6.98,19.7,9,74,24,1.0,synthetic_mining_v1__glencore_sa_mining
101637,48,M,Single,1,1,Primary,0.3,24.7,23.1,173.1,69.1,Never,Never,0,184.84,6.34,4.8,4,76,12,2.0,synthetic_mining_v1__glencore_sa_mining
101638,33,M,Married,3,1,Secondary,18.6,34.0,20.6,177.8,65.1,Occasional,Heavy,2,213.68,7.48,5.6,9,86,20,0.0,synthetic_mining_v1__glencore_sa_mining
101639,40,M,Married,2,2,Secondary,3.6,13.5,26.7,169.1,76.5,Daily,Heavy,5,172.28,6.02,7.2,6,74,16,6.0,synthetic_mining_v1__glencore_sa_mining
101640,29,M,Married,0,0,Secondary,5.3,31.0,27.3,163.5,73.0,Daily,Occasionally,4,208.33,6.26,1.5,9,35,17,3.0,synthetic_mining_v1__glencore_sa_mining
101641,30,M,Married,1,1,Secondary,15.9,10.2,19.0,162.3,50.2,Former,Never,3,257.5,6.02,3.5,6,24,21,0.0,synthetic_mining_v1__glencore_sa_mining
101642,33,M,Married,3,0,Secondary,2.3,18.1,31.9,167.6,89.6,Former,Heavy,2,169.1,6.75,36.1,3,93,24,13.0,synthetic_mining_v1__glencore_sa_mining
101643,58,M,Married,3,0,Diploma,5.8,47.8,23.3,184.0,78.9,Former,Heavy,1,311.39,7.95,11.4,11,168,24,120.0,synthetic_mining_v1__glencore_sa_mining
101644,34,M,Divorced,3,1,Secondary,5.0,8.5,28.6,169.2,81.8,Former,Occasionally,3,171.08,4.16,18.0,11,76,31,7.0,synthetic_mining_v1__glencore_sa_mining
101645,33,F,Single,0,0,Primary,21.3,7.4,24.3,151.9,56.1,Never,Never,4,283.71,6.95,4.2,8,180,24,0.0,synthetic_mining_v1__glencore_sa_mining
101646,33,M,Married,4,0,Secondary,10.1,40.9,31.1,158.4,78.1,Never,Regularly,4,243.1,5.02,38.3,5,24,19,16.0,synthetic_mining_v1__glencore_sa_mining
101647,37,M,Married,2,2,Secondary,9.4,3.4,31.2,180.3,101.2,Former,Occasionally,3,242.97,5.11,9.0,3,13,23,3.0,synthetic_mining_v1__glencore_sa_mining
101648,44,M,Married,0,0,Secondary,6.7,18.6,34.4,174.0,104.2,Never,Heavy,1,268.98,7.89,4.1,10,38,14,8.0,synthetic_mining_v1__glencore_sa_mining
101649,40,M,Single,0,0,Secondary,15.4,52.5,28.4,182.8,95.0,Daily,Regularly,5,260.6,7.13,0.5,8,107,18,22.0,synthetic_mining_v1__glencore_sa_mining
101650,57,F,Married,2,1,Primary,11.3,23.0,17.5,153.6,41.2,Former,Never,3,223.7,6.76,5.1,4,171,20,2.0,synthetic_mining_v1__glencore_sa_mining
101651,40,M,Single,2,1,Diploma,7.9,2.1,32.8,173.8,99.2,Never,Occasionally,1,224.04,6.05,34.4,7,41,19,0.0,synthetic_mining_v1__glencore_sa_mining
101652,51,M,Married,1,1,Secondary,6.2,8.8,25.2,166.7,70.2,Never,Regularly,2,229.36,6.11,13.0,3,125,17,0.0,synthetic_mining_v1__glencore_sa_mining
101653,40,M,Married,4,2,Primary,5.2,8.5,27.9,171.0,81.5,Never,Heavy,0,224.86,5.62,20.5,11,198,19,12.0,synthetic_mining_v1__glencore_sa_mining
101654,43,F,Married,2,0,Secondary,1.8,11.1,25.2,156.9,61.9,Never,Heavy,3,187.4,7.45,14.1,8,52,21,4.0,synthetic_mining_v1__glencore_sa_mining
101655,25,M,Divorced,0,0,Diploma,6.7,11.8,31.6,164.1,85.0,Daily,Never,0,202.79,6.78,23.3,11,312,26,8.0,synthetic_mining_v1__glencore_sa_mining
101656,37,M,Married,2,1,Diploma,3.3,10.6,27.5,167.1,76.7,Never,Never,0,238.15,5.89,9.3,5,110,16,0.0,synthetic_mining_v1__glencore_sa_mining
101657,37,M,Married,2,2,Secondary,12.2,7.8,31.5,165.8,86.6,Never,Occasionally,2,114.48,5.27,31.9,5,229,25,2.0,synthetic_mining_v1__glencore_sa_mining
101658,36,M,Divorced,2,2,Diploma,1.4,8.8,18.9,165.8,52.1,Daily,Regularly,2,205.64,5.7,42.5,5,104,30,8.0,synthetic_mining_v1__glencore_sa_mining
101659,19,M,Married,2,1,Tertiary,4.2,23.8,25.8,163.9,69.4,Never,Never,3,214.71,6.09,11.2,9,273,25,1.0,synthetic_mining_v1__glencore_sa_mining
101660,46,M,Married,3,1,Secondary,7.5,22.4,20.4,171.8,60.3,Former,Never,1,232.14,6.13,10.9,4,82,23,0.0,synthetic_mining_v1__glencore_sa_mining
101661,35,M,Married,3,1,Primary,7.0,19.8,27.0,173.7,81.4,Never,Occasionally,5,227.68,7.49,15.6,10,268,21,2.0,synthetic_mining_v1__glencore_sa_mining
101662,34,M,Single,2,1,Primary,7.3,10.1,35.3,180.3,114.6,Never,Occasionally,1,80.0,6.15,28.2,11,215,25,3.0,synthetic_mining_v1__glencore_sa_mining
101663,36,M,Married,2,1,Diploma,3.6,28.0,25.4,180.9,83.2,Never,Never,3,261.74,5.7,74.1,6,235,30,0.0,synthetic_mining_v1__glencore_sa_mining
101664,36,M,Married,2,2,Secondary,6.7,17.3,32.4,167.3,90.6,Occasional,Never,0,281.53,8.01,24.2,4,47,19,5.0,synthetic_mining_v1__glencore_sa_mining
101665,42,M,Married,2,2,Diploma,7.7,39.6,31.9,171.5,93.9,Occasional,Occasionally,4,261.11,7.1,7.3,7,38,26,0.0,synthetic_mining_v1__glencore_sa_mining
101666,27,M,Single,0,0,Tertiary,9.8,5.9,32.1,172.7,95.7,Former,Occasionally,3,239.34,6.15,29.3,7,103,29,4.0,synthetic_mining_v1__glencore_sa_mining
101667,30,M,Married,0,0,Primary,1.2,12.3,21.4,162.8,56.7,Daily,Heavy,1,214.46,6.54,16.0,4,81,22,14.0,synthetic_mining_v1__glencore_sa_mining
101668,41,M,Married,3,1,Diploma,15.8,34.7,22.0,171.7,64.7,Never,Never,2,224.81,7.5,13.9,11,102,13,2.0,synthetic_mining_v1__glencore_sa_mining
101669,39,M,Married,0,0,Diploma,9.6,7.2,27.2,166.3,75.3,Occasional,Occasionally,1,209.96,5.84,9.2,5,35,21,2.0,synthetic_mining_v1__glencore_sa_mining
101670,35,M,Married,0,0,Secondary,2.0,9.4,32.3,162.6,85.4,Former,Occasionally,1,248.08,6.52,3.8,8,120,15,3.0,synthetic_mining_v1__glencore_sa_mining
101671,33,M,Married,1,1,Primary,6.6,13.1,18.3,178.1,58.0,Never,Occasionally,0,150.93,6.43,0.1,8,65,15,0.0,synthetic_mining_v1__glencore_sa_mining
101672,30,M,Divorced,1,1,Secondary,19.0,17.6,26.9,169.0,76.8,Never,Never,2,283.85,6.29,24.1,4,71,22,1.0,synthetic_mining_v1__glencore_sa_mining
101673,37,M,Single,2,1,Secondary,5.5,16.4,29.3,172.0,86.7,Daily,Heavy,3,195.27,8.61,26.4,6,97,25,57.0,synthetic_mining_v1__glencore_sa_mining
101674,49,M,Married,1,0,Secondary,3.5,29.0,28.9,175.5,89.0,Daily,Occasionally,1,214.83,7.51,3.3,5,120,23,9.0,synthetic_mining_v1__glencore_sa_mining
101675,28,M,Divorced,0,0,Diploma,1.7,14.8,26.2,171.1,76.6,Occasional,Occasionally,4,209.44,5.75,28.3,8,32,21,3.0,synthetic_mining_v1__glencore_sa_mining
101676,52,M,Married,2,2,Secondary,14.8,5.2,30.5,165.6,83.7,Never,Never,2,241.45,6.28,2.3,10,73,29,0.0,synthetic_mining_v1__glencore_sa_mining
101677,46,F,Married,6,1,Tertiary,2.4,32.3,30.8,148.0,67.6,Former,Never,0,323.99,6.9,15.6,3,131,29,0.0,synthetic_mining_v1__glencore_sa_mining
101678,34,M,Married,2,1,Secondary,8.4,42.2,26.4,179.2,84.9,Occasional,Regularly,3,279.7,6.15,29.6,10,117,27,14.0,synthetic_mining_v1__glencore_sa_mining
101679,45,M,Widowed,3,0,Secondary,9.9,32.8,29.8,157.9,74.3,Former,Never,1,222.9,6.83,54.1,7,107,30,0.0,synthetic_mining_v1__glencore_sa_mining
101680,25,M,Married,0,0,Diploma,9.2,2.2,23.2,169.8,66.8,Occasional,Never,1,228.27,7.18,37.2,6,50,19,3.0,synthetic_mining_v1__glencore_sa_mining
101681,22,M,Married,3,3,Primary,1.1,29.5,29.7,175.3,91.3,Daily,Regularly,1,213.16,5.47,11.1,3,23,19,6.0,synthetic_mining_v1__glencore_sa_mining
101682,26,M,Single,1,0,Secondary,5.9,32.4,33.5,163.0,88.9,Never,Regularly,4,269.15,6.61,27.3,6,75,22,4.0,synthetic_mining_v1__glencore_sa_mining
101683,34,M,Married,0,0,Secondary,3.0,18.8,33.6,181.6,110.9,Never,Never,3,201.69,6.85,65.6,5,54,21,4.0,synthetic_mining_v1__glencore_sa_mining
101684,35,M,Married,2,1,Secondary,4.1,6.1,22.7,170.8,66.3,Former,Occasionally,1,187.6,4.53,5.7,5,245,23,1.0,synthetic_mining_v1__glencore_sa_mining
101685,33,M,Single,2,0,Primary,5.6,7.2,29.5,172.0,87.2,Daily,Never,3,203.96,7.39,11.7,8,126,22,9.0,synthetic_mining_v1__glencore_sa_mining
101686,39,M,Married,2,1,Secondary,5.7,15.4,20.7,185.3,71.0,Daily,Occasionally,2,225.31,7.33,10.9,11,158,21,2.0,synthetic_mining_v1__glencore_sa_mining
101687,19,M,Divorced,2,2,Secondary,8.7,1.2,18.1,180.2,58.7,Never,Regularly,2,239.91,6.71,8.3,7,136,20,1.0,synthetic_mining_v1__glencore_sa_mining
101688,42,M,Married,2,1,Secondary,10.7,7.0,20.2,178.2,64.2,Never,Occasionally,2,253.46,7.07,6.7,10,118,17,2.0,synthetic_mining_v1__glencore_sa_mining
101689,25,M,Married,0,0,Diploma,4.5,11.0,26.2,174.6,80.1,Former,Never,0,270.93,6.99,16.1,10,79,31,0.0,synthetic_mining_v1__glencore_sa_mining
101690,32,F,Single,0,0,Secondary,11.2,25.2,31.4,154.8,75.2,Occasional,Never,3,286.06,5.41,11.8,5,98,26,9.0,synthetic_mining_v1__glencore_sa_mining
101691,34,M,Single,2,1,Secondary,18.4,4.0,32.1,177.0,100.5,Never,Occasionally,0,320.21,5.8,9.5,11,129,29,17.0,synthetic_mining_v1__glencore_sa_mining
101692,28,F,Divorced,0,0,Secondary,5.7,34.9,27.8,158.9,70.2,Daily,Regularly,6,249.85,8.18,30.3,5,153,26,19.0,synthetic_mining_v1__glencore_sa_mining
101693,26,M,Married,3,1,Secondary,12.1,21.6,25.4,185.0,86.8,Occasional,Never,3,289.08,7.06,33.6,8,106,24,6.0,synthetic_mining_v1__glencore_sa_mining
101694,29,M,Divorced,2,2,Secondary,1.6,13.8,29.2,188.4,103.4,Never,Occasionally,4,170.06,7.35,1.1,12,73,22,0.0,synthetic_mining_v1__glencore_sa_mining
101695,38,M,Married,2,0,Secondary,10.0,14.3,25.2,171.7,74.3,Never,Occasionally,4,280.22,4.2,12.3,9,52,27,3.0,synthetic_mining_v1__glencore_sa_mining
101696,43,M,Divorced,1,1,Primary,4.9,49.7,17.9,173.8,54.1,Daily,Occasionally,3,249.67,5.87,0.9,8,164,21,0.0,synthetic_mining_v1__glencore_sa_mining
101697,43,M,Single,1,0,Secondary,2.4,1.6,24.2,170.8,70.6,Former,Occasionally,3,235.81,5.46,20.4,3,118,27,0.0,synthetic_mining_v1__glencore_sa_mining
101698,29,M,Married,3,3,Primary,5.7,14.4,22.3,157.6,55.5,Never,Occasionally,5,231.06,4.91,38.7,8,67,21,0.0,synthetic_mining_v1__glencore_sa_mining
101699,31,M,Married,0,0,Diploma,12.0,11.9,30.4,171.2,89.2,Never,Regularly,1,292.63,5.6,53.6,10,144,34,18.0,synthetic_mining_v1__glencore_sa_mining
101700,30,F,Married,3,1,Secondary,5.7,15.4,23.1,166.7,64.1,Former,Heavy,1,169.07,7.64,16.6,12,141,13,0.0,synthetic_mining_v1__glencore_sa_mining
101701,42,M,Single,0,0,Primary,11.3,9.3,31.8,164.0,85.5,Never,Regularly,0,215.68,7.79,19.6,5,5,10,5.0,synthetic_mining_v1__glencore_sa_mining
101702,20,M,Single,0,0,Diploma,5.2,38.2,33.9,171.3,99.5,Former,Occasionally,3,207.0,7.21,12.4,7,25,21,2.0,synthetic_mining_v1__glencore_sa_mining
101703,49,M,Divorced,4,1,Secondary,3.7,10.2,24.5,160.1,62.8,Former,Regularly,1,157.37,5.16,40.7,6,28,26,9.0,synthetic_mining_v1__glencore_sa_mining
101704,34,M,Married,5,1,Primary,11.8,5.5,26.0,175.1,79.6,Never,Never,3,229.59,6.26,19.3,4,64,24,1.0,synthetic_mining_v1__glencore_sa_mining
101705,31,F,Married,2,1,Primary,11.5,11.6,17.8,164.4,48.1,Daily,Occasionally,4,142.48,5.7,45.4,8,230,28,2.0,synthetic_mining_v1__glencore_sa_mining
101706,41,M,Widowed,2,2,Secondary,13.5,47.1,22.7,171.3,66.6,Never,Occasionally,3,164.29,5.68,13.7,8,101,22,1.0,synthetic_mining_v1__glencore_sa_mining
101707,47,M,Single,0,0,Diploma,9.5,9.4,28.3,185.0,96.7,Daily,Occasionally,2,217.89,4.45,25.0,7,64,22,13.0,synthetic_mining_v1__glencore_sa_mining
101708,41,M,Single,1,1,Secondary,12.8,46.2,27.2,158.5,68.3,Former,Regularly,0,244.49,7.66,34.6,13,54,22,0.0,synthetic_mining_v1__glencore_sa_mining
101709,47,M,Single,2,0,Diploma,3.9,9.0,25.1,165.7,68.8,Occasional,Occasionally,3,232.36,9.44,20.4,13,81,21,8.0,synthetic_mining_v1__glencore_sa_mining
101710,39,M,Married,0,0,Secondary,4.7,14.6,31.9,176.4,99.2,Never,Never,2,205.52,5.4,5.0,17,63,33,4.0,synthetic_mining_v1__glencore_sa_mining
101711,49,M,Married,1,1,Secondary,2.3,11.2,27.5,175.7,84.9,Daily,Occasionally,1,232.63,6.67,2.9,5,101,21,17.0,synthetic_mining_v1__glencore_sa_mining
101712,49,M,Married,2,0,Secondary,3.8,16.2,25.4,179.1,81.6,Never,Never,3,181.01,5.76,76.5,8,190,25,7.0,synthetic_mining_v1__glencore_sa_mining
101713,37,M,Married,2,0,Secondary,8.5,5.6,18.3,169.2,52.4,Former,Never,3,276.89,6.44,11.2,8,132,22,5.0,synthetic_mining_v1__glencore_sa_mining
101714,51,M,Single,1,1,Primary,11.8,9.6,22.2,164.0,59.7,Former,Regularly,3,224.67,4.83,90.0,10,159,33,0.0,synthetic_mining_v1__glencore_sa_mining
101715,39,M,Single,3,0,Secondary,5.8,22.0,24.0,172.4,71.4,Occasional,Never,0,178.09,6.22,8.3,13,23,16,5.0,synthetic_mining_v1__glencore_sa_mining
101716,39,M,Single,2,2,Tertiary,2.4,75.6,19.7,166.3,54.5,Never,Never,1,200.79,7.31,16.1,7,191,28,6.0,synthetic_mining_v1__glencore_sa_mining
101717,30,M,Single,3,1,Primary,2.5,19.4,33.1,165.8,90.9,Former,Never,2,224.87,6.66,36.0,9,48,27,4.0,synthetic_mining_v1__glencore_sa_mining
101718,35,M,Single,3,2,Primary,29.4,1.7,34.0,175.1,104.1,Daily,Never,2,174.65,7.61,15.9,8,31,20,3.0,synthetic_mining_v1__glencore_sa_mining
101719,45,M,Single,2,0,Diploma,1.6,24.7,22.4,171.6,65.9,Former,Occasionally,1,143.41,6.02,4.9,13,61,12,1.0,synthetic_mining_v1__glencore_sa_mining
101720,26,F,Married,0,0,Diploma,7.7,16.9,33.3,154.7,79.7,Daily,Heavy,0,150.43,6.13,13.1,6,201,30,14.0,synthetic_mining_v1__glencore_sa_mining
101721,44,M,Married,2,1,Tertiary,3.7,33.4,25.1,166.6,69.7,Daily,Never,1,227.77,7.84,14.4,8,55,16,7.0,synthetic_mining_v1__glencore_sa_mining
101722,41,M,Married,2,1,Primary,10.4,12.9,26.6,167.8,75.0,Daily,Occasionally,3,272.43,7.66,14.0,11,87,23,18.0,synthetic_mining_v1__glencore_sa_mining
101723,40,M,Single,2,0,Secondary,1.3,14.9,35.8,172.9,107.1,Never,Never,3,218.37,3.99,9.0,5,90,23,1.0,synthetic_mining_v1__glencore_sa_mining
101724,19,M,Married,2,1,Secondary,4.6,0.8,22.9,182.4,76.2,Never,Never,1,218.36,5.07,27.7,5,94,26,1.0,synthetic_mining_v1__glencore_sa_mining
101725,37,M,Single,1,1,Secondary,4.9,13.5,23.0,162.3,60.5,Never,Never,2,201.58,6.6,12.6,7,77,17,0.0,synthetic_mining_v1__glencore_sa_mining
101726,44,M,Single,1,1,Secondary,21.4,12.3,37.6,180.6,122.8,Former,Regularly,4,255.32,6.2,3.7,10,145,21,0.0,synthetic_mining_v1__glencore_sa_mining
101727,31,M,Single,1,1,Secondary,4.9,6.3,27.6,173.5,83.0,Daily,Regularly,2,222.28,7.53,9.3,4,47,22,0.0,synthetic_mining_v1__glencore_sa_mining
101728,39,M,Single,0,0,Secondary,6.9,28.4,27.0,179.9,87.4,Daily,Never,1,241.62,6.14,23.6,11,25,28,10.0,synthetic_mining_v1__glencore_sa_mining
101729,19,F,Married,0,0,Primary,9.7,4.9,23.0,164.2,62.2,Former,Occasionally,2,203.99,6.32,18.2,5,121,10,0.0,synthetic_mining_v1__glencore_sa_mining
101730,44,M,Married,1,0,Tertiary,4.4,17.1,27.2,169.2,77.9,Daily,Occasionally,3,253.56,7.05,17.6,4,91,24,0.0,synthetic_mining_v1__glencore_sa_mining
101731,32,F,Single,2,0,Secondary,6.3,21.8,31.2,163.9,83.9,Former,Occasionally,3,216.7,5.17,20.8,8,65,22,2.0,synthetic_mining_v1__glencore_sa_mining
101732,46,M,Married,2,1,Tertiary,12.2,37.9,20.2,180.4,65.8,Former,Occasionally,2,257.34,4.64,11.9,2,41,26,0.0,synthetic_mining_v1__glencore_sa_mining
101733,21,F,Single,2,0,Diploma,12.6,1.4,24.7,159.0,62.4,Former,Never,1,152.48,7.14,5.4,12,51,13,0.0,synthetic_mining_v1__glencore_sa_mining
101734,44,M,Divorced,4,3,Primary,3.9,19.2,36.6,175.4,112.5,Never,Regularly,2,233.61,6.59,3.3,5,119,15,4.0,synthetic_mining_v1__glencore_sa_mining
101735,36,M,Divorced,3,1,Secondary,5.7,26.0,31.2,170.0,90.2,Occasional,Occasionally,5,276.63,5.33,30.0,10,117,35,24.0,synthetic_mining_v1__glencore_sa_mining
101736,45,M,Married,3,1,Secondary,3.6,9.5,28.5,168.9,81.3,Daily,Regularly,1,309.0,5.74,36.9,8,200,27,120.0,synthetic_mining_v1__glencore_sa_mining
101737,30,M,Married,2,1,Diploma,6.8,16.4,27.2,158.5,68.3,Never,Never,1,276.09,8.26,10.5,10,124,19,2.0,synthetic_mining_v1__glencore_sa_mining
101738,32,M,Single,1,1,Diploma,2.8,16.7,29.6,173.2,88.9,Daily,Regularly,2,206.68,8.77,7.0,6,143,21,6.0,synthetic_mining_v1__glencore_sa_mining
101739,58,F,Single,2,0,Secondary,5.3,23.4,23.4,152.9,54.7,Never,Occasionally,2,276.34,8.18,18.0,5,178,28,4.0,synthetic_mining_v1__glencore_sa_mining
101740,31,M,Divorced,1,0,Diploma,11.0,11.7,26.4,172.3,78.4,Never,Occasionally,2,134.19,8.76,13.5,9,191,24,1.0,synthetic_mining_v1__glencore_sa_mining
101741,32,F,Married,0,0,Diploma,0.4,5.7,33.3,164.0,89.6,Daily,Occasionally,2,237.08,6.7,13.7,6,20,20,0.0,synthetic_mining_v1__glencore_sa_mining
101742,36,M,Married,3,1,Secondary,15.3,14.6,20.8,171.7,61.3,Never,Occasionally,5,277.47,7.34,3.5,8,77,21,1.0,synthetic_mining_v1__glencore_sa_mining
101743,29,M,Married,2,2,Secondary,6.7,31.4,26.8,171.3,78.5,Never,Occasionally,2,158.91,4.37,7.0,9,90,20,2.0,synthetic_mining_v1__glencore_sa_mining
101744,49,M,Married,3,1,Tertiary,14.3,4.8,35.2,178.9,112.6,Never,Regularly,4,182.43,6.29,39.5,7,224,25,5.0,synthetic_mining_v1__glencore_sa_mining
101745,54,M,Married,1,1,Secondary,5.5,2.7,25.0,177.6,78.7,Occasional,Occasionally,2,297.29,5.93,4.3,7,231,21,20.0,synthetic_mining_v1__glencore_sa_mining
101746,32,M,Married,0,0,Diploma,10.3,10.1,31.0,167.2,86.8,Occasional,Occasionally,5,225.06,5.21,2.1,4,92,13,4.0,synthetic_mining_v1__glencore_sa_mining
101747,22,M,Single,1,1,Secondary,10.4,15.7,26.1,172.5,77.6,Never,Never,3,162.84,5.52,14.6,9,29,23,0.0,synthetic_mining_v1__glencore_sa_mining
101748,49,M,Divorced,1,1,Secondary,11.0,6.5,25.2,171.2,73.9,Former,Heavy,3,186.47,8.52,13.4,8,77,20,2.0,synthetic_mining_v1__glencore_sa_mining
101749,48,M,Married,1,1,Primary,11.7,38.9,31.4,176.1,97.3,Never,Heavy,1,206.77,5.16,3.4,4,152,26,18.0,synthetic_mining_v1__glencore_sa_mining
101750,45,M,Single,3,0,Secondary,7.2,16.0,27.5,172.9,82.1,Daily,Never,3,176.11,7.51,19.9,7,112,23,0.0,synthetic_mining_v1__glencore_sa_mining
101751,48,M,Married,2,1,Tertiary,7.2,6.7,22.4,170.7,65.3,Never,Occasionally,3,246.53,5.19,18.7,7,96,25,2.0,synthetic_mining_v1__glencore_sa_mining
101752,30,F,Single,1,1,Diploma,4.7,39.4,25.1,162.8,66.6,Never,Never,2,269.99,6.55,65.1,11,145,23,8.0,synthetic_mining_v1__glencore_sa_mining
101753,36,F,Divorced,3,0,Secondary,7.4,30.6,27.7,157.1,68.5,Daily,Occasionally,2,219.16,5.92,32.6,7,114,20,18.0,synthetic_mining_v1__glencore_sa_mining
101754,26,F,Single,3,1,Secondary,5.6,16.3,27.5,146.2,58.9,Never,Occasionally,0,237.06,5.74,29.9,7,177,23,4.0,synthetic_mining_v1__glencore_sa_mining
101755,25,F,Single,0,0,Secondary,5.7,11.0,26.6,162.9,70.7,Never,Never,3,141.93,6.85,16.6,5,68,11,0.0,synthetic_mining_v1__glencore_sa_mining
101756,47,M,Divorced,1,1,Secondary,8.7,17.3,21.1,171.6,62.0,Never,Regularly,0,234.64,5.74,9.3,7,143,27,6.0,synthetic_mining_v1__glencore_sa_mining
101757,32,M,Divorced,1,1,Secondary,1.8,18.1,21.5,166.5,59.7,Never,Regularly,2,248.29,5.52,2.5,6,165,24,2.0,synthetic_mining_v1__glencore_sa_mining
101758,59,M,Married,1,1,Tertiary,5.3,26.2,25.9,171.8,76.4,Daily,Regularly,2,218.62,6.3,58.8,9,57,25,72.0,synthetic_mining_v1__glencore_sa_mining
101759,39,M,Divorced,2,1,Secondary,2.1,6.9,33.7,173.8,101.8,Occasional,Never,4,194.06,7.11,32.0,10,159,28,10.0,synthetic_mining_v1__glencore_sa_mining
101760,32,M,Single,1,1,Primary,1.1,31.1,19.6,174.9,60.0,Never,Occasionally,2,245.41,6.61,32.6,6,204,27,1.0,synthetic_mining_v1__glencore_sa_mining
101761,45,M,Single,4,0,Secondary,5.3,17.9,26.0,172.2,77.0,Never,Occasionally,1,252.89,6.23,4.0,5,120,20,3.0,synthetic_mining_v1__glencore_sa_mining
101762,54,M,Widowed,1,1,Secondary,0.6,22.2,24.0,184.8,81.9,Daily,Never,0,226.48,6.67,11.3,5,159,25,8.0,synthetic_mining_v1__glencore_sa_mining
101763,42,M,Divorced,0,0,Secondary,5.3,15.2,28.2,166.2,78.0,Never,Never,2,244.45,6.05,5.8,5,63,15,1.0,synthetic_mining_v1__glencore_sa_mining
101764,27,M,Married,1,1,Secondary,2.6,5.1,23.6,166.1,65.1,Never,Occasionally,4,244.99,5.92,47.7,4,76,27,2.0,synthetic_mining_v1__glencore_sa_mining
101765,41,F,Married,2,2,Secondary,9.8,23.0,26.7,158.8,67.4,Daily,Never,3,165.94,6.0,16.4,9,248,25,4.0,synthetic_mining_v1__glencore_sa_mining
101766,50,M,Married,3,0,Tertiary,6.9,23.5,24.8,165.9,68.3,Former,Occasionally,0,189.7,6.05,51.4,10,15,27,4.0,synthetic_mining_v1__glencore_sa_mining
101767,34,M,Single,0,0,Secondary,3.3,11.4,22.9,180.6,74.8,Former,Occasionally,2,183.7,7.0,11.7,9,180,22,1.0,synthetic_mining_v1__glencore_sa_mining
101768,31,M,Married,2,2,Secondary,14.0,14.1,27.1,173.1,81.2,Occasional,Regularly,1,240.88,8.58,22.2,7,205,31,6.0,synthetic_mining_v1__glencore_sa_mining
101769,47,M,Divorced,1,0,Primary,4.5,31.1,27.0,171.2,79.2,Never,Occasionally,4,136.14,7.17,32.8,8,80,26,3.0,synthetic_mining_v1__glencore_sa_mining
101770,39,M,Single,0,0,Secondary,9.4,8.9,26.5,154.2,63.0,Daily,Never,1,181.05,6.11,9.8,5,43,20,0.0,synthetic_mining_v1__glencore_sa_mining
101771,28,M,Single,5,0,Secondary,8.4,11.7,26.7,164.8,72.5,Occasional,Never,2,228.01,5.86,42.2,7,146,32,0.0,synthetic_mining_v1__glencore_sa_mining
101772,35,M,Married,1,1,Diploma,1.9,4.1,28.2,161.9,73.8,Never,Occasionally,2,210.89,5.99,9.5,9,106,24,0.0,synthetic_mining_v1__glencore_sa_mining
101773,31,F,Married,3,2,Secondary,2.4,31.7,24.7,157.7,61.3,Former,Heavy,2,262.64,8.0,8.0,10,32,21,20.0,synthetic_mining_v1__glencore_sa_mining
101774,41,M,Married,2,2,Secondary,6.2,13.5,29.5,172.3,87.4,Occasional,Occasionally,6,188.42,6.22,90.0,5,12,24,6.0,synthetic_mining_v1__glencore_sa_mining
101775,39,F,Married,2,1,Secondary,17.9,8.5,26.1,160.6,67.3,Daily,Occasionally,2,231.61,3.83,4.0,4,12,27,11.0,synthetic_mining_v1__glencore_sa_mining
101776,48,M,Divorced,1,0,Secondary,8.3,18.7,21.1,178.2,67.1,Never,Regularly,0,192.03,6.6,10.7,2,89,17,1.0,synthetic_mining_v1__glencore_sa_mining
101777,44,M,Single,1,1,Secondary,20.9,3.0,18.8,180.1,61.0,Former,Never,2,151.34,6.45,28.0,8,21,24,0.0,synthetic_mining_v1__glencore_sa_mining
101778,24,M,Married,1,1,Secondary,6.9,9.7,32.2,167.1,90.0,Never,Regularly,0,284.5,4.89,10.9,9,360,26,21.0,synthetic_mining_v1__glencore_sa_mining
101779,42,F,Married,4,1,Primary,4.3,9.4,18.3,151.6,42.0,Occasional,Occasionally,4,279.61,5.3,48.5,10,309,36,15.0,synthetic_mining_v1__glencore_sa_mining
101780,46,M,Married,3,0,Secondary,17.6,20.3,23.9,171.7,70.6,Former,Occasionally,0,211.87,6.85,1.7,2,103,19,1.0,synthetic_mining_v1__glencore_sa_mining
101781,42,M,Married,2,0,Secondary,0.9,22.8,22.0,165.6,60.4,Occasional,Occasionally,2,183.52,7.43,12.6,9,145,23,5.0,synthetic_mining_v1__glencore_sa_mining
101782,47,M,Married,3,2,Secondary,6.4,14.2,22.9,176.1,71.0,Former,Occasionally,0,286.56,6.27,18.4,7,144,30,9.0,synthetic_mining_v1__glencore_sa_mining
101783,33,M,Married,3,0,Diploma,0.3,21.4,30.4,158.4,76.1,Occasional,Occasionally,3,161.29,8.75,20.1,2,18,14,2.0,synthetic_mining_v1__glencore_sa_mining
101784,29,M,Married,2,0,Secondary,7.0,0.9,30.7,172.2,91.1,Former,Never,1,196.62,7.33,20.3,6,5,17,2.0,synthetic_mining_v1__glencore_sa_mining
101785,46,M,Married,1,0,Primary,5.1,27.8,31.6,179.2,101.4,Occasional,Occasionally,1,286.87,6.16,4.3,5,84,24,36.0,synthetic_mining_v1__glencore_sa_mining
101786,28,M,Divorced,0,0,Secondary,10.0,17.6,26.1,164.6,70.8,Daily,Occasionally,2,298.18,6.64,2.7,5,132,18,4.0,synthetic_mining_v1__glencore_sa_mining
101787,19,M,Married,0,0,Secondary,0.3,29.4,23.2,170.4,67.4,Former,Occasionally,2,173.56,7.75,40.7,10,74,16,2.0,synthetic_mining_v1__glencore_sa_mining
101788,47,M,Married,4,0,Secondary,11.0,11.4,26.2,160.7,67.6,Never,Occasionally,4,174.14,6.06,8.2,7,27,13,0.0,synthetic_mining_v1__glencore_sa_mining
101789,31,M,Married,2,2,Diploma,3.6,12.4,33.0,166.4,91.4,Never,Never,2,199.0,6.85,27.8,7,55,19,5.0,synthetic_mining_v1__glencore_sa_mining
101790,35,M,Married,2,1,Secondary,4.6,17.8,29.9,165.7,82.1,Occasional,Regularly,1,198.87,6.13,2.9,11,37,22,6.0,synthetic_mining_v1__glencore_sa_mining
101791,25,M,Married,0,0,Diploma,3.0,8.2,16.0,175.0,49.0,Occasional,Heavy,5,194.15,5.41,33.9,5,28,25,1.0,synthetic_mining_v1__glencore_sa_mining
101792,26,M,Single,1,1,Primary,1.6,22.0,18.6,178.7,59.4,Occasional,Occasionally,0,236.28,6.44,7.1,4,159,21,2.0,synthetic_mining_v1__glencore_sa_mining
101793,28,M,Single,0,0,Diploma,3.7,5.5,25.7,172.4,76.3,Daily,Occasionally,0,224.12,6.46,27.0,7,176,28,8.0,synthetic_mining_v1__glencore_sa_mining
101794,35,M,Married,1,0,Diploma,3.3,3.0,27.3,174.5,83.1,Former,Regularly,5,243.74,4.99,29.7,8,147,31,4.0,synthetic_mining_v1__glencore_sa_mining
101795,41,M,Married,2,2,Secondary,7.4,14.1,35.4,168.4,100.4,Daily,Occasionally,0,255.05,6.46,16.4,12,52,18,85.0,synthetic_mining_v1__glencore_sa_mining
101796,19,F,Divorced,0,0,Secondary,6.4,24.0,20.2,156.9,49.7,Occasional,Heavy,4,352.51,6.53,25.0,5,7,26,31.0,synthetic_mining_v1__glencore_sa_mining
101797,45,M,Widowed,0,0,Secondary,2.0,6.7,24.1,170.7,70.3,Never,Never,1,211.75,5.97,35.1,9,345,29,4.0,synthetic_mining_v1__glencore_sa_mining
101798,27,M,Married,2,1,Primary,9.9,1.4,31.3,173.0,93.6,Occasional,Never,3,158.24,6.0,42.1,6,152,26,2.0,synthetic_mining_v1__glencore_sa_mining
101799,28,M,Divorced,2,2,Secondary,7.5,27.1,23.2,175.6,71.5,Never,Occasionally,1,268.96,6.13,46.2,7,88,35,0.0,synthetic_mining_v1__glencore_sa_mining
101800,44,M,Married,0,0,Tertiary,3.2,5.7,26.2,168.5,74.3,Former,Occasionally,1,246.57,6.16,16.3,4,222,24,3.0,synthetic_mining_v1__glencore_sa_mining
101801,37,M,Single,2,0,Diploma,4.7,7.6,31.7,161.2,82.2,Daily,Occasionally,0,173.67,5.97,11.8,6,41,16,9.0,synthetic_mining_v1__glencore_sa_mining
101802,24,F,Divorced,1,1,Secondary,5.7,11.9,26.9,161.8,70.3,Never,Never,2,159.15,4.04,3.2,11,81,19,1.0,synthetic_mining_v1__glencore_sa_mining
101803,55,M,Single,2,2,Secondary,4.1,28.1,26.3,168.3,74.5,Never,Never,1,233.67,6.53,19.1,7,110,18,3.0,synthetic_mining_v1__glencore_sa_mining
101804,30,M,Married,1,0,Secondary,7.9,13.7,23.9,164.5,64.8,Never,Never,0,210.27,7.42,28.8,8,65,27,1.0,synthetic_mining_v1__glencore_sa_mining
101805,40,F,Married,2,0,Diploma,1.6,32.8,26.1,164.5,70.6,Never,Never,0,243.37,5.71,34.5,6,192,34,3.0,synthetic_mining_v1__glencore_sa_mining
101806,40,M,Married,1,1,Secondary,1.9,35.3,29.9,168.2,84.6,Never,Occasionally,2,263.02,6.38,9.4,7,240,26,16.0,synthetic_mining_v1__glencore_sa_mining
101807,51,F,Divorced,0,0,Diploma,6.4,9.4,24.5,154.0,58.2,Never,Occasionally,3,211.51,5.93,7.7,10,95,25,5.0,synthetic_mining_v1__glencore_sa_mining
101808,34,M,Married,2,1,Secondary,3.8,12.8,31.4,163.6,84.0,Daily,Regularly,5,252.75,5.89,18.6,12,53,29,19.0,synthetic_mining_v1__glencore_sa_mining
101809,47,M,Married,1,1,Diploma,6.5,21.1,34.8,169.6,100.1,Former,Occasionally,5,210.24,5.17,15.9,13,31,21,4.0,synthetic_mining_v1__glencore_sa_mining
101810,31,M,Married,3,0,Diploma,7.5,28.2,21.5,172.5,64.1,Occasional,Occasionally,3,215.26,6.79,14.3,7,77,20,2.0,synthetic_mining_v1__glencore_sa_mining
101811,48,M,Married,0,0,Tertiary,7.0,17.1,25.6,173.1,76.6,Daily,Occasionally,0,280.55,5.42,22.3,5,177,21,120.0,synthetic_mining_v1__glencore_sa_mining
101812,31,M,Married,1,1,Secondary,4.1,14.9,23.2,167.6,65.1,Never,Regularly,2,269.1,5.25,25.2,11,82,19,0.0,synthetic_mining_v1__glencore_sa_mining
101813,35,M,Married,3,0,Diploma,8.8,7.0,30.4,177.6,95.8,Never,Regularly,0,131.47,6.62,80.7,5,68,19,4.0,synthetic_mining_v1__glencore_sa_mining
101814,55,M,Married,1,1,Primary,9.3,33.5,24.9,168.7,70.9,Never,Occasionally,2,167.37,7.99,35.1,3,293,28,3.0,synthetic_mining_v1__glencore_sa_mining
101815,41,M,Married,1,0,Secondary,4.9,7.2,26.8,165.7,73.6,Daily,Never,2,227.48,6.67,21.7,2,70,14,5.0,synthetic_mining_v1__glencore_sa_mining
101816,39,M,Married,2,2,Tertiary,2.4,14.8,24.7,168.1,69.9,Daily,Occasionally,1,223.76,6.59,22.1,3,20,21,8.0,synthetic_mining_v1__glencore_sa_mining
101817,58,M,Married,2,2,Secondary,10.7,12.2,29.5,172.0,87.4,Daily,Occasionally,5,204.96,6.32,6.2,4,89,15,7.0,synthetic_mining_v1__glencore_sa_mining
101818,41,M,Married,1,1,Secondary,6.0,5.5,33.2,179.6,107.2,Never,Regularly,3,206.93,6.09,19.0,11,91,24,3.0,synthetic_mining_v1__glencore_sa_mining
101819,31,M,Single,2,2,Diploma,7.5,14.7,25.5,155.7,61.8,Daily,Occasionally,6,199.5,4.3,5.4,5,190,23,5.0,synthetic_mining_v1__glencore_sa_mining
101820,45,M,Married,2,1,Secondary,5.7,6.5,26.0,162.2,68.3,Former,Regularly,0,206.05,5.87,4.3,5,219,18,3.0,synthetic_mining_v1__glencore_sa_mining
101821,27,M,Married,2,2,Primary,13.8,19.8,25.7,158.3,64.4,Former,Never,1,205.35,7.16,13.8,6,91,26,2.0,synthetic_mining_v1__glencore_sa_mining
101822,48,F,Divorced,1,1,Primary,9.4,20.1,27.8,150.7,63.2,Never,Never,1,176.02,4.95,27.0,8,100,27,3.0,synthetic_mining_v1__glencore_sa_mining
101823,49,M,Married,2,0,Secondary,6.2,16.9,22.5,170.8,65.6,Never,Regularly,3,313.18,6.81,5.6,7,172,19,0.0,synthetic_mining_v1__glencore_sa_mining
101824,33,M,Divorced,2,1,Secondary,6.3,37.3,20.7,174.5,63.1,Never,Occasionally,3,230.78,5.19,3.6,11,62,20,1.0,synthetic_mining_v1__glencore_sa_mining
101825,32,M,Married,1,0,Diploma,7.8,26.5,17.2,164.7,46.7,Never,Never,5,191.06,8.7,14.9,7,109,27,0.0,synthetic_mining_v1__glencore_sa_mining
101826,40,M,Divorced,0,0,Diploma,4.5,10.6,30.6,169.8,88.3,Daily,Occasionally,2,243.48,6.73,0.7,6,45,23,10.0,synthetic_mining_v1__glencore_sa_mining
101827,38,M,Married,0,0,Secondary,0.5,18.6,27.6,170.9,80.7,Former,Occasionally,0,263.12,7.41,2.0,11,99,15,11.0,synthetic_mining_v1__glencore_sa_mining
101828,29,M,Divorced,1,1,Secondary,3.6,27.8,29.7,169.7,85.3,Daily,Occasionally,3,227.51,6.33,7.6,6,70,15,7.0,synthetic_mining_v1__glencore_sa_mining
101829,43,M,Single,5,1,Secondary,12.5,23.3,23.3,169.5,66.9,Occasional,Regularly,5,190.13,6.19,4.5,8,186,23,3.0,synthetic_mining_v1__glencore_sa_mining
101830,20,F,Widowed,5,1,Secondary,10.6,46.9,28.8,164.5,78.0,Daily,Occasionally,1,266.88,7.94,12.2,8,253,29,0.0,synthetic_mining_v1__glencore_sa_mining
101831,34,M,Married,2,2,Secondary,4.7,14.2,29.4,171.6,86.7,Former,Occasionally,2,213.46,4.44,22.7,9,113,25,0.0,synthetic_mining_v1__glencore_sa_mining
101832,34,M,Married,3,2,Primary,14.4,22.1,34.1,185.7,117.6,Never,Never,3,209.33,5.95,15.6,9,91,21,2.0,synthetic_mining_v1__glencore_sa_mining
101833,36,M,Married,2,2,Secondary,10.9,8.4,31.6,168.1,89.2,Never,Never,4,199.82,7.14,8.1,7,328,32,3.0,synthetic_mining_v1__glencore_sa_mining
101834,41,M,Married,1,1,Secondary,12.7,18.0,21.7,178.1,68.8,Never,Regularly,0,260.18,6.84,15.3,8,19,18,1.0,synthetic_mining_v1__glencore_sa_mining
101835,27,M,Single,0,0,Secondary,6.4,9.3,25.4,172.8,75.9,Never,Occasionally,1,274.22,5.4,13.3,6,60,23,2.0,synthetic_mining_v1__glencore_sa_mining
101836,43,M,Single,0,0,Diploma,2.8,25.3,19.1,173.8,57.6,Never,Occasionally,5,236.26,4.44,26.9,6,159,29,5.0,synthetic_mining_v1__glencore_sa_mining
101837,36,F,Single,3,1,Secondary,13.7,2.5,28.8,159.5,73.3,Former,Occasionally,2,197.67,6.84,12.7,5,201,25,4.0,synthetic_mining_v1__glencore_sa_mining
101838,32,M,Married,0,0,Secondary,4.1,7.9,17.8,164.9,48.5,Never,Never,1,243.75,7.69,5.0,5,84,16,0.0,synthetic_mining_v1__glencore_sa_mining
101839,26,M,Married,1,0,Secondary,2.5,10.3,29.1,165.0,79.1,Daily,Regularly,1,172.85,8.57,14.6,11,53,21,5.0,synthetic_mining_v1__glencore_sa_mining
101840,27,M,Single,3,0,Diploma,2.8,5.2,29.2,158.2,73.2,Daily,Occasionally,2,214.35,7.21,9.7,11,58,19,2.0,synthetic_mining_v1__glencore_sa_mining
101841,41,M,Single,1,0,Secondary,2.0,16.2,27.7,162.0,72.8,Never,Never,2,229.43,7.6,38.1,8,77,20,1.0,synthetic_mining_v1__glencore_sa_mining
101842,29,M,Single,0,0,Primary,2.9,36.2,16.4,164.5,44.3,Daily,Never,3,179.5,7.4,30.7,5,163,24,1.0,synthetic_mining_v1__glencore_sa_mining
101843,39,M,Married,4,1,Diploma,5.1,2.1,25.8,176.0,80.0,Occasional,Occasionally,2,209.94,6.32,18.5,7,174,17,0.0,synthetic_mining_v1__glencore_sa_mining
101844,48,M,Married,3,2,Diploma,9.6,10.5,23.7,166.3,65.6,Former,Occasionally,0,223.98,4.39,50.5,5,86,30,5.0,synthetic_mining_v1__glencore_sa_mining
101845,47,M,Divorced,1,1,Tertiary,1.3,18.1,33.0,171.8,97.2,Never,Regularly,1,238.23,5.31,15.5,9,128,19,40.0,synthetic_mining_v1__glencore_sa_mining
101846,52,M,Married,2,2,Secondary,5.1,41.6,23.2,170.1,67.2,Daily,Heavy,6,250.14,6.16,10.0,7,158,20,21.0,synthetic_mining_v1__glencore_sa_mining
101847,35,M,Married,0,0,Secondary,5.2,1.9,29.6,169.0,84.5,Former,Never,4,212.54,6.16,11.7,5,89,18,1.0,synthetic_mining_v1__glencore_sa_mining
101848,28,M,Single,0,0,Diploma,7.4,14.2,25.4,164.3,68.5,Former,Occasionally,1,299.16,6.6,34.0,7,69,18,2.0,synthetic_mining_v1__glencore_sa_mining
101849,47,M,Single,3,0,Secondary,1.5,23.3,28.7,174.6,87.5,Occasional,Occasionally,2,216.4,5.85,35.1,5,40,15,3.0,synthetic_mining_v1__glencore_sa_mining
101850,41,F,Married,3,2,Secondary,8.3,25.6,29.7,165.0,80.9,Never,Regularly,1,237.3,5.59,20.2,4,77,16,8.0,synthetic_mining_v1__glencore_sa_mining
101851,48,M,Married,3,0,Diploma,6.3,10.3,26.9,174.2,81.6,Former,Heavy,1,218.32,6.3,29.8,8,109,23,11.0,synthetic_mining_v1__glencore_sa_mining
101852,38,M,Married,0,0,Diploma,10.0,11.9,25.0,177.6,78.7,Never,Never,3,272.41,6.01,5.9,8,86,21,1.0,synthetic_mining_v1__glencore_sa_mining
101853,49,M,Single,2,1,Secondary,13.0,54.4,21.5,171.8,63.6,Occasional,Regularly,1,191.99,6.54,10.8,5,70,18,9.0,synthetic_mining_v1__glencore_sa_mining
101854,46,M,Married,1,1,Primary,9.2,15.5,34.6,181.6,114.0,Former,Never,2,206.24,7.42,21.4,4,207,17,0.0,synthetic_mining_v1__glencore_sa_mining
101855,44,M,Divorced,1,1,Secondary,20.1,8.7,30.5,172.9,91.3,Occasional,Regularly,0,208.95,7.38,8.9,9,84,12,0.0,synthetic_mining_v1__glencore_sa_mining
101856,43,M,Married,4,1,Diploma,7.1,7.2,27.6,168.0,78.0,Never,Heavy,0,283.94,3.5,25.8,8,51,29,70.0,synthetic_mining_v1__glencore_sa_mining
101857,42,F,Single,4,3,Secondary,14.0,19.8,24.0,163.7,64.3,Never,Regularly,3,219.36,7.69,32.2,7,339,24,9.0,synthetic_mining_v1__glencore_sa_mining
101858,40,M,Single,0,0,Secondary,9.7,8.4,26.1,172.7,77.7,Daily,Occasionally,1,280.08,7.36,4.4,9,42,15,7.0,synthetic_mining_v1__glencore_sa_mining
101859,40,M,Single,2,2,Tertiary,13.6,7.0,31.8,169.9,91.7,Occasional,Occasionally,6,144.89,8.08,25.0,8,175,20,4.0,synthetic_mining_v1__glencore_sa_mining
101860,47,M,Widowed,1,1,Tertiary,14.9,11.8,23.4,179.7,75.7,Occasional,Occasionally,3,286.91,7.21,30.5,7,230,24,10.0,synthetic_mining_v1__glencore_sa_mining
101861,33,M,Married,0,0,Secondary,8.3,2.7,22.0,173.3,65.9,Daily,Occasionally,3,227.13,5.63,42.5,6,80,22,3.0,synthetic_mining_v1__glencore_sa_mining
101862,54,F,Single,2,0,Secondary,1.7,35.4,26.3,163.0,70.0,Daily,Regularly,0,154.19,8.45,12.7,5,15,15,0.0,synthetic_mining_v1__glencore_sa_mining
101863,37,M,Married,0,0,Primary,7.0,7.3,27.6,170.1,79.8,Daily,Occasionally,4,222.79,4.85,14.1,4,50,29,5.0,synthetic_mining_v1__glencore_sa_mining
101864,47,M,Single,3,2,Primary,15.2,21.9,22.8,155.5,55.2,Occasional,Occasionally,1,223.19,6.2,1.0,8,84,12,3.0,synthetic_mining_v1__glencore_sa_mining
101865,37,M,Single,0,0,Diploma,4.4,13.3,22.1,158.7,55.7,Former,Occasionally,3,216.76,5.13,10.5,5,203,19,2.0,synthetic_mining_v1__glencore_sa_mining
101866,36,M,Married,0,0,Secondary,7.7,23.2,27.8,170.4,80.8,Former,Occasionally,3,205.09,4.59,15.5,6,85,28,3.0,synthetic_mining_v1__glencore_sa_mining
101867,56,M,Single,1,1,Secondary,11.3,9.9,21.8,174.3,66.3,Former,Regularly,2,209.56,7.4,57.1,7,9,19,3.0,synthetic_mining_v1__glencore_sa_mining
101868,35,M,Married,4,0,Diploma,8.5,13.7,27.9,163.2,74.2,Daily,Occasionally,0,266.71,6.89,1.4,5,52,25,9.0,synthetic_mining_v1__glencore_sa_mining
101869,27,M,Married,1,1,Diploma,13.6,2.1,29.8,171.7,87.9,Former,Occasionally,3,295.99,8.0,6.6,5,110,22,3.0,synthetic_mining_v1__glencore_sa_mining
101870,32,M,Married,1,0,Diploma,2.4,6.9,24.3,164.2,65.4,Occasional,Never,2,273.04,6.9,19.4,5,64,22,5.0,synthetic_mining_v1__glencore_sa_mining
101871,35,F,Married,2,1,Diploma,9.6,11.0,22.5,156.3,55.1,Daily,Occasionally,1,189.48,3.5,0.5,5,19,23,0.0,synthetic_mining_v1__glencore_sa_mining
101872,57,M,Married,1,1,Primary,3.4,6.3,22.0,183.2,73.7,Never,Never,0,161.27,5.86,2.3,5,49,16,1.0,synthetic_mining_v1__glencore_sa_mining
101873,40,F,Married,0,0,Primary,5.6,19.5,24.8,159.3,62.9,Never,Regularly,3,177.82,7.29,7.6,7,48,21,4.0,synthetic_mining_v1__glencore_sa_mining
101874,46,M,Single,2,1,Secondary,14.6,12.7,23.6,177.0,73.9,Daily,Occasionally,1,262.49,7.71,24.0,8,141,24,22.0,synthetic_mining_v1__glencore_sa_mining
101875,29,F,Married,2,1,Primary,11.6,7.4,19.9,148.2,43.7,Daily,Never,1,184.76,7.52,23.6,5,63,18,3.0,synthetic_mining_v1__glencore_sa_mining
101876,41,M,Married,2,2,Secondary,5.7,5.9,19.7,164.7,53.5,Former,Occasionally,4,250.34,8.18,33.4,8,9,23,1.0,synthetic_mining_v1__glencore_sa_mining
101877,44,M,Single,5,2,Tertiary,9.6,5.3,30.6,174.5,93.2,Daily,Occasionally,2,239.78,5.38,18.5,6,245,16,31.0,synthetic_mining_v1__glencore_sa_mining
101878,54,M,Divorced,1,0,Secondary,9.4,2.4,25.3,175.7,78.1,Occasional,Occasionally,2,168.81,5.89,22.5,5,204,24,18.0,synthetic_mining_v1__glencore_sa_mining
101879,32,M,Single,0,0,Secondary,13.2,11.0,35.9,171.1,105.0,Former,Regularly,0,354.11,5.77,43.8,8,200,34,58.0,synthetic_mining_v1__glencore_sa_mining
101880,43,F,Married,2,2,Secondary,7.6,17.3,24.2,160.3,62.1,Occasional,Regularly,7,231.08,6.26,37.4,2,73,25,0.0,synthetic_mining_v1__glencore_sa_mining
101881,41,M,Single,0,0,Secondary,1.0,7.4,28.8,172.9,86.1,Occasional,Never,1,192.26,7.42,38.6,8,205,21,7.0,synthetic_mining_v1__glencore_sa_mining
101882,29,M,Married,0,0,Secondary,9.8,3.4,27.4,175.3,84.4,Never,Regularly,1,263.2,7.67,2.8,5,152,27,3.0,synthetic_mining_v1__glencore_sa_mining
101883,38,M,Married,1,1,Primary,4.5,10.0,32.5,169.0,92.8,Daily,Never,1,224.32,6.82,10.6,11,179,19,0.0,synthetic_mining_v1__glencore_sa_mining
101884,36,F,Divorced,2,2,Secondary,5.3,12.9,31.2,153.6,73.6,Daily,Never,3,183.57,4.07,29.0,6,119,34,15.0,synthetic_mining_v1__glencore_sa_mining
101885,19,M,Single,1,1,Diploma,5.7,23.2,26.3,171.5,77.4,Daily,Regularly,4,248.64,6.06,31.5,6,167,23,7.0,synthetic_mining_v1__glencore_sa_mining
101886,43,M,Married,0,0,Secondary,7.8,13.2,20.6,166.4,57.0,Never,Occasionally,1,167.78,6.73,8.3,2,55,13,0.0,synthetic_mining_v1__glencore_sa_mining
101887,43,M,Married,2,0,Secondary,7.6,4.5,33.4,185.9,115.5,Daily,Occasionally,2,167.77,6.11,23.9,5,117,22,4.0,synthetic_mining_v1__glencore_sa_mining
101888,34,M,Single,2,0,Tertiary,1.0,9.7,35.2,172.9,105.4,Daily,Occasionally,0,229.76,7.01,33.9,4,26,24,30.0,synthetic_mining_v1__glencore_sa_mining
101889,26,M,Single,2,0,Diploma,3.4,4.5,27.9,169.1,79.7,Never,Occasionally,3,232.98,6.24,2.3,5,85,16,1.0,synthetic_mining_v1__glencore_sa_mining
101890,51,F,Married,3,1,Tertiary,10.7,20.1,27.3,154.6,65.2,Former,Never,6,244.97,7.24,39.7,5,13,22,5.0,synthetic_mining_v1__glencore_sa_mining
101891,40,F,Married,2,0,Primary,6.0,11.4,22.3,160.4,57.4,Daily,Occasionally,0,236.08,8.2,37.5,11,131,29,25.0,synthetic_mining_v1__glencore_sa_mining
101892,47,M,Single,0,0,Secondary,1.1,8.6,29.6,176.7,92.4,Daily,Occasionally,4,230.71,6.87,10.3,8,37,14,1.0,synthetic_mining_v1__glencore_sa_mining
101893,51,M,Single,1,1,Diploma,2.1,12.7,26.6,148.5,58.7,Occasional,Occasionally,5,209.94,6.32,28.6,11,18,21,2.0,synthetic_mining_v1__glencore_sa_mining
101894,33,M,Single,3,2,Secondary,5.2,11.9,26.2,176.5,81.7,Never,Never,0,138.15,4.86,3.5,6,359,27,1.0,synthetic_mining_v1__glencore_sa_mining
101895,45,M,Married,2,0,Diploma,8.5,6.1,27.6,174.4,83.8,Never,Regularly,2,179.24,7.59,2.9,11,232,20,1.0,synthetic_mining_v1__glencore_sa_mining
101896,36,M,Single,2,0,Primary,1.3,12.7,27.2,164.6,73.8,Never,Occasionally,1,234.63,5.2,17.2,9,136,29,2.0,synthetic_mining_v1__glencore_sa_mining
101897,37,M,Single,0,0,Secondary,13.8,49.2,30.1,172.2,89.4,Never,Never,5,220.23,4.64,43.0,8,205,29,25.0,synthetic_mining_v1__glencore_sa_mining
101898,37,M,Divorced,2,1,Secondary,8.6,12.6,25.1,183.9,84.7,Never,Occasionally,3,218.17,6.7,18.3,3,117,23,0.0,synthetic_mining_v1__glencore_sa_mining
101899,38,M,Single,2,1,Secondary,12.4,8.9,25.0,171.2,73.4,Never,Occasionally,0,297.29,8.48,31.8,5,46,29,12.0,synthetic_mining_v1__glencore_sa_mining
101900,48,M,Married,1,0,Tertiary,28.3,4.7,27.3,178.8,87.5,Former,Never,5,238.33,8.48,26.0,3,71,19,1.0,synthetic_mining_v1__glencore_sa_mining
101901,39,F,Married,1,0,Diploma,5.1,14.9,30.8,163.6,82.3,Daily,Regularly,5,267.6,4.99,69.0,4,237,29,61.0,synthetic_mining_v1__glencore_sa_mining
101902,37,M,Married,1,1,Tertiary,3.9,21.6,34.0,160.9,88.1,Daily,Heavy,0,252.72,4.84,15.8,5,365,18,120.0,synthetic_mining_v1__glencore_sa_mining
101903,36,F,Married,3,1,Diploma,4.1,17.8,26.3,166.9,73.4,Daily,Never,0,173.54,6.33,12.0,7,216,22,12.0,synthetic_mining_v1__glencore_sa_mining
101904,41,M,Married,2,0,Primary,8.5,22.4,19.8,160.0,50.6,Daily,Occasionally,2,252.41,7.76,13.4,7,40,27,0.0,synthetic_mining_v1__glencore_sa_mining
101905,30,M,Married,1,1,Secondary,9.5,16.2,26.8,159.3,68.0,Never,Never,1,233.11,5.89,17.2,7,73,21,2.0,synthetic_mining_v1__glencore_sa_mining
101906,33,M,Married,1,1,Diploma,9.0,55.9,33.8,170.3,98.1,Daily,Occasionally,4,253.44,7.15,9.6,6,271,19,25.0,synthetic_mining_v1__glencore_sa_mining
101907,38,M,Married,2,0,Secondary,5.8,15.4,24.5,176.1,76.0,Never,Regularly,1,255.28,4.9,10.1,10,79,24,0.0,synthetic_mining_v1__glencore_sa_mining
101908,33,F,Married,1,1,Secondary,6.9,8.4,18.7,152.9,43.7,Occasional,Regularly,0,217.74,7.47,29.2,7,117,24,3.0,synthetic_mining_v1__glencore_sa_mining
101909,37,M,Single,1,0,Secondary,5.7,7.7,32.1,165.0,87.4,Former,Never,5,274.49,6.41,10.7,10,167,30,4.0,synthetic_mining_v1__glencore_sa_mining
101910,33,F,Single,1,0,Secondary,5.6,8.6,27.6,162.2,72.6,Former,Never,1,218.85,6.98,7.2,8,69,9,1.0,synthetic_mining_v1__glencore_sa_mining
101911,56,F,Married,2,1,Diploma,9.9,9.3,22.2,158.0,55.5,Former,Regularly,0,215.13,5.96,17.8,8,108,20,5.0,synthetic_mining_v1__glencore_sa_mining
101912,50,F,Married,2,2,Tertiary,9.3,21.1,27.7,151.7,63.8,Never,Regularly,2,264.13,7.72,11.8,5,365,16,3.0,synthetic_mining_v1__glencore_sa_mining
101913,42,M,Married,2,0,Diploma,5.0,17.8,29.8,155.6,72.2,Former,Heavy,3,196.3,5.64,13.1,5,123,17,11.0,synthetic_mining_v1__glencore_sa_mining
101914,38,M,Married,0,0,Diploma,8.5,5.3,25.7,184.9,87.8,Never,Occasionally,3,253.16,7.45,19.5,6,106,23,1.0,synthetic_mining_v1__glencore_sa_mining
101915,58,M,Married,1,0,Primary,2.0,29.5,25.5,169.2,72.8,Daily,Never,3,205.18,7.43,7.2,9,96,14,15.0,synthetic_mining_v1__glencore_sa_mining
101916,41,M,Single,0,0,Secondary,24.6,38.8,16.0,176.0,49.6,Former,Occasionally,3,183.18,5.75,22.4,8,83,21,1.0,synthetic_mining_v1__glencore_sa_mining
101917,37,M,Married,0,0,Secondary,11.4,20.7,29.5,171.4,86.7,Never,Never,2,275.45,6.89,4.5,7,66,22,6.0,synthetic_mining_v1__glencore_sa_mining
101918,41,M,Single,0,0,Secondary,2.0,28.2,24.8,160.5,63.9,Never,Occasionally,0,210.77,7.89,9.4,6,219,18,0.0,synthetic_mining_v1__glencore_sa_mining
101919,41,F,Married,4,1,Secondary,11.3,22.6,23.2,162.3,61.2,Never,Never,1,182.92,4.04,19.2,2,61,22,2.0,synthetic_mining_v1__glencore_sa_mining
101920,51,M,Single,2,0,Secondary,4.3,13.6,18.8,165.1,51.3,Occasional,Occasionally,2,155.98,7.3,20.0,10,54,18,2.0,synthetic_mining_v1__glencore_sa_mining
101921,38,M,Divorced,0,0,Secondary,5.1,37.0,30.3,156.6,74.3,Former,Occasionally,2,256.24,6.11,1.0,4,11,21,10.0,synthetic_mining_v1__glencore_sa_mining
101922,57,M,Single,2,2,Diploma,2.6,20.7,31.3,172.0,92.6,Never,Never,3,258.01,7.03,4.4,7,174,20,11.0,synthetic_mining_v1__glencore_sa_mining
101923,30,M,Widowed,1,1,Tertiary,10.4,5.9,31.6,168.0,89.3,Former,Heavy,3,177.66,6.96,5.6,9,110,24,2.0,synthetic_mining_v1__glencore_sa_mining
101924,44,M,Married,3,0,Diploma,2.5,19.1,27.3,165.9,75.1,Daily,Never,1,124.47,9.06,33.7,5,27,28,5.0,synthetic_mining_v1__glencore_sa_mining
101925,29,M,Married,2,1,Secondary,5.7,34.5,27.6,167.5,77.6,Occasional,Never,2,245.76,5.06,4.7,5,56,25,0.0,synthetic_mining_v1__glencore_sa_mining
101926,54,M,Married,4,3,Diploma,11.0,9.5,16.6,169.9,47.9,Daily,Never,3,193.43,4.03,31.3,5,165,28,0.0,synthetic_mining_v1__glencore_sa_mining
101927,35,M,Single,1,1,Secondary,5.2,37.4,21.8,178.8,69.8,Never,Never,2,221.53,7.42,15.6,9,173,27,1.0,synthetic_mining_v1__glencore_sa_mining
101928,37,F,Single,5,0,Secondary,12.3,5.9,29.0,160.7,74.9,Former,Never,1,193.63,6.55,0.8,3,117,17,1.0,synthetic_mining_v1__glencore_sa_mining
101929,46,M,Married,1,0,Primary,3.1,21.7,31.2,180.9,102.3,Daily,Never,7,216.33,8.81,65.5,5,45,21,4.0,synthetic_mining_v1__glencore_sa_mining
101930,49,M,Single,2,2,Secondary,17.9,3.4,33.4,171.9,98.5,Daily,Regularly,3,263.33,5.24,10.2,7,154,33,42.0,synthetic_mining_v1__glencore_sa_mining
101931,28,M,Single,0,0,Diploma,2.6,11.2,27.4,170.6,79.7,Never,Never,0,181.46,5.13,9.9,11,159,15,2.0,synthetic_mining_v1__glencore_sa_mining
101932,35,F,Single,1,1,Secondary,13.2,36.9,33.8,161.8,88.5,Never,Occasionally,2,164.87,6.15,32.3,5,51,21,4.0,synthetic_mining_v1__glencore_sa_mining
101933,25,F,Married,4,0,Secondary,8.7,34.4,23.5,158.4,58.9,Former,Occasionally,3,300.15,5.17,9.4,11,38,28,6.0,synthetic_mining_v1__glencore_sa_mining
101934,39,F,Married,1,1,Secondary,12.8,39.6,28.6,145.4,60.4,Occasional,Never,3,276.05,6.64,32.9,11,49,25,60.0,synthetic_mining_v1__glencore_sa_mining
101935,37,M,Divorced,2,0,Secondary,19.2,5.6,33.0,172.6,98.4,Never,Never,3,240.46,5.36,38.6,5,102,28,0.0,synthetic_mining_v1__glencore_sa_mining
101936,35,F,Single,1,1,Secondary,8.0,8.5,26.8,169.1,76.8,Daily,Never,0,207.92,9.55,25.1,7,126,19,7.0,synthetic_mining_v1__glencore_sa_mining
101937,32,F,Married,3,0,Secondary,12.8,5.9,22.6,165.5,61.9,Never,Occasionally,3,218.19,7.36,81.6,4,65,26,0.0,synthetic_mining_v1__glencore_sa_mining
101938,35,M,Married,5,0,Diploma,2.6,15.6,24.0,171.8,71.0,Occasional,Regularly,4,229.09,6.52,18.7,8,78,23,4.0,synthetic_mining_v1__glencore_sa_mining
101939,31,M,Single,1,1,Secondary,4.8,6.7,29.2,161.1,75.7,Former,Occasionally,5,205.05,3.95,9.5,11,255,21,8.0,synthetic_mining_v1__glencore_sa_mining
101940,43,F,Married,4,0,Secondary,7.2,33.0,30.3,159.6,77.3,Never,Regularly,2,154.95,7.88,21.9,5,14,18,2.0,synthetic_mining_v1__glencore_sa_mining
101941,52,M,Widowed,2,2,Secondary,4.7,19.1,29.9,178.8,95.5,Daily,Occasionally,2,182.35,3.5,35.5,5,55,29,42.0,synthetic_mining_v1__glencore_sa_mining
101942,21,M,Married,1,0,Secondary,20.6,29.2,18.6,157.5,46.1,Never,Occasionally,2,161.69,7.94,4.7,8,302,19,0.0,synthetic_mining_v1__glencore_sa_mining
101943,37,F,Married,3,1,Diploma,2.6,17.5,18.1,159.8,46.2,Former,Never,2,234.05,6.87,14.8,8,161,25,0.0,synthetic_mining_v1__glencore_sa_mining
101944,34,F,Married,0,0,Diploma,10.3,35.2,24.8,166.5,68.8,Daily,Occasionally,1,297.7,8.0,11.1,9,9,13,8.0,synthetic_mining_v1__glencore_sa_mining
101945,42,M,Divorced,3,0,Secondary,5.7,69.8,23.0,187.2,80.6,Never,Never,2,169.57,7.18,49.3,9,122,26,2.0,synthetic_mining_v1__glencore_sa_mining
101946,29,M,Married,2,2,Tertiary,8.1,8.9,27.0,169.5,77.4,Never,Never,2,197.28,6.4,0.8,12,63,25,1.0,synthetic_mining_v1__glencore_sa_mining
101947,37,M,Single,1,1,Tertiary,19.8,17.0,30.9,177.4,97.1,Former,Never,0,295.74,5.11,22.3,9,132,28,17.0,synthetic_mining_v1__glencore_sa_mining
101948,29,M,Single,6,1,Secondary,4.8,7.9,30.7,170.7,89.6,Former,Regularly,3,258.11,6.45,11.2,8,37,19,0.0,synthetic_mining_v1__glencore_sa_mining
101949,44,M,Married,3,2,Secondary,7.3,13.2,24.8,175.2,76.0,Never,Occasionally,1,241.98,5.41,7.4,7,40,25,2.0,synthetic_mining_v1__glencore_sa_mining
101950,39,M,Single,2,2,Secondary,19.9,21.4,27.4,180.2,89.0,Former,Occasionally,0,193.11,6.42,43.4,7,118,26,5.0,synthetic_mining_v1__glencore_sa_mining
101951,37,M,Divorced,1,1,Secondary,14.0,18.2,31.1,170.6,90.5,Occasional,Occasionally,2,235.75,7.92,29.3,2,74,15,9.0,synthetic_mining_v1__glencore_sa_mining
101952,41,F,Widowed,1,1,Diploma,8.8,25.0,31.4,156.2,76.5,Never,Regularly,5,130.96,7.63,17.5,3,43,17,1.0,synthetic_mining_v1__glencore_sa_mining
101953,36,F,Married,1,1,Diploma,14.6,2.3,26.1,152.0,60.3,Former,Never,0,253.98,5.47,27.8,9,114,39,4.0,synthetic_mining_v1__glencore_sa_mining
101954,24,M,Married,1,1,Secondary,2.7,12.0,31.9,155.2,76.9,Former,Occasionally,3,235.78,7.0,22.8,2,100,18,2.0,synthetic_mining_v1__glencore_sa_mining
101955,43,M,Single,3,1,Secondary,6.8,4.1,28.4,162.3,75.0,Never,Regularly,0,223.49,5.46,2.3,8,204,24,17.0,synthetic_mining_v1__glencore_sa_mining
101956,41,M,Married,0,0,Secondary,4.6,2.4,33.6,164.6,91.0,Former,Regularly,2,192.67,5.75,68.7,8,47,30,8.0,synthetic_mining_v1__glencore_sa_mining
101957,37,F,Married,0,0,Secondary,22.8,38.3,18.4,159.3,46.7,Daily,Never,1,221.36,6.17,16.0,3,230,26,3.0,synthetic_mining_v1__glencore_sa_mining
101958,47,M,Married,1,0,Primary,12.3,32.3,19.1,172.3,56.6,Never,Occasionally,3,227.5,5.23,44.0,3,125,28,0.0,synthetic_mining_v1__glencore_sa_mining
101959,49,M,Married,2,0,Primary,2.6,10.3,26.5,165.3,72.5,Former,Regularly,2,133.74,5.81,10.6,7,138,20,3.0,synthetic_mining_v1__glencore_sa_mining
101960,28,M,Married,0,0,Secondary,5.6,7.2,29.7,171.1,86.9,Occasional,Occasionally,3,224.76,7.64,6.3,7,43,19,1.0,synthetic_mining_v1__glencore_sa_mining
101961,31,M,Single,2,2,Secondary,3.2,10.0,26.9,167.3,75.3,Never,Occasionally,2,143.48,6.42,14.3,5,365,30,0.0,synthetic_mining_v1__glencore_sa_mining
101962,52,M,Widowed,0,0,Primary,4.5,3.1,29.1,166.7,81.0,Occasional,Occasionally,2,257.78,5.22,12.8,11,36,22,15.0,synthetic_mining_v1__glencore_sa_mining
101963,51,M,Married,0,0,Primary,7.6,7.2,21.8,180.6,71.0,Daily,Occasionally,2,205.59,5.98,5.7,8,74,21,3.0,synthetic_mining_v1__glencore_sa_mining
101964,31,M,Married,2,1,Secondary,5.5,33.4,33.7,179.1,108.1,Occasional,Regularly,3,125.59,5.82,49.7,8,50,35,6.0,synthetic_mining_v1__glencore_sa_mining
101965,27,F,Married,2,2,Diploma,8.6,15.5,35.9,160.3,92.2,Former,Regularly,1,201.28,6.4,19.2,9,237,25,4.0,synthetic_mining_v1__glencore_sa_mining
101966,32,M,Single,0,0,Secondary,3.8,5.0,31.9,178.2,101.2,Never,Occasionally,2,228.8,4.89,10.5,6,85,33,3.0,synthetic_mining_v1__glencore_sa_mining
101967,34,M,Married,3,1,Diploma,2.8,25.6,29.4,176.5,91.6,Never,Occasionally,2,174.91,6.18,14.8,9,70,14,0.0,synthetic_mining_v1__glencore_sa_mining
101968,24,F,Divorced,1,1,Secondary,8.5,16.6,41.7,154.5,99.4,Daily,Occasionally,0,305.08,7.58,11.1,10,23,18,97.0,synthetic_mining_v1__glencore_sa_mining
101969,38,M,Married,0,0,Secondary,12.8,10.9,25.2,172.0,74.6,Former,Never,0,262.21,6.97,21.2,7,45,17,6.0,synthetic_mining_v1__glencore_sa_mining
101970,26,F,Married,1,1,Secondary,3.3,42.7,29.7,160.2,76.3,Daily,Occasionally,1,255.47,6.09,16.2,6,41,21,21.0,synthetic_mining_v1__glencore_sa_mining
101971,27,M,Married,2,1,Primary,14.3,34.9,27.7,169.6,79.8,Never,Never,3,274.43,6.79,30.5,7,132,27,3.0,synthetic_mining_v1__glencore_sa_mining
101972,46,M,Married,1,1,Secondary,6.7,2.9,28.9,158.0,72.1,Former,Never,1,205.08,6.38,11.5,5,32,10,1.0,synthetic_mining_v1__glencore_sa_mining
101973,32,M,Married,2,2,Tertiary,3.4,3.5,25.4,169.5,73.1,Daily,Occasionally,1,233.17,5.98,4.0,6,18,25,2.0,synthetic_mining_v1__glencore_sa_mining
101974,37,M,Married,0,0,Secondary,5.5,12.8,30.8,160.1,78.9,Occasional,Regularly,1,255.33,7.9,27.3,8,18,20,9.0,synthetic_mining_v1__glencore_sa_mining
101975,44,M,Married,0,0,Primary,8.8,33.8,27.3,176.9,85.5,Occasional,Never,3,158.31,6.25,5.4,3,147,11,3.0,synthetic_mining_v1__glencore_sa_mining
101976,45,F,Married,0,0,Diploma,12.2,11.1,28.6,160.5,73.5,Never,Occasionally,2,236.12,5.26,11.6,6,198,26,11.0,synthetic_mining_v1__glencore_sa_mining
101977,35,F,Single,0,0,Secondary,5.8,4.7,31.5,160.0,80.6,Former,Regularly,1,263.09,5.7,3.3,9,67,16,0.0,synthetic_mining_v1__glencore_sa_mining
101978,38,M,Divorced,0,0,Secondary,5.2,1.6,35.0,171.3,102.8,Never,Never,0,80.0,4.64,24.9,2,79,21,1.0,synthetic_mining_v1__glencore_sa_mining
101979,31,M,Married,0,0,Secondary,3.4,3.5,26.1,175.2,80.0,Daily,Occasionally,2,195.17,7.21,13.1,6,11,17,0.0,synthetic_mining_v1__glencore_sa_mining
101980,54,M,Married,3,0,Diploma,7.5,5.8,29.7,163.3,79.1,Never,Occasionally,5,269.85,7.42,11.6,7,144,27,7.0,synthetic_mining_v1__glencore_sa_mining
101981,44,M,Married,0,0,Secondary,5.1,27.1,30.8,163.1,81.9,Former,Never,2,247.52,4.93,65.2,8,85,26,9.0,synthetic_mining_v1__glencore_sa_mining
101982,28,M,Divorced,4,2,Secondary,8.7,36.0,28.3,170.8,82.6,Daily,Regularly,1,142.65,6.13,40.7,4,122,29,47.0,synthetic_mining_v1__glencore_sa_mining
101983,38,M,Single,3,1,Secondary,7.7,9.4,35.7,159.7,91.1,Never,Occasionally,2,176.42,5.73,13.8,6,150,17,0.0,synthetic_mining_v1__glencore_sa_mining
101984,44,M,Married,1,1,Secondary,4.2,18.2,31.4,171.9,92.7,Never,Regularly,1,285.43,6.33,4.3,8,159,23,33.0,synthetic_mining_v1__glencore_sa_mining
101985,42,M,Married,4,2,Secondary,8.7,7.2,24.3,169.0,69.4,Daily,Regularly,2,197.92,5.84,9.5,6,24,9,0.0,synthetic_mining_v1__glencore_sa_mining
101986,54,M,Married,1,1,Secondary,19.3,5.7,24.1,173.7,72.6,Never,Occasionally,2,126.77,6.64,52.8,13,102,24,4.0,synthetic_mining_v1__glencore_sa_mining
101987,50,M,Married,1,1,Diploma,5.2,7.7,23.0,174.1,69.8,Never,Never,3,187.16,7.51,44.9,9,41,24,1.0,synthetic_mining_v1__glencore_sa_mining
101988,33,M,Married,0,0,Secondary,4.5,3.1,35.9,175.2,110.0,Former,Never,0,237.89,6.39,6.4,5,122,27,4.0,synthetic_mining_v1__glencore_sa_mining
101989,37,M,Married,2,2,Secondary,1.8,13.5,32.3,168.9,92.0,Never,Occasionally,2,210.31,7.31,8.1,4,170,14,0.0,synthetic_mining_v1__glencore_sa_mining
101990,26,M,Married,2,0,Diploma,2.7,8.7,30.6,176.9,95.7,Never,Occasionally,2,242.61,6.03,23.1,13,77,28,6.0,synthetic_mining_v1__glencore_sa_mining
101991,40,M,Divorced,4,0,Diploma,6.2,15.5,27.1,164.0,73.0,Former,Occasionally,3,135.07,8.36,10.0,7,88,18,1.0,synthetic_mining_v1__glencore_sa_mining
101992,39,M,Married,3,0,Primary,21.4,12.0,23.5,175.4,72.3,Daily,Occasionally,1,225.98,3.5,4.2,7,92,35,6.0,synthetic_mining_v1__glencore_sa_mining
101993,62,F,Married,0,0,Secondary,13.1,20.3,31.7,150.7,72.0,Daily,Never,2,172.34,6.44,33.8,7,347,17,64.0,synthetic_mining_v1__glencore_sa_mining
101994,39,M,Divorced,1,1,Secondary,10.8,5.5,27.5,173.7,83.0,Daily,Heavy,0,171.13,7.45,79.4,8,169,31,0.0,synthetic_mining_v1__glencore_sa_mining
101995,19,M,Single,0,0,Secondary,3.6,30.1,24.2,168.0,68.4,Never,Occasionally,2,154.74,4.75,43.3,5,85,30,0.0,synthetic_mining_v1__glencore_sa_mining
101996,32,F,Divorced,3,2,Primary,2.5,11.8,29.1,160.4,74.8,Former,Occasionally,3,198.31,6.98,13.2,5,314,23,2.0,synthetic_mining_v1__glencore_sa_mining
101997,39,M,Married,2,0,Primary,6.6,10.8,24.3,177.6,76.8,Never,Occasionally,2,192.23,3.85,7.3,6,76,17,0.0,synthetic_mining_v1__glencore_sa_mining
101998,27,M,Single,1,1,Primary,9.8,10.1,34.0,169.1,97.3,Occasional,Never,3,214.24,8.01,16.9,6,85,18,0.0,synthetic_mining_v1__glencore_sa_mining
101999,30,M,Married,3,1,Primary,4.0,10.8,16.8,184.2,57.0,Daily,Occasionally,0,174.12,6.63,22.6,9,133,28,2.0,synthetic_mining_v1__glencore_sa_mining
102000,35,M,Single,4,2,Secondary,2.3,17.3,30.1,165.6,82.5,Daily,Never,3,175.21,6.26,1.6,9,26,16,6.0,synthetic_mining_v1__glencore_sa_mining
102001,41,M,Married,0,0,Secondary,7.8,7.3,33.0,171.9,97.7,Former,Regularly,0,236.58,5.67,16.5,6,61,20,6.0,synthetic_mining_v1__glencore_sa_mining
102002,37,M,Married,4,4,Secondary,12.7,8.8,22.6,168.4,64.2,Occasional,Occasionally,2,282.96,7.04,6.4,5,247,28,4.0,synthetic_mining_v1__glencore_sa_mining
102003,30,M,Divorced,0,0,Secondary,1.2,7.8,32.0,170.8,93.5,Never,Occasionally,0,295.25,8.2,5.2,8,134,26,8.0,synthetic_mining_v1__glencore_sa_mining
102004,45,M,Married,4,1,Secondary,2.6,20.7,25.6,163.7,68.4,Former,Occasionally,1,250.75,7.11,8.6,6,28,17,4.0,synthetic_mining_v1__glencore_sa_mining
102005,33,F,Married,5,0,Secondary,2.0,5.0,31.0,158.7,78.2,Never,Occasionally,0,251.98,6.44,20.5,12,76,27,11.0,synthetic_mining_v1__glencore_sa_mining
102006,34,F,Married,2,2,Secondary,1.3,42.8,30.1,156.2,73.3,Daily,Occasionally,4,108.3,6.01,17.7,11,203,34,9.0,synthetic_mining_v1__glencore_sa_mining
102007,26,M,Married,1,1,Primary,5.2,9.8,29.3,170.3,84.9,Occasional,Never,3,235.69,6.59,29.9,8,9,21,1.0,synthetic_mining_v1__glencore_sa_mining
102008,31,M,Single,2,2,Diploma,3.1,23.4,17.5,174.7,53.4,Occasional,Occasionally,2,182.28,7.85,9.5,11,104,19,1.0,synthetic_mining_v1__glencore_sa_mining
102009,44,M,Married,2,2,Secondary,5.9,8.2,32.8,175.3,100.8,Daily,Heavy,0,253.48,5.3,29.1,9,201,36,120.0,synthetic_mining_v1__glencore_sa_mining
102010,23,M,Single,4,0,Secondary,15.7,15.3,24.9,173.8,75.1,Occasional,Occasionally,3,168.57,7.39,57.6,5,106,24,2.0,synthetic_mining_v1__glencore_sa_mining
102011,37,M,Single,1,0,Secondary,15.7,15.1,24.6,160.0,62.8,Never,Occasionally,3,184.47,7.09,19.9,4,15,20,1.0,synthetic_mining_v1__glencore_sa_mining
102012,44,M,Married,2,2,Secondary,2.7,5.3,24.6,162.0,64.5,Daily,Regularly,0,248.7,6.19,7.0,5,12,16,9.0,synthetic_mining_v1__glencore_sa_mining
102013,35,M,Single,1,1,Secondary,7.1,12.7,40.9,176.0,126.7,Occasional,Regularly,2,210.71,5.72,28.0,6,91,20,30.0,synthetic_mining_v1__glencore_sa_mining
102014,40,M,Single,2,1,Secondary,3.0,29.3,26.9,175.1,82.4,Never,Never,0,133.91,7.76,4.3,9,96,24,2.0,synthetic_mining_v1__glencore_sa_mining
102015,28,F,Single,2,2,Secondary,4.6,25.5,24.7,165.3,67.5,Daily,Never,0,169.22,4.99,39.5,7,59,30,0.0,synthetic_mining_v1__glencore_sa_mining
102016,50,F,Married,0,0,Diploma,15.2,21.4,28.6,161.7,74.8,Never,Regularly,2,258.12,6.98,50.4,6,97,27,8.0,synthetic_mining_v1__glencore_sa_mining
102017,48,M,Married,4,0,Primary,4.1,5.6,29.6,182.0,98.0,Never,Never,1,192.87,7.6,10.4,5,123,14,1.0,synthetic_mining_v1__glencore_sa_mining
102018,40,F,Single,3,0,Diploma,6.3,26.9,28.1,157.3,69.4,Never,Never,0,146.43,6.38,11.5,6,102,17,2.0,synthetic_mining_v1__glencore_sa_mining
102019,22,M,Widowed,1,1,Secondary,3.2,8.2,31.1,180.6,101.6,Never,Regularly,1,242.14,7.95,30.0,6,201,31,11.0,synthetic_mining_v1__glencore_sa_mining
102020,29,M,Married,1,1,Secondary,0.8,12.7,21.2,162.5,55.8,Never,Never,1,121.25,7.73,12.6,9,107,33,0.0,synthetic_mining_v1__glencore_sa_mining
102021,47,M,Married,1,1,Secondary,7.9,11.6,29.5,169.5,84.6,Former,Occasionally,4,232.93,5.32,58.0,6,65,21,4.0,synthetic_mining_v1__glencore_sa_mining
102022,53,M,Married,0,0,Tertiary,20.2,55.9,22.5,179.9,72.8,Never,Heavy,2,263.03,6.32,20.3,8,135,30,0.0,synthetic_mining_v1__glencore_sa_mining
102023,41,M,Married,3,1,Diploma,2.8,5.5,29.6,176.3,91.9,Former,Regularly,3,278.83,6.37,23.4,7,365,25,30.0,synthetic_mining_v1__glencore_sa_mining
102024,49,M,Single,0,0,Secondary,5.7,3.1,28.7,161.9,75.2,Former,Heavy,2,194.48,4.93,8.2,4,21,26,0.0,synthetic_mining_v1__glencore_sa_mining
102025,33,M,Married,1,0,Secondary,1.6,33.7,28.9,170.5,84.0,Daily,Regularly,2,277.57,7.12,5.4,11,17,14,53.0,synthetic_mining_v1__glencore_sa_mining
102026,36,M,Married,1,1,Secondary,19.3,20.7,33.8,157.8,84.1,Occasional,Regularly,1,242.73,5.64,9.9,5,104,18,19.0,synthetic_mining_v1__glencore_sa_mining
102027,38,M,Single,1,1,Diploma,4.6,10.6,28.2,171.8,83.1,Never,Heavy,2,230.13,6.35,0.4,9,270,25,0.0,synthetic_mining_v1__glencore_sa_mining
102028,42,M,Single,1,0,Secondary,8.6,4.8,37.5,173.6,112.9,Never,Occasionally,4,229.25,7.2,20.7,3,71,18,0.0,synthetic_mining_v1__glencore_sa_mining
102029,24,M,Married,0,0,Secondary,6.8,24.6,22.5,177.0,70.5,Never,Regularly,4,258.94,5.17,8.8,2,185,24,1.0,synthetic_mining_v1__glencore_sa_mining
102030,46,M,Married,2,2,Secondary,6.5,34.2,23.7,179.3,76.3,Daily,Regularly,0,207.98,4.52,1.7,8,56,24,13.0,synthetic_mining_v1__glencore_sa_mining
102031,50,M,Divorced,0,0,Secondary,3.9,18.6,29.2,171.9,86.2,Former,Never,2,197.16,7.5,53.0,7,30,27,0.0,synthetic_mining_v1__glencore_sa_mining
102032,28,M,Widowed,3,2,Secondary,8.5,17.9,30.4,176.2,94.5,Former,Never,2,230.28,6.42,38.7,5,33,24,12.0,synthetic_mining_v1__glencore_sa_mining
102033,26,M,Divorced,1,1,Diploma,4.3,21.9,25.0,183.9,84.5,Daily,Regularly,2,212.42,7.87,7.0,6,17,18,2.0,synthetic_mining_v1__glencore_sa_mining
102034,41,F,Married,1,1,Secondary,16.5,16.2,31.1,153.8,73.6,Never,Regularly,1,231.09,5.46,15.1,2,44,14,6.0,synthetic_mining_v1__glencore_sa_mining
102035,32,M,Married,1,1,Tertiary,9.1,50.2,26.1,166.5,72.5,Occasional,Never,0,189.39,6.68,24.7,7,140,16,0.0,synthetic_mining_v1__glencore_sa_mining
102036,19,M,Married,3,0,Primary,6.8,19.4,39.1,158.1,97.7,Occasional,Occasionally,2,207.6,6.23,13.0,6,52,10,0.0,synthetic_mining_v1__glencore_sa_mining
102037,45,M,Single,2,2,Secondary,0.7,5.4,27.1,163.4,72.4,Daily,Occasionally,1,222.12,5.78,1.6,7,124,19,3.0,synthetic_mining_v1__glencore_sa_mining
102038,39,M,Married,1,1,Primary,9.3,14.9,36.2,166.0,99.7,Former,Occasionally,3,282.22,7.4,38.6,8,355,31,43.0,synthetic_mining_v1__glencore_sa_mining
102039,34,M,Married,2,1,Primary,5.6,21.9,26.5,172.0,78.4,Never,Occasionally,3,238.85,4.94,29.9,10,146,32,9.0,synthetic_mining_v1__glencore_sa_mining
102040,57,M,Single,0,0,Secondary,32.9,18.4,34.2,178.0,108.3,Never,Never,0,238.39,5.62,4.4,7,97,21,5.0,synthetic_mining_v1__glencore_sa_mining
102041,39,M,Married,0,0,Secondary,4.5,5.2,34.3,174.4,104.4,Never,Never,2,240.19,5.35,40.5,11,116,25,8.0,synthetic_mining_v1__glencore_sa_mining
102042,31,M,Married,5,1,Secondary,12.3,33.3,29.6,173.2,88.9,Never,Regularly,2,239.12,4.8,2.1,5,365,27,3.0,synthetic_mining_v1__glencore_sa_mining
102043,39,M,Divorced,0,0,Secondary,4.8,0.9,22.5,165.9,62.0,Former,Occasionally,0,215.7,8.52,16.1,10,261,21,4.0,synthetic_mining_v1__glencore_sa_mining
102044,29,F,Married,2,1,Primary,5.3,9.3,29.3,159.5,74.7,Never,Never,2,235.17,6.0,5.0,6,69,19,2.0,synthetic_mining_v1__glencore_sa_mining
102045,31,M,Divorced,1,1,Diploma,11.3,9.7,30.1,163.4,80.3,Never,Occasionally,1,228.26,8.2,47.7,8,105,21,0.0,synthetic_mining_v1__glencore_sa_mining
102046,41,M,Single,4,0,Secondary,2.6,10.7,25.3,166.5,70.2,Daily,Occasionally,3,272.05,6.01,12.4,10,172,30,13.0,synthetic_mining_v1__glencore_sa_mining
102047,33,M,Married,3,1,Tertiary,6.0,15.4,26.7,166.4,74.1,Never,Never,0,279.44,6.66,12.9,9,51,22,6.0,synthetic_mining_v1__glencore_sa_mining
102048,34,F,Married,2,2,Secondary,1.3,9.6,29.3,156.4,71.8,Never,Never,3,292.26,7.09,15.7,6,77,22,7.0,synthetic_mining_v1__glencore_sa_mining
102049,53,M,Divorced,3,0,Tertiary,22.7,2.2,31.5,168.9,89.7,Never,Never,0,245.23,8.15,1.1,5,21,20,5.0,synthetic_mining_v1__glencore_sa_mining
102050,46,M,Single,0,0,Secondary,5.5,19.3,21.9,177.9,69.4,Never,Regularly,3,173.87,5.01,18.7,9,135,28,3.0,synthetic_mining_v1__glencore_sa_mining
102051,45,M,Single,3,0,Secondary,0.7,23.1,24.9,162.8,66.0,Daily,Occasionally,1,165.33,6.0,23.3,6,79,33,8.0,synthetic_mining_v1__glencore_sa_mining
102052,43,M,Married,0,0,Primary,5.9,19.0,35.1,178.5,112.0,Never,Regularly,3,250.71,6.56,5.6,6,170,14,7.0,synthetic_mining_v1__glencore_sa_mining
102053,42,F,Married,2,2,Secondary,2.7,10.5,31.8,157.9,79.4,Occasional,Occasionally,2,270.33,7.41,70.4,5,28,24,18.0,synthetic_mining_v1__glencore_sa_mining
102054,51,F,Married,0,0,Primary,1.5,5.1,20.4,165.0,55.4,Former,Occasionally,3,228.46,6.97,11.8,9,170,29,7.0,synthetic_mining_v1__glencore_sa_mining
102055,38,M,Married,1,0,Secondary,8.5,28.1,23.3,160.3,59.9,Never,Never,0,161.84,5.07,31.1,7,149,26,0.0,synthetic_mining_v1__glencore_sa_mining
102056,55,M,Married,1,0,Secondary,15.0,23.6,28.4,171.5,83.7,Daily,Occasionally,1,205.34,6.2,7.0,7,17,19,11.0,synthetic_mining_v1__glencore_sa_mining
102057,29,M,Single,3,0,Primary,14.5,7.5,26.8,170.5,78.0,Never,Never,0,172.27,7.49,8.9,9,105,20,0.0,synthetic_mining_v1__glencore_sa_mining
102058,36,M,Married,2,1,Primary,19.6,6.9,24.5,168.8,70.0,Daily,Occasionally,2,202.9,5.35,3.9,9,204,31,4.0,synthetic_mining_v1__glencore_sa_mining
102059,26,M,Divorced,2,0,Secondary,15.2,15.2,34.6,172.6,103.0,Never,Regularly,2,224.59,9.13,4.2,4,212,16,0.0,synthetic_mining_v1__glencore_sa_mining
102060,35,M,Single,1,0,Secondary,2.9,12.4,33.7,182.5,112.2,Never,Occasionally,1,245.24,4.01,23.5,6,117,26,0.0,synthetic_mining_v1__glencore_sa_mining
102061,43,F,Single,2,1,Secondary,4.7,21.5,34.5,164.1,92.8,Never,Occasionally,0,190.89,3.5,23.8,9,70,24,12.0,synthetic_mining_v1__glencore_sa_mining
102062,51,M,Married,1,1,Secondary,12.4,30.6,33.7,173.2,101.0,Daily,Occasionally,4,219.81,6.55,63.7,6,122,23,31.0,synthetic_mining_v1__glencore_sa_mining
102063,32,M,Single,1,1,Diploma,13.6,11.2,24.3,171.9,71.9,Never,Occasionally,2,197.2,6.03,5.3,5,26,21,0.0,synthetic_mining_v1__glencore_sa_mining
102064,38,M,Married,1,1,Secondary,4.6,11.4,31.2,160.1,80.0,Never,Never,3,207.43,4.62,25.8,6,18,17,2.0,synthetic_mining_v1__glencore_sa_mining
102065,35,M,Married,1,0,Secondary,4.0,14.2,23.7,159.8,60.5,Occasional,Never,0,191.29,6.51,7.4,7,141,17,5.0,synthetic_mining_v1__glencore_sa_mining
102066,31,F,Married,4,1,Secondary,3.3,11.0,21.8,158.2,54.6,Never,Regularly,2,211.89,7.24,7.8,7,97,16,0.0,synthetic_mining_v1__glencore_sa_mining
102067,27,M,Single,1,0,Primary,4.3,11.5,22.7,164.1,61.1,Never,Regularly,1,265.79,5.85,39.4,3,68,29,6.0,synthetic_mining_v1__glencore_sa_mining
102068,39,M,Married,0,0,Secondary,5.9,12.5,23.4,169.5,67.3,Never,Occasionally,3,155.49,6.95,16.7,4,80,17,0.0,synthetic_mining_v1__glencore_sa_mining
102069,22,F,Married,0,0,Secondary,4.1,26.3,24.5,159.3,62.3,Daily,Never,4,159.16,6.61,12.1,10,115,14,0.0,synthetic_mining_v1__glencore_sa_mining
102070,39,M,Single,0,0,Tertiary,13.6,11.0,31.1,176.4,96.7,Former,Occasionally,2,336.5,5.75,10.8,10,199,28,72.0,synthetic_mining_v1__glencore_sa_mining
102071,38,F,Married,2,2,Primary,11.3,41.7,20.7,165.1,56.4,Daily,Never,1,291.22,6.54,19.4,3,158,24,48.0,synthetic_mining_v1__glencore_sa_mining
102072,32,M,Single,1,1,Diploma,1.2,21.3,20.4,163.2,54.5,Former,Never,3,174.96,5.84,7.1,9,188,22,0.0,synthetic_mining_v1__glencore_sa_mining
102073,29,M,Single,0,0,Secondary,5.1,20.9,27.1,176.2,84.2,Former,Never,2,204.81,5.99,4.0,2,106,18,3.0,synthetic_mining_v1__glencore_sa_mining
102074,26,M,Married,2,1,Tertiary,5.6,49.9,19.1,170.9,55.6,Occasional,Occasionally,1,260.3,6.59,27.6,4,67,29,6.0,synthetic_mining_v1__glencore_sa_mining
102075,55,F,Single,1,1,Diploma,10.9,27.7,24.0,160.4,61.7,Former,Regularly,5,227.63,6.26,15.0,6,73,16,6.0,synthetic_mining_v1__glencore_sa_mining
102076,26,F,Divorced,2,2,Diploma,4.3,9.7,25.1,158.7,63.1,Never,Never,2,236.82,6.52,42.3,11,80,26,1.0,synthetic_mining_v1__glencore_sa_mining
102077,52,M,Single,0,0,Secondary,5.5,17.1,21.9,172.8,65.3,Never,Occasionally,2,190.29,5.65,1.3,3,51,15,0.0,synthetic_mining_v1__glencore_sa_mining
102078,43,M,Married,2,2,Diploma,6.2,11.7,26.1,163.9,70.2,Occasional,Regularly,0,216.97,6.15,5.9,10,169,30,8.0,synthetic_mining_v1__glencore_sa_mining
102079,35,M,Single,2,1,Tertiary,8.3,9.6,27.1,166.0,74.6,Never,Heavy,3,292.25,4.62,38.0,13,48,30,30.0,synthetic_mining_v1__glencore_sa_mining
102080,28,M,Widowed,5,1,Secondary,0.7,19.6,26.4,167.3,74.0,Never,Heavy,2,278.3,6.52,12.8,5,79,10,13.0,synthetic_mining_v1__glencore_sa_mining
102081,47,M,Divorced,2,1,Primary,6.1,5.1,22.5,171.8,66.3,Daily,Heavy,3,178.07,6.62,50.2,6,86,15,25.0,synthetic_mining_v1__glencore_sa_mining
102082,54,M,Married,0,0,Diploma,11.3,7.3,24.1,174.9,73.7,Former,Regularly,3,226.73,6.94,12.3,5,136,23,5.0,synthetic_mining_v1__glencore_sa_mining
102083,30,M,Single,2,1,Secondary,15.3,21.6,34.9,183.4,117.5,Never,Never,2,211.52,8.07,26.2,8,201,25,6.0,synthetic_mining_v1__glencore_sa_mining
102084,35,M,Married,1,0,Diploma,6.8,31.2,30.1,166.7,83.6,Daily,Heavy,4,293.82,7.01,16.2,5,184,22,41.0,synthetic_mining_v1__glencore_sa_mining
102085,47,M,Married,1,1,Primary,1.1,25.9,16.7,175.2,51.4,Occasional,Occasionally,1,222.1,6.81,11.4,9,77,16,7.0,synthetic_mining_v1__glencore_sa_mining
102086,41,M,Single,0,0,Secondary,14.1,14.6,31.6,163.7,84.7,Former,Heavy,2,277.9,4.97,7.0,8,35,24,17.0,synthetic_mining_v1__glencore_sa_mining
102087,56,M,Married,4,1,Diploma,12.0,14.8,29.0,166.8,80.8,Former,Never,2,204.9,5.04,4.4,7,123,17,3.0,synthetic_mining_v1__glencore_sa_mining
102088,33,M,Divorced,0,0,Tertiary,7.5,5.0,29.3,173.9,88.7,Never,Never,3,235.36,7.9,13.4,7,130,22,2.0,synthetic_mining_v1__glencore_sa_mining
102089,43,M,Single,1,1,Diploma,21.4,12.6,24.3,166.0,66.8,Daily,Occasionally,0,180.22,4.92,32.8,7,13,26,19.0,synthetic_mining_v1__glencore_sa_mining
102090,27,M,Single,1,1,Diploma,1.7,14.9,28.5,169.6,81.8,Daily,Occasionally,2,201.85,7.91,20.9,5,365,20,4.0,synthetic_mining_v1__glencore_sa_mining
102091,57,M,Divorced,2,0,Tertiary,6.7,24.5,30.7,165.7,84.3,Never,Regularly,1,227.05,6.09,52.9,4,53,26,26.0,synthetic_mining_v1__glencore_sa_mining
102092,31,M,Divorced,1,1,Tertiary,12.4,20.9,26.3,178.8,84.1,Never,Never,1,253.3,5.78,22.2,6,56,15,6.0,synthetic_mining_v1__glencore_sa_mining
102093,19,M,Single,2,0,Secondary,10.0,33.5,25.3,167.3,70.9,Never,Heavy,2,289.95,8.49,12.2,10,172,24,6.0,synthetic_mining_v1__glencore_sa_mining
102094,37,M,Single,1,0,Secondary,25.3,15.7,27.2,174.5,82.8,Occasional,Occasionally,5,168.13,7.32,9.3,8,43,18,0.0,synthetic_mining_v1__glencore_sa_mining
102095,37,F,Married,0,0,Secondary,2.6,20.4,32.7,155.1,78.7,Daily,Occasionally,0,255.13,7.15,32.4,8,75,24,19.0,synthetic_mining_v1__glencore_sa_mining
102096,55,M,Married,0,0,Secondary,2.5,5.6,34.6,170.5,100.6,Occasional,Occasionally,2,266.24,6.11,6.2,12,105,21,13.0,synthetic_mining_v1__glencore_sa_mining
102097,35,M,Widowed,0,0,Secondary,5.2,5.1,22.3,173.2,66.9,Never,Never,4,213.36,6.15,36.8,6,98,24,1.0,synthetic_mining_v1__glencore_sa_mining
102098,38,M,Single,2,2,Primary,7.4,22.6,35.2,162.7,93.1,Daily,Regularly,5,213.69,6.03,5.2,4,81,15,9.0,synthetic_mining_v1__glencore_sa_mining
102099,43,M,Married,4,0,Secondary,6.2,23.9,19.9,167.4,55.6,Never,Occasionally,4,196.25,8.23,19.6,7,177,28,4.0,synthetic_mining_v1__glencore_sa_mining
102100,52,M,Married,1,1,Tertiary,6.2,15.6,29.9,156.2,73.0,Never,Heavy,0,281.27,7.43,10.9,7,80,21,0.0,synthetic_mining_v1__glencore_sa_mining
102101,37,M,Divorced,2,2,Diploma,8.7,42.2,22.8,170.4,66.3,Former,Never,3,306.99,5.18,7.7,8,91,21,0.0,synthetic_mining_v1__glencore_sa_mining
102102,47,F,Married,2,2,Tertiary,2.0,19.6,32.6,155.3,78.8,Daily,Never,2,174.72,6.2,14.6,6,115,16,30.0,synthetic_mining_v1__glencore_sa_mining
102103,43,M,Single,2,0,Secondary,10.7,9.7,28.6,165.5,78.4,Former,Occasionally,3,126.31,7.12,6.7,13,343,26,0.0,synthetic_mining_v1__glencore_sa_mining
102104,35,F,Single,4,2,Secondary,2.6,22.9,32.2,161.9,84.4,Never,Never,3,265.66,6.23,6.4,7,73,19,1.0,synthetic_mining_v1__glencore_sa_mining
102105,39,M,Married,3,3,Secondary,10.0,22.7,32.8,155.9,79.7,Daily,Occasionally,3,228.95,5.11,4.7,5,88,21,5.0,synthetic_mining_v1__glencore_sa_mining
102106,38,M,Single,0,0,Tertiary,4.7,1.3,32.6,163.8,87.4,Never,Never,2,268.18,6.76,39.6,9,68,28,9.0,synthetic_mining_v1__glencore_sa_mining
102107,30,M,Married,3,0,Secondary,5.8,24.6,25.7,159.8,65.5,Former,Regularly,3,224.72,6.34,25.1,9,32,23,4.0,synthetic_mining_v1__glencore_sa_mining
102108,49,F,Married,0,0,Tertiary,9.2,18.1,19.4,157.9,48.3,Daily,Heavy,1,184.99,5.81,17.7,8,365,18,22.0,synthetic_mining_v1__glencore_sa_mining
102109,26,M,Married,3,0,Secondary,10.4,2.4,30.1,178.0,95.3,Never,Occasionally,3,232.9,7.61,30.1,11,80,27,6.0,synthetic_mining_v1__glencore_sa_mining
102110,49,M,Married,0,0,Diploma,9.4,29.0,23.0,174.0,69.6,Never,Never,0,165.42,6.47,3.9,6,105,12,2.0,synthetic_mining_v1__glencore_sa_mining
102111,47,M,Single,4,1,Diploma,4.5,5.2,30.6,176.9,95.8,Daily,Occasionally,0,296.89,6.68,18.0,5,135,26,41.0,synthetic_mining_v1__glencore_sa_mining
102112,37,M,Married,2,2,Tertiary,1.9,32.3,27.3,178.8,87.1,Daily,Occasionally,3,191.46,6.18,29.1,5,81,23,3.0,synthetic_mining_v1__glencore_sa_mining
102113,31,F,Single,1,0,Secondary,4.6,12.3,23.4,158.3,58.7,Daily,Never,5,184.2,6.84,17.8,5,82,14,3.0,synthetic_mining_v1__glencore_sa_mining
102114,36,F,Married,0,0,Diploma,2.5,20.5,30.4,169.2,86.9,Daily,Occasionally,3,264.36,5.35,27.7,5,84,28,22.0,synthetic_mining_v1__glencore_sa_mining
102115,42,M,Single,2,0,Tertiary,19.5,16.0,29.0,164.8,78.8,Daily,Never,4,275.62,6.77,11.5,10,11,19,19.0,synthetic_mining_v1__glencore_sa_mining
102116,45,M,Married,1,1,Secondary,7.5,20.4,32.3,154.7,77.3,Never,Occasionally,2,122.86,5.79,26.8,10,126,25,0.0,synthetic_mining_v1__glencore_sa_mining
102117,41,M,Married,4,0,Secondary,1.5,11.4,30.1,162.2,79.1,Never,Regularly,1,225.96,6.78,18.8,10,105,18,12.0,synthetic_mining_v1__glencore_sa_mining
102118,47,M,Married,4,1,Primary,10.8,31.7,34.2,172.1,101.3,Never,Regularly,3,241.24,5.68,5.5,10,111,15,4.0,synthetic_mining_v1__glencore_sa_mining
102119,33,M,Divorced,4,2,Secondary,7.9,11.3,24.7,179.5,79.7,Never,Never,2,227.72,6.3,8.5,9,29,18,1.0,synthetic_mining_v1__glencore_sa_mining
102120,40,M,Married,3,3,Secondary,2.7,17.5,29.3,155.5,70.9,Occasional,Never,4,117.92,5.18,7.4,4,199,27,0.0,synthetic_mining_v1__glencore_sa_mining
102121,24,M,Married,1,1,Primary,3.2,14.1,36.8,175.7,113.6,Never,Regularly,2,263.5,6.02,53.2,6,53,21,8.0,synthetic_mining_v1__glencore_sa_mining
102122,45,M,Married,0,0,Secondary,15.4,20.0,34.2,164.5,92.6,Daily,Heavy,2,203.1,6.1,37.1,8,51,35,0.0,synthetic_mining_v1__glencore_sa_mining
102123,39,M,Single,1,0,Secondary,4.1,15.5,34.3,175.6,105.8,Never,Never,3,177.58,6.05,28.6,1,20,18,2.0,synthetic_mining_v1__glencore_sa_mining
102124,34,M,Single,0,0,Diploma,3.9,1.7,20.0,172.0,59.3,Former,Never,3,251.59,6.52,1.7,8,54,13,0.0,synthetic_mining_v1__glencore_sa_mining
102125,48,M,Divorced,5,0,Diploma,11.8,17.1,26.1,167.0,72.7,Never,Never,3,190.3,6.95,20.7,8,34,23,2.0,synthetic_mining_v1__glencore_sa_mining
102126,44,F,Married,1,1,Secondary,3.7,3.5,31.2,154.1,74.1,Former,Never,4,131.14,6.78,18.6,3,35,20,1.0,synthetic_mining_v1__glencore_sa_mining
102127,19,M,Married,2,2,Secondary,2.7,26.3,31.4,168.1,88.7,Former,Occasionally,0,187.13,5.39,8.8,10,52,22,2.0,synthetic_mining_v1__glencore_sa_mining
102128,38,M,Single,1,1,Primary,6.8,1.5,31.3,171.5,91.9,Never,Regularly,5,177.87,4.04,18.6,4,61,24,4.0,synthetic_mining_v1__glencore_sa_mining
102129,25,M,Widowed,0,0,Secondary,4.1,15.4,28.4,167.9,79.9,Never,Regularly,3,216.37,6.7,41.1,3,96,25,8.0,synthetic_mining_v1__glencore_sa_mining
102130,48,M,Single,2,1,Secondary,9.4,19.7,33.8,160.2,86.7,Daily,Occasionally,4,217.81,7.37,7.5,7,201,22,94.0,synthetic_mining_v1__glencore_sa_mining
102131,60,F,Single,3,0,Primary,5.2,13.8,24.9,165.8,68.3,Never,Regularly,5,182.15,5.43,18.2,5,46,20,1.0,synthetic_mining_v1__glencore_sa_mining
102132,33,M,Divorced,1,1,Primary,6.0,37.7,21.5,163.7,57.7,Daily,Never,2,252.44,7.43,30.3,2,149,19,0.0,synthetic_mining_v1__glencore_sa_mining
102133,39,M,Married,1,1,Secondary,3.3,10.8,25.8,173.5,77.6,Never,Regularly,4,207.27,7.52,9.0,8,82,20,1.0,synthetic_mining_v1__glencore_sa_mining
102134,36,M,Divorced,0,0,Secondary,6.8,10.3,26.7,179.9,86.5,Former,Never,3,268.94,5.64,6.1,10,91,25,1.0,synthetic_mining_v1__glencore_sa_mining
102135,41,M,Divorced,2,0,Tertiary,8.1,35.9,21.5,173.0,64.3,Occasional,Regularly,0,200.89,7.35,41.6,8,32,21,2.0,synthetic_mining_v1__glencore_sa_mining
102136,44,M,Divorced,0,0,Secondary,8.9,5.1,26.0,174.2,79.0,Daily,Regularly,6,214.52,7.79,28.0,5,131,21,0.0,synthetic_mining_v1__glencore_sa_mining
102137,50,M,Married,4,1,Tertiary,2.3,10.6,26.5,162.6,70.1,Former,Never,3,238.33,5.76,15.9,7,139,29,21.0,synthetic_mining_v1__glencore_sa_mining
102138,29,F,Single,2,1,Diploma,3.0,11.6,32.9,159.1,83.2,Never,Never,0,225.99,7.75,22.0,9,99,19,0.0,synthetic_mining_v1__glencore_sa_mining
102139,52,M,Married,0,0,Secondary,10.0,16.1,19.6,168.1,55.3,Occasional,Never,0,259.8,5.86,2.0,6,49,25,6.0,synthetic_mining_v1__glencore_sa_mining
102140,30,M,Married,3,0,Secondary,6.9,0.8,23.5,161.1,61.0,Never,Never,1,261.44,5.15,34.7,7,275,24,6.0,synthetic_mining_v1__glencore_sa_mining
102141,40,M,Married,2,1,Tertiary,4.0,14.4,33.7,178.9,107.7,Never,Occasionally,0,292.89,8.09,12.6,3,211,18,0.0,synthetic_mining_v1__glencore_sa_mining
102142,48,M,Married,4,2,Secondary,6.6,20.7,31.8,160.8,82.2,Never,Occasionally,0,254.88,6.44,28.4,7,22,23,0.0,synthetic_mining_v1__glencore_sa_mining
102143,44,M,Divorced,2,2,Diploma,4.0,6.4,29.6,164.2,80.0,Never,Never,1,248.88,5.63,31.7,5,78,22,0.0,synthetic_mining_v1__glencore_sa_mining
102144,30,M,Married,2,0,Diploma,5.7,10.6,36.0,172.4,107.2,Never,Never,1,214.24,5.89,46.9,5,67,27,6.0,synthetic_mining_v1__glencore_sa_mining
102145,32,M,Married,1,1,Secondary,12.1,9.4,27.3,173.8,82.5,Former,Occasionally,4,289.17,7.33,16.2,11,188,30,10.0,synthetic_mining_v1__glencore_sa_mining
102146,34,M,Single,1,1,Diploma,6.0,19.7,30.1,174.3,91.4,Former,Regularly,0,171.23,6.73,11.6,7,100,18,3.0,synthetic_mining_v1__glencore_sa_mining
102147,38,M,Married,4,0,Diploma,9.2,9.8,32.2,175.3,99.1,Never,Heavy,0,198.31,5.99,4.9,5,62,19,7.0,synthetic_mining_v1__glencore_sa_mining
102148,48,M,Married,2,1,Secondary,10.5,12.3,37.5,170.5,109.1,Daily,Occasionally,2,225.43,6.71,65.5,5,44,20,57.0,synthetic_mining_v1__glencore_sa_mining
102149,26,M,Single,2,2,Diploma,5.6,19.8,32.2,173.3,96.8,Daily,Regularly,1,166.73,8.82,11.9,5,136,18,12.0,synthetic_mining_v1__glencore_sa_mining
102150,42,M,Married,3,0,Secondary,7.8,7.1,25.8,160.7,66.7,Daily,Never,2,196.58,6.68,5.3,7,54,21,4.0,synthetic_mining_v1__glencore_sa_mining
102151,43,M,Single,0,0,Secondary,1.8,15.2,25.3,170.7,73.8,Never,Never,2,133.55,6.24,13.4,8,57,27,0.0,synthetic_mining_v1__glencore_sa_mining
102152,43,F,Single,1,1,Primary,3.1,30.6,25.9,176.4,80.7,Former,Regularly,3,208.69,5.08,6.9,4,95,22,3.0,synthetic_mining_v1__glencore_sa_mining
102153,42,M,Single,1,1,Secondary,1.8,2.6,29.1,175.1,89.3,Never,Regularly,4,267.93,7.23,12.2,6,172,17,4.0,synthetic_mining_v1__glencore_sa_mining
102154,52,M,Married,1,1,Diploma,2.1,32.1,23.5,162.9,62.4,Never,Never,3,238.56,5.21,21.5,8,51,27,5.0,synthetic_mining_v1__glencore_sa_mining
102155,42,M,Married,1,0,Primary,7.8,11.2,21.9,166.2,60.4,Occasional,Regularly,0,223.82,7.65,23.7,5,110,23,8.0,synthetic_mining_v1__glencore_sa_mining
102156,46,F,Married,2,0,Secondary,1.7,20.0,28.4,155.9,69.0,Occasional,Occasionally,0,247.62,6.35,39.0,6,127,34,12.0,synthetic_mining_v1__glencore_sa_mining
102157,43,M,Divorced,1,1,Secondary,13.0,16.1,23.0,160.8,59.4,Former,Regularly,0,206.55,5.98,13.6,8,101,28,6.0,synthetic_mining_v1__glencore_sa_mining
102158,54,F,Widowed,2,0,Secondary,3.0,7.4,29.3,159.1,74.1,Daily,Regularly,3,256.21,6.04,20.0,4,168,27,41.0,synthetic_mining_v1__glencore_sa_mining
102159,21,M,Married,0,0,Secondary,17.3,12.0,33.4,173.4,100.4,Daily,Occasionally,3,209.9,7.4,19.7,8,120,20,10.0,synthetic_mining_v1__glencore_sa_mining
102160,50,F,Married,2,0,Secondary,2.8,5.8,30.0,170.0,86.6,Former,Occasionally,3,203.1,7.3,12.8,18,82,19,8.0,synthetic_mining_v1__glencore_sa_mining
102161,36,M,Married,2,1,Secondary,6.0,4.8,21.4,156.1,52.1,Never,Never,1,221.59,5.3,13.4,6,73,22,0.0,synthetic_mining_v1__glencore_sa_mining
102162,35,F,Single,2,1,Primary,9.8,6.4,27.8,153.3,65.4,Never,Never,4,221.94,5.79,8.3,7,32,18,0.0,synthetic_mining_v1__glencore_sa_mining
102163,29,M,Single,2,1,Secondary,8.6,3.1,29.0,162.1,76.2,Former,Never,0,188.56,6.33,29.9,5,113,28,2.0,synthetic_mining_v1__glencore_sa_mining
102164,21,F,Married,1,1,Secondary,1.7,11.7,30.0,154.6,71.7,Never,Occasionally,3,201.0,5.49,33.6,10,259,34,2.0,synthetic_mining_v1__glencore_sa_mining
102165,35,M,Married,2,2,Tertiary,12.8,49.4,26.1,157.0,64.5,Never,Never,5,197.99,6.47,49.6,8,182,26,10.0,synthetic_mining_v1__glencore_sa_mining
102166,32,M,Married,0,0,Secondary,4.0,5.2,31.1,185.8,107.2,Former,Occasionally,4,181.81,5.8,18.2,9,241,12,2.0,synthetic_mining_v1__glencore_sa_mining
102167,42,M,Single,2,1,Diploma,3.5,8.3,28.6,162.9,75.8,Daily,Never,2,180.53,6.6,78.7,5,233,27,0.0,synthetic_mining_v1__glencore_sa_mining
102168,25,M,Divorced,1,0,Primary,6.6,4.1,26.8,160.0,68.7,Never,Never,1,224.24,5.32,2.1,7,171,30,1.0,synthetic_mining_v1__glencore_sa_mining
102169,51,M,Married,4,3,Secondary,7.5,12.5,32.3,168.0,91.0,Occasional,Occasionally,0,230.45,4.77,31.8,9,169,30,24.0,synthetic_mining_v1__glencore_sa_mining
102170,40,M,Single,1,1,Secondary,16.0,65.7,23.4,163.9,63.0,Never,Never,0,110.25,7.83,3.6,10,51,19,2.0,synthetic_mining_v1__glencore_sa_mining
102171,36,M,Married,1,1,Secondary,8.9,19.3,26.7,169.2,76.5,Occasional,Never,3,224.77,6.32,34.7,6,172,19,0.0,synthetic_mining_v1__glencore_sa_mining
102172,32,M,Married,0,0,Diploma,5.6,24.3,29.6,171.1,86.8,Daily,Occasionally,4,278.12,6.04,15.7,7,87,32,0.0,synthetic_mining_v1__glencore_sa_mining
102173,31,M,Married,3,3,Secondary,4.3,11.9,22.6,160.2,58.0,Never,Regularly,3,169.98,5.06,26.5,6,13,29,3.0,synthetic_mining_v1__glencore_sa_mining
102174,28,M,Widowed,0,0,Primary,12.1,18.7,23.2,187.3,81.4,Never,Never,4,236.84,5.84,11.5,6,210,23,1.0,synthetic_mining_v1__glencore_sa_mining
102175,33,M,Married,2,1,Secondary,3.3,15.5,26.0,165.3,71.1,Former,Occasionally,3,180.87,5.29,18.3,6,67,21,1.0,synthetic_mining_v1__glencore_sa_mining
102176,38,M,Single,4,1,Secondary,3.1,14.8,27.0,175.9,83.6,Former,Regularly,3,228.93,6.45,40.2,6,68,23,0.0,synthetic_mining_v1__glencore_sa_mining
102177,36,M,Single,4,2,Diploma,5.4,21.4,22.7,167.2,63.4,Former,Never,2,221.81,7.1,15.2,6,18,17,0.0,synthetic_mining_v1__glencore_sa_mining
102178,25,F,Married,0,0,Secondary,2.9,7.2,21.0,160.5,54.0,Daily,Regularly,4,169.44,8.95,27.2,8,190,20,4.0,synthetic_mining_v1__glencore_sa_mining
102179,36,M,Single,1,1,Secondary,7.8,32.9,38.7,146.4,82.9,Daily,Never,6,151.8,6.69,26.7,12,195,26,8.0,synthetic_mining_v1__glencore_sa_mining
102180,30,M,Married,1,1,Diploma,6.0,12.7,28.7,180.0,92.8,Daily,Occasionally,5,226.2,5.6,10.4,9,53,19,2.0,synthetic_mining_v1__glencore_sa_mining
102181,39,M,Married,2,1,Secondary,9.3,38.9,26.3,158.1,65.6,Former,Heavy,0,257.71,5.95,17.2,6,176,23,19.0,synthetic_mining_v1__glencore_sa_mining
102182,55,M,Married,0,0,Primary,26.9,1.9,39.2,169.7,112.8,Former,Occasionally,2,220.56,6.38,7.8,1,55,23,9.0,synthetic_mining_v1__glencore_sa_mining
102183,44,F,Single,6,2,Secondary,4.0,44.6,37.6,160.8,97.2,Never,Never,1,207.35,6.28,10.6,7,228,23,17.0,synthetic_mining_v1__glencore_sa_mining
102184,35,F,Single,0,0,Secondary,7.3,0.5,28.5,159.3,72.4,Occasional,Regularly,1,195.3,4.81,4.1,11,199,20,0.0,synthetic_mining_v1__glencore_sa_mining
102185,23,M,Single,0,0,Secondary,6.5,16.2,27.7,175.8,85.7,Never,Occasionally,3,203.99,7.31,3.4,7,30,16,0.0,synthetic_mining_v1__glencore_sa_mining
102186,25,M,Married,0,0,Diploma,6.7,10.7,25.1,177.2,78.8,Never,Never,2,180.53,7.29,8.7,7,87,25,1.0,synthetic_mining_v1__glencore_sa_mining
102187,23,F,Married,0,0,Tertiary,3.9,19.8,33.5,153.1,78.4,Never,Never,1,247.96,5.57,16.9,8,74,20,0.0,synthetic_mining_v1__glencore_sa_mining
102188,45,M,Married,3,1,Secondary,9.5,66.3,31.0,162.8,82.2,Former,Occasionally,2,273.1,4.85,17.6,9,105,32,51.0,synthetic_mining_v1__glencore_sa_mining
102189,31,M,Married,0,0,Diploma,3.2,12.4,22.5,174.1,68.3,Never,Occasionally,1,167.11,8.11,20.8,12,65,20,2.0,synthetic_mining_v1__glencore_sa_mining
102190,39,M,Married,3,1,Primary,7.6,0.8,25.1,154.8,60.2,Daily,Regularly,2,232.76,4.72,20.9,13,65,26,8.0,synthetic_mining_v1__glencore_sa_mining
102191,32,M,Widowed,1,0,Secondary,5.3,8.1,27.3,187.6,96.3,Daily,Occasionally,0,203.89,5.95,27.2,14,76,27,6.0,synthetic_mining_v1__glencore_sa_mining
102192,39,M,Married,1,1,Secondary,2.4,7.8,33.1,169.3,94.9,Daily,Occasionally,2,195.38,8.46,11.9,7,243,22,0.0,synthetic_mining_v1__glencore_sa_mining
102193,51,M,Single,1,0,Diploma,0.6,11.4,27.8,168.4,78.9,Never,Occasionally,2,240.44,5.32,43.2,7,80,22,0.0,synthetic_mining_v1__glencore_sa_mining
102194,32,M,Married,2,1,Secondary,3.6,24.6,23.9,161.4,62.2,Occasional,Regularly,1,259.51,5.72,15.7,10,81,26,18.0,synthetic_mining_v1__glencore_sa_mining
102195,35,M,Single,1,1,Secondary,6.1,4.6,22.3,173.3,67.1,Never,Never,2,290.96,7.17,12.9,7,144,22,2.0,synthetic_mining_v1__glencore_sa_mining
102196,31,M,Married,3,0,Primary,12.1,7.3,29.6,168.0,83.6,Never,Regularly,2,214.82,6.68,5.1,10,76,23,1.0,synthetic_mining_v1__glencore_sa_mining
102197,46,F,Married,2,1,Secondary,8.3,7.2,29.6,158.9,74.7,Former,Regularly,3,167.03,3.75,2.6,9,75,25,2.0,synthetic_mining_v1__glencore_sa_mining
102198,29,M,Single,0,0,Primary,24.2,9.5,16.7,166.8,46.5,Never,Occasionally,0,214.8,4.79,25.7,2,100,20,0.0,synthetic_mining_v1__glencore_sa_mining
102199,28,M,Single,0,0,Secondary,5.7,26.5,27.9,175.1,85.5,Never,Occasionally,5,247.11,7.93,28.9,7,132,32,0.0,synthetic_mining_v1__glencore_sa_mining
102200,26,M,Single,2,2,Secondary,12.0,6.8,32.7,172.5,97.3,Former,Occasionally,0,224.94,6.7,10.2,3,161,15,1.0,synthetic_mining_v1__glencore_sa_mining
102201,25,M,Married,3,1,Secondary,3.5,23.3,27.4,172.9,82.0,Occasional,Occasionally,2,195.66,5.02,1.4,4,103,21,2.0,synthetic_mining_v1__glencore_sa_mining
102202,42,M,Divorced,1,1,Diploma,7.5,2.8,21.5,179.1,69.1,Never,Occasionally,4,309.32,3.5,21.8,8,129,33,5.0,synthetic_mining_v1__glencore_sa_mining
102203,61,M,Married,1,1,Primary,5.5,13.8,22.7,177.9,71.9,Occasional,Occasionally,4,214.11,6.98,12.8,8,121,19,4.0,synthetic_mining_v1__glencore_sa_mining
102204,29,M,Married,2,1,Diploma,2.0,4.9,20.2,163.8,54.3,Former,Never,0,257.98,7.32,40.8,5,75,19,0.0,synthetic_mining_v1__glencore_sa_mining
102205,47,M,Married,2,1,Secondary,12.5,5.6,30.2,180.2,98.2,Occasional,Occasionally,3,160.14,5.94,74.8,12,350,26,5.0,synthetic_mining_v1__glencore_sa_mining
102206,40,M,Single,1,0,Secondary,1.3,7.6,23.7,177.8,74.9,Never,Occasionally,2,252.43,6.3,67.7,6,69,27,2.0,synthetic_mining_v1__glencore_sa_mining
102207,28,F,Single,2,1,Primary,14.3,16.8,29.7,156.7,73.0,Never,Occasionally,2,124.36,5.77,44.2,9,139,28,0.0,synthetic_mining_v1__glencore_sa_mining
102208,36,M,Divorced,2,1,Diploma,1.1,7.0,28.8,165.6,78.9,Occasional,Regularly,1,196.9,4.79,7.0,7,61,25,7.0,synthetic_mining_v1__glencore_sa_mining
102209,36,M,Married,5,1,Diploma,5.4,18.8,28.9,181.0,94.9,Never,Never,4,203.75,5.83,8.6,10,97,19,2.0,synthetic_mining_v1__glencore_sa_mining
102210,32,M,Single,1,1,Secondary,6.2,20.6,20.9,162.6,55.2,Daily,Regularly,5,240.92,5.58,31.1,6,80,19,3.0,synthetic_mining_v1__glencore_sa_mining
102211,55,M,Divorced,2,0,Primary,14.8,31.9,33.9,177.6,106.8,Occasional,Occasionally,3,301.27,6.87,38.6,8,96,23,120.0,synthetic_mining_v1__glencore_sa_mining
102212,21,F,Single,1,1,Secondary,10.0,7.2,27.6,158.6,69.6,Former,Never,3,250.92,6.23,19.0,14,72,24,3.0,synthetic_mining_v1__glencore_sa_mining
102213,41,M,Married,1,0,Diploma,2.1,9.2,33.3,174.8,101.8,Former,Heavy,0,175.18,7.31,17.7,8,154,25,9.0,synthetic_mining_v1__glencore_sa_mining
102214,41,M,Married,1,0,Diploma,8.4,12.3,19.1,170.1,55.2,Former,Regularly,1,146.48,4.17,7.8,4,181,31,2.0,synthetic_mining_v1__glencore_sa_mining
102215,33,M,Married,0,0,Secondary,4.7,22.2,28.4,165.0,77.4,Former,Occasionally,2,151.12,5.83,11.6,8,79,14,1.0,synthetic_mining_v1__glencore_sa_mining
102216,39,M,Married,1,1,Secondary,14.1,31.8,22.2,177.1,69.7,Daily,Never,3,156.81,5.43,12.3,3,120,17,8.0,synthetic_mining_v1__glencore_sa_mining
102217,46,M,Single,2,2,Primary,9.5,37.1,29.1,159.5,73.9,Never,Occasionally,2,300.66,8.73,12.2,3,47,18,12.0,synthetic_mining_v1__glencore_sa_mining
102218,39,M,Single,0,0,Secondary,5.2,28.3,22.3,168.0,62.9,Never,Occasionally,2,109.32,6.02,5.0,10,21,24,1.0,synthetic_mining_v1__glencore_sa_mining
102219,42,M,Single,4,1,Secondary,10.5,24.9,20.3,177.5,63.8,Never,Occasionally,5,127.48,5.97,30.8,10,206,28,1.0,synthetic_mining_v1__glencore_sa_mining
102220,44,M,Married,2,0,Secondary,4.6,8.7,36.5,158.8,92.2,Never,Occasionally,5,276.61,7.07,40.3,5,64,28,14.0,synthetic_mining_v1__glencore_sa_mining
102221,20,F,Married,0,0,Primary,1.6,12.3,22.4,156.6,54.8,Daily,Occasionally,2,184.86,4.83,24.8,6,79,16,3.0,synthetic_mining_v1__glencore_sa_mining
102222,51,M,Single,3,1,Diploma,11.7,7.9,31.9,167.9,89.9,Daily,Regularly,3,277.88,7.74,14.7,8,281,24,51.0,synthetic_mining_v1__glencore_sa_mining
102223,59,M,Married,1,1,Tertiary,6.6,22.5,29.9,166.6,82.8,Never,Occasionally,1,213.32,6.72,7.1,9,96,17,4.0,synthetic_mining_v1__glencore_sa_mining
102224,47,F,Married,2,1,Primary,8.0,25.6,19.2,151.1,43.8,Former,Occasionally,3,276.89,7.03,65.7,1,365,30,4.0,synthetic_mining_v1__glencore_sa_mining
102225,47,M,Married,2,0,Secondary,4.1,6.4,24.6,171.5,72.3,Never,Regularly,1,186.78,6.28,13.2,3,68,20,1.0,synthetic_mining_v1__glencore_sa_mining
102226,25,M,Single,0,0,Secondary,2.5,9.2,37.0,154.8,88.7,Never,Regularly,3,170.51,7.16,34.2,7,163,24,0.0,synthetic_mining_v1__glencore_sa_mining
102227,37,M,Single,1,0,Secondary,4.6,8.9,31.9,163.1,84.8,Daily,Occasionally,3,335.5,7.66,16.0,5,46,21,0.0,synthetic_mining_v1__glencore_sa_mining
102228,31,F,Married,3,3,Secondary,3.0,3.9,28.8,161.1,74.7,Daily,Never,2,262.65,5.95,10.7,6,30,21,3.0,synthetic_mining_v1__glencore_sa_mining
102229,33,M,Married,0,0,Primary,3.4,29.1,33.5,169.1,95.7,Daily,Occasionally,0,184.17,5.82,9.8,12,127,19,22.0,synthetic_mining_v1__glencore_sa_mining
102230,47,M,Single,3,1,Secondary,26.2,15.2,27.2,172.6,81.1,Never,Occasionally,4,282.98,7.06,39.7,10,244,28,11.0,synthetic_mining_v1__glencore_sa_mining
102231,31,M,Married,0,0,Diploma,4.4,19.2,23.3,176.9,72.9,Former,Regularly,2,304.26,7.28,15.9,2,83,18,5.0,synthetic_mining_v1__glencore_sa_mining
102232,37,F,Married,2,1,Diploma,10.6,39.7,32.2,156.2,78.5,Never,Heavy,4,269.17,5.09,18.0,6,120,31,5.0,synthetic_mining_v1__glencore_sa_mining
102233,21,M,Married,1,0,Primary,9.8,40.2,23.6,173.7,71.2,Daily,Occasionally,3,228.46,6.56,48.1,7,56,21,5.0,synthetic_mining_v1__glencore_sa_mining
102234,37,M,Married,2,0,Secondary,3.3,9.3,26.8,165.9,73.9,Never,Occasionally,0,304.45,7.59,33.8,6,45,26,5.0,synthetic_mining_v1__glencore_sa_mining
102235,39,M,Married,2,1,Secondary,1.4,11.4,31.9,170.8,93.0,Never,Regularly,5,245.11,6.36,17.7,8,83,14,0.0,synthetic_mining_v1__glencore_sa_mining
102236,32,M,Divorced,0,0,Tertiary,3.7,14.4,27.7,169.9,79.9,Former,Regularly,4,281.39,4.84,17.0,8,121,34,22.0,synthetic_mining_v1__glencore_sa_mining
102237,32,M,Divorced,2,0,Secondary,4.4,3.2,25.9,164.6,70.3,Never,Heavy,1,134.15,4.7,18.4,3,59,28,5.0,synthetic_mining_v1__glencore_sa_mining
102238,55,M,Single,1,1,Secondary,9.9,17.7,23.6,152.1,54.5,Daily,Occasionally,0,259.98,4.16,20.1,2,210,28,43.0,synthetic_mining_v1__glencore_sa_mining
102239,27,M,Divorced,2,1,Secondary,6.9,20.0,25.2,161.6,65.8,Never,Heavy,1,318.62,8.28,50.9,4,57,33,44.0,synthetic_mining_v1__glencore_sa_mining
102240,29,M,Single,4,1,Secondary,4.4,25.3,20.0,173.2,60.0,Never,Occasionally,1,218.89,7.79,5.7,6,119,27,0.0,synthetic_mining_v1__glencore_sa_mining
102241,31,M,Single,1,1,Tertiary,1.4,20.7,24.4,166.1,67.2,Daily,Never,0,280.19,4.91,31.9,5,60,31,32.0,synthetic_mining_v1__glencore_sa_mining
102242,49,M,Married,0,0,Secondary,5.5,5.8,25.3,168.4,71.8,Never,Heavy,3,264.66,8.92,14.6,6,162,23,0.0,synthetic_mining_v1__glencore_sa_mining
102243,57,M,Divorced,1,1,Diploma,4.8,39.9,24.4,176.9,76.4,Former,Occasionally,3,179.29,5.83,18.1,5,99,22,0.0,synthetic_mining_v1__glencore_sa_mining
102244,41,M,Single,0,0,Secondary,3.1,3.7,30.8,172.5,91.5,Never,Occasionally,4,261.1,5.36,15.8,3,44,17,3.0,synthetic_mining_v1__glencore_sa_mining
102245,32,F,Married,1,0,Secondary,2.6,24.0,20.5,155.8,49.7,Never,Regularly,3,267.54,5.22,62.5,6,229,29,4.0,synthetic_mining_v1__glencore_sa_mining
102246,34,M,Single,2,2,Diploma,2.0,12.5,22.5,164.4,60.8,Never,Occasionally,5,210.6,5.25,16.5,5,82,23,2.0,synthetic_mining_v1__glencore_sa_mining
102247,48,M,Divorced,0,0,Secondary,8.8,22.8,19.6,171.5,57.7,Daily,Occasionally,1,232.33,6.59,21.5,6,30,19,11.0,synthetic_mining_v1__glencore_sa_mining
102248,30,M,Married,2,1,Secondary,2.1,26.7,29.9,169.6,86.1,Never,Occasionally,2,221.95,8.84,13.7,2,164,28,3.0,synthetic_mining_v1__glencore_sa_mining
102249,51,M,Married,1,1,Diploma,6.0,4.6,32.6,172.5,96.9,Daily,Occasionally,3,211.54,5.39,19.7,7,59,20,10.0,synthetic_mining_v1__glencore_sa_mining
102250,51,M,Divorced,1,1,Secondary,3.0,43.4,30.6,165.0,83.4,Former,Heavy,2,249.29,8.39,8.0,13,98,20,34.0,synthetic_mining_v1__glencore_sa_mining
102251,39,M,Married,1,0,Diploma,1.0,4.4,31.1,175.0,95.3,Daily,Occasionally,4,227.74,3.71,12.3,9,129,25,53.0,synthetic_mining_v1__glencore_sa_mining
102252,44,M,Married,1,0,Secondary,18.7,21.2,27.1,160.4,69.6,Former,Occasionally,1,246.73,5.77,4.8,3,55,13,2.0,synthetic_mining_v1__glencore_sa_mining
102253,45,M,Single,1,1,Tertiary,6.0,12.7,23.6,178.4,75.0,Never,Occasionally,1,252.67,7.67,18.3,4,31,17,0.0,synthetic_mining_v1__glencore_sa_mining
102254,52,F,Single,1,1,Secondary,9.7,14.5,27.5,156.9,67.6,Never,Never,0,128.85,4.83,6.9,3,98,22,1.0,synthetic_mining_v1__glencore_sa_mining
102255,29,F,Married,3,1,Secondary,2.4,14.0,33.0,148.8,73.0,Daily,Occasionally,1,233.2,4.74,1.1,8,99,17,33.0,synthetic_mining_v1__glencore_sa_mining
102256,49,F,Divorced,1,0,Secondary,6.0,42.9,32.9,148.2,72.2,Never,Occasionally,3,313.6,6.37,9.8,11,92,27,0.0,synthetic_mining_v1__glencore_sa_mining
102257,35,M,Married,2,2,Secondary,4.3,31.2,29.4,172.1,87.1,Daily,Occasionally,5,230.76,6.07,41.6,5,193,30,14.0,synthetic_mining_v1__glencore_sa_mining
102258,31,M,Single,0,0,Primary,9.3,34.2,32.7,166.1,90.2,Former,Regularly,4,211.51,6.18,6.2,3,57,16,4.0,synthetic_mining_v1__glencore_sa_mining
102259,39,M,Single,2,2,Secondary,6.9,18.7,31.5,173.7,95.1,Never,Never,1,221.02,6.61,15.2,11,175,13,5.0,synthetic_mining_v1__glencore_sa_mining
102260,36,F,Married,3,0,Secondary,7.7,9.3,28.8,157.7,71.6,Daily,Never,3,123.31,5.71,8.3,4,62,22,4.0,synthetic_mining_v1__glencore_sa_mining
102261,29,M,Single,0,0,Tertiary,1.1,30.0,33.4,173.6,100.7,Occasional,Never,1,186.56,5.58,11.7,8,57,25,0.0,synthetic_mining_v1__glencore_sa_mining
102262,24,F,Single,0,0,Secondary,3.3,10.5,29.0,157.8,72.1,Occasional,Occasionally,0,243.71,7.84,40.9,4,142,21,0.0,synthetic_mining_v1__glencore_sa_mining
102263,30,M,Single,4,2,Secondary,12.5,3.1,32.6,148.7,72.0,Former,Never,4,234.45,6.32,4.5,7,164,21,0.0,synthetic_mining_v1__glencore_sa_mining
102264,51,M,Married,1,0,Primary,0.2,13.0,33.8,168.2,95.6,Daily,Regularly,2,222.73,6.48,23.7,6,109,25,27.0,synthetic_mining_v1__glencore_sa_mining
102265,56,M,Married,2,2,Secondary,1.8,7.9,25.2,171.2,73.9,Never,Occasionally,3,123.75,6.05,18.4,11,114,24,3.0,synthetic_mining_v1__glencore_sa_mining
102266,44,M,Single,0,0,Secondary,4.8,4.9,32.8,180.9,107.5,Daily,Regularly,1,217.63,6.85,13.3,7,31,20,0.0,synthetic_mining_v1__glencore_sa_mining
102267,49,M,Married,1,0,Secondary,2.7,4.2,29.3,186.5,101.8,Never,Never,0,294.84,6.83,7.3,11,57,17,0.0,synthetic_mining_v1__glencore_sa_mining
102268,33,F,Married,3,0,Diploma,9.5,4.5,24.1,160.2,61.9,Never,Regularly,0,261.03,5.84,2.2,8,54,21,4.0,synthetic_mining_v1__glencore_sa_mining
102269,37,M,Married,3,1,Primary,8.2,5.6,32.9,171.0,96.3,Never,Never,3,181.71,7.38,14.4,4,113,20,3.0,synthetic_mining_v1__glencore_sa_mining
102270,41,M,Married,1,1,Tertiary,14.0,1.4,31.9,155.0,76.6,Daily,Never,3,222.73,7.3,13.7,10,204,18,7.0,synthetic_mining_v1__glencore_sa_mining
102271,28,F,Married,0,0,Diploma,11.7,34.2,26.2,171.6,77.0,Daily,Occasionally,5,220.42,6.8,8.4,8,228,22,2.0,synthetic_mining_v1__glencore_sa_mining
102272,29,M,Single,4,2,Tertiary,2.0,11.7,28.1,170.0,81.1,Former,Never,3,279.15,7.81,8.2,13,72,15,5.0,synthetic_mining_v1__glencore_sa_mining
102273,39,F,Married,1,1,Secondary,5.8,8.9,21.9,160.4,56.3,Never,Occasionally,4,228.62,8.01,13.0,10,38,21,0.0,synthetic_mining_v1__glencore_sa_mining
102274,35,M,Married,1,1,Diploma,10.7,8.1,31.6,166.6,87.8,Never,Never,2,249.1,6.89,13.1,6,75,15,0.0,synthetic_mining_v1__glencore_sa_mining
102275,28,M,Married,1,1,Secondary,6.1,14.5,29.8,167.1,83.1,Former,Occasionally,3,246.72,5.89,17.7,9,89,16,3.0,synthetic_mining_v1__glencore_sa_mining
102276,41,M,Single,2,0,Secondary,10.0,4.4,26.8,163.1,71.3,Never,Occasionally,2,200.52,4.8,28.9,3,164,32,5.0,synthetic_mining_v1__glencore_sa_mining
102277,36,M,Single,1,1,Primary,3.3,2.4,27.2,163.9,73.1,Occasional,Never,3,294.93,7.15,16.6,5,321,27,3.0,synthetic_mining_v1__glencore_sa_mining
102278,47,M,Married,3,1,Secondary,5.7,16.4,22.6,179.3,72.7,Daily,Regularly,4,258.83,6.24,13.0,5,74,26,4.0,synthetic_mining_v1__glencore_sa_mining
102279,38,F,Married,2,0,Secondary,13.6,29.0,26.7,165.3,72.9,Former,Occasionally,2,253.11,8.47,16.9,13,29,13,2.0,synthetic_mining_v1__glencore_sa_mining
102280,35,M,Single,1,1,Secondary,4.7,15.2,26.9,168.2,76.2,Former,Regularly,3,178.1,7.01,31.7,9,117,18,2.0,synthetic_mining_v1__glencore_sa_mining
102281,39,F,Married,2,1,Secondary,9.5,9.2,27.2,165.5,74.5,Occasional,Never,0,322.93,7.32,20.2,11,64,24,24.0,synthetic_mining_v1__glencore_sa_mining
102282,36,M,Married,2,0,Secondary,3.4,20.4,36.2,170.8,105.7,Daily,Never,1,263.13,4.13,19.9,3,202,28,120.0,synthetic_mining_v1__glencore_sa_mining
102283,32,M,Married,1,1,Primary,30.0,20.0,29.2,172.5,86.8,Occasional,Regularly,3,200.57,6.37,14.8,6,196,22,0.0,synthetic_mining_v1__glencore_sa_mining
102284,34,M,Married,2,2,Primary,2.9,18.0,22.7,170.5,66.1,Former,Occasionally,1,184.08,6.67,13.4,8,47,19,1.0,synthetic_mining_v1__glencore_sa_mining
102285,45,M,Single,2,2,Secondary,5.4,13.7,30.2,156.2,73.6,Never,Heavy,0,249.86,5.39,20.5,11,73,33,0.0,synthetic_mining_v1__glencore_sa_mining
102286,44,M,Married,1,1,Secondary,5.0,22.7,24.5,171.9,72.4,Never,Occasionally,1,207.0,6.47,9.1,8,100,28,2.0,synthetic_mining_v1__glencore_sa_mining
102287,50,M,Married,1,1,Secondary,4.3,8.9,27.5,172.2,81.4,Daily,Regularly,0,240.31,8.46,8.7,6,135,26,0.0,synthetic_mining_v1__glencore_sa_mining
102288,23,M,Married,1,1,Primary,5.4,0.9,20.9,163.2,55.5,Never,Regularly,2,189.7,5.55,2.6,8,211,24,1.0,synthetic_mining_v1__glencore_sa_mining
102289,34,M,Single,2,2,Secondary,12.5,10.5,32.5,174.1,98.6,Daily,Occasionally,0,246.68,8.0,4.7,10,240,18,0.0,synthetic_mining_v1__glencore_sa_mining
102290,34,M,Married,2,0,Secondary,16.6,14.8,25.3,173.8,76.3,Daily,Regularly,1,148.68,7.57,66.5,7,6,22,16.0,synthetic_mining_v1__glencore_sa_mining
102291,40,F,Married,2,0,Primary,3.5,7.0,19.7,160.5,50.7,Former,Heavy,2,192.88,4.4,12.2,7,84,26,9.0,synthetic_mining_v1__glencore_sa_mining
102292,34,M,Married,2,0,Primary,7.7,17.3,31.6,163.8,84.7,Daily,Occasionally,3,268.55,7.49,16.5,4,49,19,9.0,synthetic_mining_v1__glencore_sa_mining
102293,33,F,Married,1,0,Diploma,1.8,3.1,35.8,167.0,99.8,Never,Occasionally,2,194.42,7.75,15.6,15,43,21,5.0,synthetic_mining_v1__glencore_sa_mining
102294,45,M,Married,3,0,Primary,7.9,12.7,16.0,162.5,42.2,Never,Heavy,3,196.31,8.12,8.6,7,41,18,1.0,synthetic_mining_v1__glencore_sa_mining
102295,40,M,Married,2,1,Diploma,8.6,21.7,26.5,165.0,72.1,Daily,Never,1,275.24,6.42,17.0,7,52,18,47.0,synthetic_mining_v1__glencore_sa_mining
102296,28,M,Divorced,1,0,Secondary,0.6,35.6,27.8,167.9,78.5,Former,Occasionally,5,232.41,7.53,6.1,11,143,13,0.0,synthetic_mining_v1__glencore_sa_mining
102297,50,M,Widowed,1,1,Secondary,8.2,21.3,29.1,180.5,94.7,Never,Occasionally,2,266.21,6.17,5.0,9,85,29,6.0,synthetic_mining_v1__glencore_sa_mining
102298,47,M,Single,0,0,Diploma,5.7,15.9,24.3,169.3,69.6,Never,Regularly,2,208.98,6.9,6.6,12,186,27,5.0,synthetic_mining_v1__glencore_sa_mining
102299,33,M,Divorced,3,2,Tertiary,10.5,20.6,27.4,176.6,85.5,Occasional,Occasionally,3,227.27,6.02,12.7,5,97,30,6.0,synthetic_mining_v1__glencore_sa_mining
102300,45,M,Divorced,4,2,Primary,7.2,9.9,27.4,164.5,74.3,Never,Occasionally,4,247.21,5.05,35.2,10,75,22,7.0,synthetic_mining_v1__glencore_sa_mining
102301,31,F,Widowed,1,0,Primary,4.1,20.6,27.8,152.9,64.9,Never,Never,0,271.55,8.32,62.8,11,138,37,16.0,synthetic_mining_v1__glencore_sa_mining
102302,48,M,Married,3,2,Primary,8.8,15.0,27.8,179.5,89.7,Never,Occasionally,2,190.83,6.06,10.8,7,57,27,3.0,synthetic_mining_v1__glencore_sa_mining
102303,36,M,Divorced,2,1,Secondary,5.8,15.7,21.2,171.7,62.4,Daily,Regularly,4,173.2,6.25,16.6,9,60,23,3.0,synthetic_mining_v1__glencore_sa_mining
102304,31,M,Widowed,0,0,Secondary,22.5,7.0,32.6,164.7,88.5,Never,Never,1,273.57,6.48,2.9,9,120,15,7.0,synthetic_mining_v1__glencore_sa_mining
102305,35,M,Single,1,0,Secondary,8.3,58.3,22.7,172.6,67.5,Never,Never,2,231.21,6.92,17.8,13,198,25,7.0,synthetic_mining_v1__glencore_sa_mining
102306,31,M,Single,1,1,Secondary,13.7,13.9,23.2,172.5,69.0,Never,Occasionally,3,227.1,6.11,8.8,6,80,24,0.0,synthetic_mining_v1__glencore_sa_mining
102307,40,M,Married,0,0,Diploma,4.2,39.9,29.6,164.1,79.8,Never,Regularly,2,214.91,5.99,10.1,8,209,19,0.0,synthetic_mining_v1__glencore_sa_mining
102308,40,M,Divorced,0,0,Secondary,8.5,4.5,32.3,162.9,85.7,Former,Occasionally,4,260.3,8.04,16.9,4,131,22,4.0,synthetic_mining_v1__glencore_sa_mining
102309,38,M,Married,2,1,Diploma,2.8,8.5,27.2,177.5,85.9,Daily,Heavy,1,248.24,5.54,8.7,4,43,22,10.0,synthetic_mining_v1__glencore_sa_mining
102310,33,M,Married,2,0,Secondary,5.7,8.1,30.4,169.0,86.9,Never,Never,2,166.01,6.58,10.6,9,185,23,2.0,synthetic_mining_v1__glencore_sa_mining
102311,19,M,Divorced,0,0,Secondary,5.7,22.9,29.7,167.6,83.6,Former,Regularly,0,174.03,7.37,29.9,7,214,30,5.0,synthetic_mining_v1__glencore_sa_mining
102312,39,M,Married,2,1,Secondary,5.3,10.1,26.0,167.6,73.0,Daily,Never,3,215.16,5.12,40.2,10,124,37,0.0,synthetic_mining_v1__glencore_sa_mining
102313,21,F,Married,2,2,Diploma,1.7,8.8,33.5,163.9,90.1,Never,Never,3,220.24,4.96,5.4,5,84,10,0.0,synthetic_mining_v1__glencore_sa_mining
102314,40,M,Married,0,0,Secondary,9.8,10.3,22.2,173.8,67.0,Occasional,Occasionally,4,262.85,5.92,18.5,7,43,18,1.0,synthetic_mining_v1__glencore_sa_mining
102315,48,M,Married,2,1,Diploma,11.2,10.6,37.5,157.5,93.0,Daily,Regularly,4,84.28,8.44,6.4,12,95,24,10.0,synthetic_mining_v1__glencore_sa_mining
102316,40,M,Married,3,2,Secondary,17.8,25.6,26.8,174.6,81.8,Former,Never,4,190.75,5.78,47.8,9,117,28,4.0,synthetic_mining_v1__glencore_sa_mining
102317,34,M,Married,0,0,Secondary,3.4,39.5,25.9,162.7,68.6,Never,Occasionally,1,204.87,6.98,9.6,8,72,16,1.0,synthetic_mining_v1__glencore_sa_mining
102318,36,M,Single,1,1,Secondary,7.7,14.7,23.0,170.2,66.5,Former,Never,2,201.32,7.51,60.8,4,193,30,1.0,synthetic_mining_v1__glencore_sa_mining
102319,37,M,Married,1,1,Secondary,8.4,9.5,29.6,163.4,79.0,Former,Never,4,275.38,6.03,8.8,11,117,22,3.0,synthetic_mining_v1__glencore_sa_mining
102320,33,M,Single,2,0,Secondary,3.3,6.9,25.4,155.6,61.5,Occasional,Heavy,2,171.37,7.39,24.6,6,47,27,7.0,synthetic_mining_v1__glencore_sa_mining
102321,33,F,Married,3,1,Secondary,10.8,33.1,19.2,160.7,49.6,Never,Occasionally,3,212.53,6.89,23.0,5,114,14,0.0,synthetic_mining_v1__glencore_sa_mining
102322,30,M,Married,1,1,Diploma,8.5,6.9,28.2,165.9,77.5,Former,Never,5,145.63,7.07,24.6,7,12,12,1.0,synthetic_mining_v1__glencore_sa_mining
102323,49,M,Divorced,1,0,Secondary,18.2,32.3,24.7,166.3,68.2,Never,Regularly,1,320.38,6.41,9.6,7,309,25,17.0,synthetic_mining_v1__glencore_sa_mining
102324,38,M,Married,1,0,Secondary,3.6,7.7,25.2,159.6,64.3,Occasional,Occasionally,1,328.06,7.77,26.7,10,112,25,10.0,synthetic_mining_v1__glencore_sa_mining
102325,47,M,Divorced,1,1,Tertiary,3.9,20.1,26.3,183.3,88.3,Daily,Occasionally,5,243.03,6.36,13.9,8,73,22,6.0,synthetic_mining_v1__glencore_sa_mining
102326,36,M,Married,3,0,Diploma,2.9,10.7,27.4,161.4,71.4,Never,Never,4,186.74,6.72,10.1,7,132,21,2.0,synthetic_mining_v1__glencore_sa_mining
102327,39,F,Divorced,2,1,Secondary,23.9,1.7,28.1,146.8,60.6,Daily,Never,2,165.2,4.61,8.2,7,229,19,5.0,synthetic_mining_v1__glencore_sa_mining
102328,36,M,Divorced,3,3,Primary,8.1,10.7,25.3,172.9,75.6,Daily,Heavy,2,172.5,7.28,6.7,11,77,21,37.0,synthetic_mining_v1__glencore_sa_mining
102329,42,F,Single,3,1,Tertiary,6.6,4.8,34.4,150.6,78.0,Never,Heavy,1,198.35,7.51,21.1,8,146,25,0.0,synthetic_mining_v1__glencore_sa_mining
102330,45,M,Married,1,1,Primary,3.2,19.2,34.0,167.7,95.5,Former,Regularly,2,241.24,6.51,24.0,14,190,33,44.0,synthetic_mining_v1__glencore_sa_mining
102331,40,M,Single,3,0,Tertiary,2.5,23.7,28.4,176.5,88.6,Former,Occasionally,3,191.1,6.97,40.0,9,75,21,4.0,synthetic_mining_v1__glencore_sa_mining
102332,32,F,Married,0,0,Secondary,2.3,17.1,21.1,156.4,51.7,Never,Never,0,182.56,6.18,15.5,5,72,22,2.0,synthetic_mining_v1__glencore_sa_mining
102333,31,M,Married,3,0,Primary,2.7,15.0,22.4,164.6,60.8,Daily,Heavy,1,229.78,5.65,14.0,9,174,31,45.0,synthetic_mining_v1__glencore_sa_mining
102334,53,M,Married,0,0,Diploma,23.6,1.2,34.2,178.3,108.8,Never,Never,3,258.47,6.09,8.6,9,139,23,0.0,synthetic_mining_v1__glencore_sa_mining
102335,35,F,Married,0,0,Primary,8.4,13.1,21.6,170.0,62.6,Never,Occasionally,3,196.6,4.41,7.3,12,105,27,3.0,synthetic_mining_v1__glencore_sa_mining
102336,35,M,Married,2,0,Secondary,10.9,12.3,23.3,166.1,64.2,Former,Never,2,270.01,4.22,15.1,9,61,24,4.0,synthetic_mining_v1__glencore_sa_mining
102337,51,M,Married,4,1,Diploma,11.8,9.4,32.4,168.9,92.5,Never,Never,4,263.79,6.97,18.8,8,108,19,11.0,synthetic_mining_v1__glencore_sa_mining
102338,48,M,Single,2,1,Tertiary,33.2,3.8,32.3,172.1,95.6,Daily,Never,0,164.49,6.77,16.2,6,10,15,3.0,synthetic_mining_v1__glencore_sa_mining
102339,43,F,Married,2,0,Diploma,13.5,25.6,18.5,158.2,46.4,Never,Never,4,270.41,6.81,8.4,3,84,25,1.0,synthetic_mining_v1__glencore_sa_mining
102340,34,M,Married,1,1,Diploma,7.7,7.6,29.7,182.5,98.8,Daily,Never,2,285.5,8.56,7.6,8,139,23,29.0,synthetic_mining_v1__glencore_sa_mining
102341,59,M,Married,0,0,Primary,1.0,52.7,18.7,165.4,51.3,Daily,Occasionally,4,293.32,6.94,74.9,6,142,34,0.0,synthetic_mining_v1__glencore_sa_mining
102342,42,M,Widowed,0,0,Primary,6.3,21.5,29.5,179.8,95.2,Never,Never,3,324.18,4.84,22.9,5,35,19,3.0,synthetic_mining_v1__glencore_sa_mining
102343,43,M,Married,1,0,Diploma,32.3,11.4,31.9,171.2,93.4,Never,Occasionally,2,251.04,5.96,34.2,9,104,28,0.0,synthetic_mining_v1__glencore_sa_mining
102344,36,M,Married,2,2,Tertiary,4.0,19.4,30.4,171.7,89.8,Occasional,Never,2,294.23,7.45,8.5,14,33,28,27.0,synthetic_mining_v1__glencore_sa_mining
102345,25,F,Married,0,0,Diploma,14.6,13.0,20.6,155.6,49.8,Never,Occasionally,2,127.69,7.78,4.7,9,247,17,0.0,synthetic_mining_v1__glencore_sa_mining
102346,26,F,Married,4,3,Diploma,7.4,21.1,29.9,161.8,78.2,Daily,Regularly,1,132.16,5.77,24.3,8,75,25,28.0,synthetic_mining_v1__glencore_sa_mining
102347,42,M,Married,0,0,Secondary,4.4,21.7,29.4,168.1,83.0,Daily,Occasionally,1,132.64,7.32,10.7,8,81,17,3.0,synthetic_mining_v1__glencore_sa_mining
102348,42,M,Single,1,1,Secondary,12.1,5.1,31.2,165.2,85.0,Former,Occasionally,4,214.05,7.06,6.5,3,207,12,3.0,synthetic_mining_v1__glencore_sa_mining
102349,36,F,Married,0,0,Secondary,3.5,33.9,23.8,170.7,69.3,Former,Never,2,171.87,5.32,18.5,4,179,18,0.0,synthetic_mining_v1__glencore_sa_mining
102350,27,M,Married,0,0,Primary,3.5,6.9,30.3,165.1,82.7,Never,Occasionally,2,261.99,6.64,3.1,7,128,23,2.0,synthetic_mining_v1__glencore_sa_mining
102351,25,M,Married,3,1,Secondary,7.9,23.9,17.2,172.1,50.9,Never,Occasionally,3,215.93,5.5,23.9,10,128,28,2.0,synthetic_mining_v1__glencore_sa_mining
102352,35,M,Married,1,1,Secondary,5.4,18.5,25.8,166.7,71.7,Never,Occasionally,1,221.1,5.22,14.8,12,102,22,1.0,synthetic_mining_v1__glencore_sa_mining
102353,25,F,Widowed,0,0,Tertiary,3.2,24.8,28.4,156.4,69.5,Former,Regularly,4,257.08,6.59,7.3,7,48,24,6.0,synthetic_mining_v1__glencore_sa_mining
102354,46,M,Married,3,2,Tertiary,3.7,20.7,26.8,170.0,77.4,Former,Never,3,225.78,4.47,7.1,7,48,21,4.0,synthetic_mining_v1__glencore_sa_mining
102355,48,F,Single,0,0,Secondary,2.1,35.5,23.7,157.4,58.9,Former,Never,3,157.37,8.66,17.2,9,141,18,1.0,synthetic_mining_v1__glencore_sa_mining
102356,62,M,Single,0,0,Tertiary,14.2,14.0,34.8,170.8,101.5,Former,Regularly,2,298.07,7.75,19.9,6,48,23,36.0,synthetic_mining_v1__glencore_sa_mining
102357,46,M,Married,2,0,Tertiary,12.1,10.7,26.2,162.8,69.4,Never,Occasionally,6,171.89,5.49,12.3,9,56,26,0.0,synthetic_mining_v1__glencore_sa_mining
102358,33,M,Married,1,1,Diploma,5.0,8.7,24.6,187.0,86.0,Never,Never,2,233.11,6.68,15.1,5,365,22,1.0,synthetic_mining_v1__glencore_sa_mining
102359,30,M,Married,0,0,Secondary,27.4,6.4,22.6,171.4,66.4,Never,Never,1,292.13,7.16,14.3,10,71,18,1.0,synthetic_mining_v1__glencore_sa_mining
102360,19,M,Married,0,0,Secondary,4.4,3.1,29.6,173.6,89.3,Daily,Heavy,0,209.32,7.68,9.3,10,155,21,11.0,synthetic_mining_v1__glencore_sa_mining
102361,33,M,Divorced,1,1,Secondary,0.6,2.9,28.8,164.1,77.6,Former,Never,1,195.88,7.1,2.8,6,68,17,0.0,synthetic_mining_v1__glencore_sa_mining
102362,36,M,Single,4,1,Primary,13.3,15.4,30.6,161.9,80.3,Former,Regularly,3,258.12,5.69,18.5,6,88,20,5.0,synthetic_mining_v1__glencore_sa_mining
102363,47,M,Married,2,2,Secondary,3.7,33.6,21.9,183.0,73.3,Never,Never,0,227.49,6.48,17.4,4,83,14,3.0,synthetic_mining_v1__glencore_sa_mining
102364,44,M,Single,4,0,Secondary,2.5,14.2,34.9,175.4,107.6,Former,Occasionally,1,193.91,7.65,43.0,2,179,32,14.0,synthetic_mining_v1__glencore_sa_mining
102365,43,M,Married,1,0,Secondary,3.8,22.1,28.4,165.4,77.6,Former,Occasionally,1,290.84,6.68,3.6,8,259,23,17.0,synthetic_mining_v1__glencore_sa_mining
102366,40,M,Divorced,2,2,Diploma,6.3,24.6,25.5,171.8,75.2,Daily,Occasionally,0,213.12,5.95,11.6,4,32,15,5.0,synthetic_mining_v1__glencore_sa_mining
102367,44,F,Single,1,0,Diploma,8.5,4.3,25.7,162.2,67.6,Never,Never,1,244.95,7.02,0.1,7,280,18,2.0,synthetic_mining_v1__glencore_sa_mining
102368,51,F,Single,4,2,Secondary,3.6,40.8,23.8,153.5,56.1,Former,Never,0,166.6,6.72,4.0,5,213,16,10.0,synthetic_mining_v1__glencore_sa_mining
102369,28,M,Married,2,1,Secondary,16.0,5.7,23.9,173.8,72.2,Former,Never,4,221.04,6.24,1.2,8,182,23,1.0,synthetic_mining_v1__glencore_sa_mining
102370,34,M,Married,0,0,Secondary,2.7,7.5,32.0,160.5,82.4,Occasional,Occasionally,5,215.07,6.86,11.9,5,115,14,2.0,synthetic_mining_v1__glencore_sa_mining
102371,26,M,Divorced,4,0,Secondary,1.7,3.8,30.7,161.2,79.7,Former,Never,4,219.96,9.63,11.5,10,365,19,4.0,synthetic_mining_v1__glencore_sa_mining
102372,53,M,Widowed,3,3,Secondary,10.0,16.7,17.3,154.9,41.4,Never,Occasionally,0,167.3,6.35,19.4,4,72,23,1.0,synthetic_mining_v1__glencore_sa_mining
102373,50,M,Divorced,4,2,Tertiary,3.7,4.5,27.9,162.7,74.0,Never,Regularly,4,260.88,4.94,14.5,4,25,11,5.0,synthetic_mining_v1__glencore_sa_mining
102374,45,F,Married,0,0,Secondary,4.6,14.7,32.8,155.5,79.2,Daily,Regularly,4,241.55,6.74,15.8,6,157,18,6.0,synthetic_mining_v1__glencore_sa_mining
102375,27,M,Married,1,1,Diploma,5.3,21.5,19.4,171.9,57.4,Never,Never,2,140.21,7.68,20.1,6,21,14,0.0,synthetic_mining_v1__glencore_sa_mining
102376,40,M,Single,0,0,Secondary,4.4,20.5,30.8,166.3,85.2,Former,Never,3,267.27,6.42,37.3,7,51,28,14.0,synthetic_mining_v1__glencore_sa_mining
102377,36,M,Divorced,2,0,Primary,20.9,21.9,28.0,157.5,69.5,Never,Never,2,227.6,3.73,35.0,10,111,28,4.0,synthetic_mining_v1__glencore_sa_mining
102378,39,F,Married,1,1,Primary,9.5,47.2,32.7,150.2,73.7,Never,Occasionally,3,154.42,6.63,18.8,6,24,15,2.0,synthetic_mining_v1__glencore_sa_mining
102379,36,M,Married,2,1,Secondary,11.3,22.2,21.8,176.4,67.7,Daily,Regularly,1,158.96,6.17,12.7,7,82,14,4.0,synthetic_mining_v1__glencore_sa_mining
102380,43,M,Married,2,2,Primary,3.1,21.3,31.8,162.0,83.4,Never,Regularly,3,308.28,4.25,6.2,5,68,33,21.0,synthetic_mining_v1__glencore_sa_mining
102381,34,F,Divorced,3,1,Secondary,1.2,5.6,37.2,157.2,91.8,Never,Never,4,223.33,7.24,20.2,12,145,13,1.0,synthetic_mining_v1__glencore_sa_mining
102382,46,M,Married,1,1,Diploma,3.3,35.8,27.7,175.2,85.1,Occasional,Occasionally,1,172.55,7.22,10.3,8,170,20,0.0,synthetic_mining_v1__glencore_sa_mining
102383,40,M,Single,1,1,Secondary,5.4,13.7,30.3,164.5,82.1,Never,Occasionally,1,192.7,5.16,55.9,4,34,26,0.0,synthetic_mining_v1__glencore_sa_mining
102384,35,M,Single,1,0,Diploma,5.1,10.4,31.0,169.9,89.5,Daily,Regularly,4,202.33,6.55,6.3,15,146,19,19.0,synthetic_mining_v1__glencore_sa_mining
102385,37,M,Single,1,1,Diploma,11.8,15.5,29.1,158.5,73.1,Daily,Regularly,4,233.91,6.31,35.9,9,39,19,13.0,synthetic_mining_v1__glencore_sa_mining
102386,34,M,Married,2,1,Secondary,15.0,9.3,22.7,165.1,61.8,Occasional,Regularly,4,255.36,6.0,17.8,8,150,18,9.0,synthetic_mining_v1__glencore_sa_mining
102387,45,F,Married,0,0,Secondary,4.3,1.8,26.5,156.4,64.8,Daily,Regularly,0,245.56,6.85,32.3,11,100,27,49.0,synthetic_mining_v1__glencore_sa_mining
102388,36,M,Single,2,0,Secondary,9.8,5.5,31.0,176.1,95.9,Former,Occasionally,0,159.18,4.86,18.8,6,52,24,8.0,synthetic_mining_v1__glencore_sa_mining
102389,41,F,Single,1,0,Secondary,6.5,5.0,26.1,154.4,62.2,Daily,Never,0,260.94,6.82,4.3,7,82,26,7.0,synthetic_mining_v1__glencore_sa_mining
102390,34,F,Single,1,0,Diploma,3.0,12.6,31.7,161.9,83.2,Occasional,Never,4,227.54,5.8,22.7,3,152,22,7.0,synthetic_mining_v1__glencore_sa_mining
102391,25,F,Married,1,1,Secondary,10.7,10.8,30.4,171.5,89.5,Never,Occasionally,2,242.93,7.86,24.4,4,97,17,3.0,synthetic_mining_v1__glencore_sa_mining
102392,46,M,Married,0,0,Secondary,8.5,14.5,25.4,168.6,72.3,Former,Regularly,6,278.9,5.37,15.6,5,176,16,3.0,synthetic_mining_v1__glencore_sa_mining
102393,28,M,Divorced,0,0,Diploma,6.2,15.5,26.2,164.7,71.1,Never,Never,2,204.49,7.42,1.4,4,178,21,1.0,synthetic_mining_v1__glencore_sa_mining
102394,44,M,Married,3,3,Secondary,3.8,8.9,26.9,161.3,70.0,Former,Never,3,224.6,6.26,4.4,6,168,17,2.0,synthetic_mining_v1__glencore_sa_mining
102395,42,M,Single,3,1,Primary,12.0,32.6,32.3,162.2,85.1,Occasional,Occasionally,3,224.94,6.79,9.2,8,280,25,15.0,synthetic_mining_v1__glencore_sa_mining
102396,23,F,Single,1,0,Diploma,11.2,5.1,26.0,165.3,71.1,Daily,Occasionally,5,170.22,8.5,31.5,7,244,31,2.0,synthetic_mining_v1__glencore_sa_mining
102397,29,M,Divorced,4,0,Diploma,2.6,5.9,30.7,176.5,95.6,Former,Occasionally,1,262.0,5.8,23.6,7,108,22,4.0,synthetic_mining_v1__glencore_sa_mining
102398,33,M,Single,1,1,Diploma,4.7,5.0,23.2,161.4,60.6,Occasional,Occasionally,2,259.56,6.11,7.0,6,103,16,3.0,synthetic_mining_v1__glencore_sa_mining
102399,31,M,Married,0,0,Secondary,15.3,24.9,26.8,180.4,87.3,Former,Never,1,238.17,7.54,19.0,4,42,25,0.0,synthetic_mining_v1__glencore_sa_mining
102400,27,M,Married,0,0,Secondary,17.8,3.9,35.0,164.7,95.1,Daily,Regularly,1,191.78,5.55,90.0,2,45,21,0.0,synthetic_mining_v1__glencore_sa_mining
102401,45,M,Married,2,2,Secondary,6.9,13.1,26.5,178.2,84.0,Never,Occasionally,2,276.42,6.4,23.2,12,109,27,8.0,synthetic_mining_v1__glencore_sa_mining
102402,36,M,Single,2,2,Secondary,14.3,8.9,29.2,187.4,102.6,Occasional,Regularly,2,227.72,4.85,24.2,8,97,26,10.0,synthetic_mining_v1__glencore_sa_mining
102403,41,F,Married,2,1,Primary,4.3,7.1,25.1,161.4,65.3,Never,Occasionally,5,253.53,7.09,83.9,8,84,23,3.0,synthetic_mining_v1__glencore_sa_mining
102404,34,M,Married,1,1,Primary,4.1,10.9,24.5,157.7,60.9,Never,Occasionally,3,209.32,5.96,1.1,7,308,17,1.0,synthetic_mining_v1__glencore_sa_mining
102405,41,M,Married,1,1,Tertiary,10.2,13.1,27.0,164.5,73.0,Never,Occasionally,4,256.65,6.1,18.1,3,216,22,9.0,synthetic_mining_v1__glencore_sa_mining
102406,31,M,Single,1,1,Diploma,12.3,7.8,32.2,160.2,82.8,Never,Occasionally,2,251.2,5.66,19.9,11,137,26,5.0,synthetic_mining_v1__glencore_sa_mining
102407,38,M,Divorced,3,1,Secondary,4.6,8.5,28.7,175.6,88.5,Former,Never,2,242.11,5.97,20.1,11,58,22,2.0,synthetic_mining_v1__glencore_sa_mining
102408,43,M,Married,1,0,Primary,4.2,44.8,25.1,168.6,71.3,Former,Occasionally,1,232.99,5.21,26.7,6,89,24,12.0,synthetic_mining_v1__glencore_sa_mining
102409,38,F,Married,1,1,Primary,18.1,3.5,21.2,163.1,56.3,Daily,Regularly,1,193.54,8.09,61.8,7,76,29,13.0,synthetic_mining_v1__glencore_sa_mining
102410,34,F,Married,2,1,Secondary,1.1,26.0,31.1,152.8,72.6,Former,Regularly,5,178.3,6.72,3.3,8,136,22,6.0,synthetic_mining_v1__glencore_sa_mining
102411,28,M,Single,6,0,Secondary,14.6,3.8,17.2,173.0,51.4,Former,Occasionally,3,248.57,5.34,17.3,10,122,24,2.0,synthetic_mining_v1__glencore_sa_mining
102412,40,M,Single,4,1,Tertiary,6.6,16.3,22.8,180.5,74.3,Never,Occasionally,3,199.59,5.76,16.6,11,84,25,1.0,synthetic_mining_v1__glencore_sa_mining
102413,41,F,Married,1,1,Secondary,8.8,12.2,24.4,158.6,61.5,Daily,Regularly,1,232.86,7.15,1.7,9,75,18,8.0,synthetic_mining_v1__glencore_sa_mining
102414,36,F,Divorced,2,1,Diploma,5.3,14.2,20.4,157.3,50.6,Occasional,Occasionally,2,222.17,6.3,43.4,4,32,22,2.0,synthetic_mining_v1__glencore_sa_mining
102415,31,M,Divorced,0,0,Secondary,14.7,23.0,26.2,165.2,71.6,Former,Regularly,4,239.78,7.5,32.7,10,130,29,3.0,synthetic_mining_v1__glencore_sa_mining
102416,43,M,Divorced,5,1,Primary,8.1,6.0,25.2,156.2,61.6,Never,Heavy,2,200.59,7.84,32.8,9,111,30,8.0,synthetic_mining_v1__glencore_sa_mining
102417,60,M,Single,0,0,Secondary,7.8,20.4,25.7,171.9,75.9,Former,Heavy,2,221.14,7.43,28.4,8,365,25,53.0,synthetic_mining_v1__glencore_sa_mining
102418,35,M,Divorced,3,1,Secondary,12.6,2.0,17.3,184.9,59.1,Never,Never,1,224.49,6.83,5.7,8,105,19,0.0,synthetic_mining_v1__glencore_sa_mining
102419,41,M,Single,2,1,Secondary,8.8,16.3,35.5,180.3,115.4,Daily,Regularly,4,173.36,5.53,2.3,9,99,19,11.0,synthetic_mining_v1__glencore_sa_mining
102420,41,M,Single,2,2,Primary,11.1,27.5,32.9,185.5,113.1,Former,Regularly,2,233.4,7.34,0.7,8,34,12,8.0,synthetic_mining_v1__glencore_sa_mining
102421,19,M,Married,1,0,Secondary,6.6,5.9,29.3,163.3,78.2,Daily,Occasionally,0,176.57,4.33,4.3,3,99,27,2.0,synthetic_mining_v1__glencore_sa_mining
102422,39,M,Single,1,1,Secondary,12.7,29.9,35.2,175.7,108.8,Never,Never,3,250.32,7.59,6.1,4,170,21,4.0,synthetic_mining_v1__glencore_sa_mining
102423,32,M,Married,2,1,Diploma,7.5,7.7,31.1,179.5,100.1,Former,Occasionally,3,255.55,7.46,21.8,9,329,21,0.0,synthetic_mining_v1__glencore_sa_mining
102424,50,M,Married,1,1,Secondary,17.5,12.7,33.2,169.0,94.8,Occasional,Regularly,2,140.28,5.6,5.0,7,86,23,0.0,synthetic_mining_v1__glencore_sa_mining
102425,36,M,Divorced,4,0,Primary,3.4,16.4,26.0,170.2,75.3,Daily,Occasionally,0,274.76,5.17,30.3,8,215,29,87.0,synthetic_mining_v1__glencore_sa_mining
102426,31,M,Divorced,1,0,Secondary,10.0,5.0,24.0,157.0,59.1,Never,Never,2,158.0,6.82,6.4,13,110,23,1.0,synthetic_mining_v1__glencore_sa_mining
102427,36,M,Married,6,0,Secondary,8.7,14.3,25.3,171.1,74.0,Never,Never,3,182.28,7.13,34.2,7,82,17,0.0,synthetic_mining_v1__glencore_sa_mining
102428,39,M,Single,2,1,Secondary,5.7,48.1,29.8,187.8,105.2,Never,Occasionally,4,189.17,7.32,26.7,5,22,23,2.0,synthetic_mining_v1__glencore_sa_mining
102429,33,M,Single,1,1,Secondary,14.8,10.5,27.3,174.6,83.1,Former,Occasionally,4,240.92,5.53,24.5,8,200,24,0.0,synthetic_mining_v1__glencore_sa_mining
102430,38,M,Single,2,2,Secondary,5.0,4.2,21.9,180.1,70.9,Daily,Regularly,2,225.45,5.74,31.1,2,50,17,0.0,synthetic_mining_v1__glencore_sa_mining
102431,26,M,Married,1,1,Secondary,22.1,8.7,31.6,162.8,83.6,Never,Never,2,248.02,8.34,2.0,8,70,21,1.0,synthetic_mining_v1__glencore_sa_mining
102432,36,M,Married,3,0,Secondary,4.3,3.8,24.7,173.2,74.1,Former,Never,5,180.85,7.38,12.8,5,130,27,1.0,synthetic_mining_v1__glencore_sa_mining
102433,45,M,Widowed,7,0,Diploma,3.2,48.3,21.8,161.0,56.6,Occasional,Occasionally,3,276.95,6.29,4.0,6,39,25,8.0,synthetic_mining_v1__glencore_sa_mining
102434,56,M,Divorced,0,0,Secondary,8.0,4.1,32.7,173.1,98.0,Daily,Never,0,169.07,5.4,17.2,11,135,31,29.0,synthetic_mining_v1__glencore_sa_mining
102435,44,M,Single,0,0,Tertiary,3.2,23.5,25.4,167.3,71.0,Daily,Occasionally,0,109.41,6.89,23.0,3,48,22,2.0,synthetic_mining_v1__glencore_sa_mining
102436,40,M,Married,4,2,Primary,7.3,2.0,25.5,181.9,84.5,Never,Never,0,223.93,5.1,13.7,10,323,21,14.0,synthetic_mining_v1__glencore_sa_mining
102437,49,M,Married,1,0,Secondary,8.8,19.7,27.4,173.3,82.2,Never,Heavy,4,215.81,9.15,12.5,7,326,26,8.0,synthetic_mining_v1__glencore_sa_mining
102438,47,M,Married,2,2,Primary,16.4,12.0,30.0,178.1,95.1,Never,Occasionally,3,244.7,5.24,6.5,4,61,12,0.0,synthetic_mining_v1__glencore_sa_mining
102439,53,M,Married,1,1,Secondary,12.3,25.3,40.4,159.4,102.8,Daily,Occasionally,1,228.37,6.41,13.2,7,58,25,75.0,synthetic_mining_v1__glencore_sa_mining
102440,48,M,Divorced,2,0,Secondary,9.0,45.8,16.0,167.9,45.1,Daily,Occasionally,1,161.55,6.63,4.9,8,113,13,8.0,synthetic_mining_v1__glencore_sa_mining
102441,37,M,Divorced,1,0,Secondary,9.0,20.3,33.1,169.6,95.3,Never,Occasionally,4,154.92,5.99,11.9,9,26,25,0.0,synthetic_mining_v1__glencore_sa_mining
102442,40,M,Single,2,1,Primary,4.4,26.8,30.5,157.7,75.8,Never,Never,0,223.77,4.65,55.2,10,76,30,8.0,synthetic_mining_v1__glencore_sa_mining
102443,40,M,Married,1,1,Secondary,11.9,11.0,29.7,162.9,78.8,Never,Occasionally,2,195.35,6.79,9.0,5,72,11,3.0,synthetic_mining_v1__glencore_sa_mining
102444,41,M,Married,0,0,Secondary,16.3,29.7,24.4,171.4,71.7,Former,Never,3,255.66,6.97,74.4,8,80,28,8.0,synthetic_mining_v1__glencore_sa_mining
102445,40,F,Single,1,1,Diploma,14.6,5.1,19.7,161.8,51.4,Former,Occasionally,4,238.86,7.39,6.7,6,78,19,1.0,synthetic_mining_v1__glencore_sa_mining
102446,31,M,Married,2,2,Secondary,13.6,31.6,30.6,166.8,85.2,Never,Occasionally,1,157.45,5.63,10.3,10,24,21,1.0,synthetic_mining_v1__glencore_sa_mining
102447,19,M,Divorced,1,0,Secondary,5.8,7.8,29.5,170.9,86.0,Daily,Occasionally,2,243.05,5.43,34.8,5,62,32,12.0,synthetic_mining_v1__glencore_sa_mining
102448,32,M,Single,0,0,Secondary,11.0,35.8,23.3,182.0,77.4,Never,Occasionally,0,181.49,6.67,3.9,8,35,23,1.0,synthetic_mining_v1__glencore_sa_mining
102449,20,M,Single,4,1,Secondary,4.9,9.4,31.2,173.6,94.1,Former,Never,4,261.8,6.58,66.8,7,153,31,10.0,synthetic_mining_v1__glencore_sa_mining
102450,39,F,Divorced,3,1,Secondary,3.0,12.3,30.7,155.4,74.2,Never,Never,3,319.95,5.86,20.3,6,126,29,6.0,synthetic_mining_v1__glencore_sa_mining
102451,38,F,Married,1,1,Secondary,11.6,21.1,22.8,168.2,64.5,Former,Occasionally,4,235.55,5.88,13.6,10,56,24,4.0,synthetic_mining_v1__glencore_sa_mining
102452,23,F,Divorced,3,1,Tertiary,4.5,8.2,25.1,164.1,67.5,Former,Never,1,180.47,5.23,15.1,3,279,18,1.0,synthetic_mining_v1__glencore_sa_mining
102453,44,F,Single,2,2,Secondary,16.3,1.4,33.6,171.0,98.2,Daily,Occasionally,2,255.75,6.54,13.5,3,164,20,0.0,synthetic_mining_v1__glencore_sa_mining
102454,46,M,Single,1,0,Secondary,11.7,41.9,24.6,168.4,69.8,Daily,Heavy,5,296.67,6.0,6.8,12,79,21,66.0,synthetic_mining_v1__glencore_sa_mining
102455,39,M,Divorced,1,1,Secondary,9.5,14.4,31.9,162.1,83.7,Never,Occasionally,3,230.95,5.2,16.2,13,125,22,6.0,synthetic_mining_v1__glencore_sa_mining
102456,53,M,Married,2,0,Primary,11.6,46.4,24.9,169.5,71.5,Former,Never,2,225.64,6.94,35.0,11,37,18,6.0,synthetic_mining_v1__glencore_sa_mining
102457,55,M,Divorced,2,1,Secondary,3.0,10.8,26.0,174.0,78.7,Former,Occasionally,4,313.73,6.74,3.4,4,65,19,4.0,synthetic_mining_v1__glencore_sa_mining
102458,27,M,Married,3,1,Primary,3.0,16.7,18.7,175.3,57.4,Daily,Never,1,271.28,6.07,9.8,9,28,15,6.0,synthetic_mining_v1__glencore_sa_mining
102459,47,M,Married,1,1,Secondary,7.4,11.4,31.1,165.7,85.2,Never,Occasionally,3,160.56,6.83,32.2,3,35,19,0.0,synthetic_mining_v1__glencore_sa_mining
102460,42,M,Married,2,0,Secondary,5.8,21.6,24.0,162.7,63.6,Former,Occasionally,3,164.46,4.94,14.4,1,103,24,1.0,synthetic_mining_v1__glencore_sa_mining
102461,42,M,Married,4,0,Secondary,8.8,7.3,24.4,162.3,64.2,Never,Regularly,5,199.81,6.11,23.2,11,118,23,2.0,synthetic_mining_v1__glencore_sa_mining
102462,46,F,Married,3,3,Primary,4.9,5.0,24.2,163.8,64.8,Daily,Occasionally,0,219.45,5.66,11.1,5,181,27,14.0,synthetic_mining_v1__glencore_sa_mining
102463,32,M,Married,3,0,Secondary,7.2,10.4,23.3,166.8,64.7,Former,Never,5,206.26,4.83,16.5,10,47,14,0.0,synthetic_mining_v1__glencore_sa_mining
102464,33,F,Divorced,1,1,Secondary,3.0,31.9,32.1,158.6,80.8,Daily,Heavy,4,200.83,5.24,43.4,10,88,29,97.0,synthetic_mining_v1__glencore_sa_mining
102465,31,M,Divorced,1,1,Diploma,7.3,25.4,28.6,164.8,77.5,Occasional,Heavy,1,270.55,5.9,13.8,7,127,28,40.0,synthetic_mining_v1__glencore_sa_mining
102466,31,M,Married,1,0,Secondary,5.8,9.5,25.7,157.6,63.9,Never,Regularly,3,189.24,5.34,46.4,7,76,25,0.0,synthetic_mining_v1__glencore_sa_mining
102467,37,M,Divorced,0,0,Secondary,6.9,25.3,23.9,173.4,72.0,Daily,Regularly,0,282.78,6.93,32.7,8,54,21,0.0,synthetic_mining_v1__glencore_sa_mining
102468,25,F,Married,2,1,Secondary,10.5,5.4,33.9,158.8,85.6,Occasional,Occasionally,5,195.28,5.34,5.1,9,104,23,0.0,synthetic_mining_v1__glencore_sa_mining
102469,29,M,Divorced,1,1,Primary,5.6,16.8,25.9,168.7,73.7,Daily,Heavy,1,197.26,5.78,25.6,4,74,23,13.0,synthetic_mining_v1__glencore_sa_mining
102470,43,M,Single,1,0,Secondary,1.5,23.1,32.6,184.1,110.5,Daily,Occasionally,3,260.32,6.12,10.5,5,41,23,19.0,synthetic_mining_v1__glencore_sa_mining
102471,37,M,Single,0,0,Tertiary,5.8,4.2,25.0,172.5,74.4,Former,Occasionally,1,283.16,5.71,29.4,5,54,23,0.0,synthetic_mining_v1__glencore_sa_mining
102472,41,M,Single,3,1,Secondary,0.8,16.1,24.6,176.7,76.9,Former,Occasionally,3,210.32,6.94,7.9,8,315,18,4.0,synthetic_mining_v1__glencore_sa_mining
102473,21,F,Single,0,0,Primary,7.1,12.8,29.6,147.9,64.6,Daily,Occasionally,6,270.37,4.68,13.3,9,95,30,4.0,synthetic_mining_v1__glencore_sa_mining
102474,31,M,Married,3,2,Secondary,1.9,21.7,22.8,175.8,70.4,Occasional,Never,0,227.96,7.34,14.6,9,121,24,2.0,synthetic_mining_v1__glencore_sa_mining
102475,33,F,Widowed,1,1,Diploma,3.3,15.3,32.6,160.1,83.5,Daily,Never,2,151.76,5.83,25.8,4,46,25,0.0,synthetic_mining_v1__glencore_sa_mining
102476,38,F,Married,2,0,Secondary,15.3,11.1,24.4,161.7,63.8,Never,Occasionally,3,271.22,6.69,7.7,6,143,25,4.0,synthetic_mining_v1__glencore_sa_mining
102477,33,M,Widowed,1,0,Primary,2.8,13.8,22.8,169.6,65.7,Never,Regularly,3,183.95,6.3,18.0,6,100,25,2.0,synthetic_mining_v1__glencore_sa_mining
102478,46,F,Married,1,1,Secondary,12.4,5.2,18.9,163.7,50.7,Daily,Regularly,2,239.39,5.46,48.5,5,48,23,4.0,synthetic_mining_v1__glencore_sa_mining
102479,37,M,Married,1,1,Diploma,5.7,10.8,34.0,169.3,97.5,Former,Occasionally,1,336.03,7.31,12.5,9,55,22,14.0,synthetic_mining_v1__glencore_sa_mining
102480,38,M,Married,2,0,Secondary,9.2,17.5,30.1,180.3,97.8,Never,Occasionally,0,260.39,7.11,52.3,10,40,27,6.0,synthetic_mining_v1__glencore_sa_mining
102481,38,M,Single,4,0,Secondary,4.8,11.6,26.1,173.8,78.7,Occasional,Occasionally,0,169.91,7.03,3.8,8,140,16,2.0,synthetic_mining_v1__glencore_sa_mining
102482,44,M,Divorced,4,0,Secondary,5.3,9.0,22.6,167.6,63.5,Never,Occasionally,4,94.74,7.55,3.9,5,218,18,0.0,synthetic_mining_v1__glencore_sa_mining
102483,34,F,Divorced,2,2,Diploma,5.7,6.5,27.6,164.0,74.2,Occasional,Occasionally,5,214.58,6.14,16.6,10,70,21,2.0,synthetic_mining_v1__glencore_sa_mining
102484,48,M,Divorced,0,0,Secondary,5.0,15.0,28.5,176.7,89.0,Occasional,Occasionally,2,180.51,5.32,54.3,11,240,29,0.0,synthetic_mining_v1__glencore_sa_mining
102485,42,M,Married,0,0,Diploma,4.1,13.1,33.0,159.6,84.1,Occasional,Occasionally,1,244.62,8.39,4.9,5,138,21,20.0,synthetic_mining_v1__glencore_sa_mining
102486,39,M,Married,2,1,Secondary,7.0,18.7,26.6,170.4,77.2,Former,Regularly,2,231.09,6.03,24.0,5,78,18,1.0,synthetic_mining_v1__glencore_sa_mining
102487,38,M,Married,2,1,Secondary,5.5,8.7,23.6,173.9,71.5,Daily,Never,0,276.52,4.77,7.4,5,100,17,12.0,synthetic_mining_v1__glencore_sa_mining
102488,43,M,Married,1,0,Secondary,3.9,12.8,31.8,162.5,83.9,Occasional,Regularly,3,179.84,4.93,9.6,6,182,22,16.0,synthetic_mining_v1__glencore_sa_mining
102489,47,M,Married,2,0,Secondary,7.0,46.4,32.1,157.9,80.0,Former,Occasionally,4,291.18,5.49,17.0,8,57,26,0.0,synthetic_mining_v1__glencore_sa_mining
102490,47,M,Single,2,1,Secondary,8.9,6.6,22.9,164.4,61.9,Former,Heavy,2,247.26,5.82,1.2,7,365,19,11.0,synthetic_mining_v1__glencore_sa_mining
102491,41,M,Single,0,0,Primary,9.4,16.1,26.4,180.5,86.0,Never,Occasionally,3,199.17,6.41,9.7,3,278,17,0.0,synthetic_mining_v1__glencore_sa_mining
102492,46,M,Single,1,1,Secondary,9.5,21.5,28.1,172.4,83.4,Daily,Occasionally,2,237.04,5.92,0.3,3,48,15,3.0,synthetic_mining_v1__glencore_sa_mining
102493,39,M,Married,3,0,Secondary,2.1,16.2,22.9,157.2,56.6,Never,Occasionally,4,185.18,4.44,4.5,12,144,31,1.0,synthetic_mining_v1__glencore_sa_mining
102494,49,F,Married,2,0,Secondary,2.4,4.8,35.8,156.1,87.2,Never,Never,4,112.28,7.09,9.8,6,20,21,2.0,synthetic_mining_v1__glencore_sa_mining
102495,38,F,Single,2,0,Secondary,5.1,9.8,33.4,155.5,80.8,Never,Regularly,2,216.18,5.78,20.3,9,47,19,15.0,synthetic_mining_v1__glencore_sa_mining
102496,19,M,Married,1,0,Secondary,6.8,8.1,23.7,177.3,74.5,Former,Heavy,1,217.19,6.85,12.6,6,48,29,2.0,synthetic_mining_v1__glencore_sa_mining
102497,50,F,Divorced,1,1,Tertiary,6.6,2.3,37.4,163.8,100.5,Daily,Never,0,261.35,5.05,17.8,9,65,22,72.0,synthetic_mining_v1__glencore_sa_mining
102498,39,M,Married,1,1,Diploma,4.4,2.5,32.0,175.3,98.3,Daily,Regularly,4,230.33,7.12,37.3,7,31,23,15.0,synthetic_mining_v1__glencore_sa_mining
102499,27,M,Single,1,0,Primary,7.5,20.5,34.9,172.2,103.4,Never,Regularly,5,265.82,5.46,31.5,4,41,24,7.0,synthetic_mining_v1__glencore_sa_mining
102500,36,M,Widowed,3,1,Diploma,1.8,7.3,34.2,177.9,108.1,Never,Never,5,113.09,6.63,55.9,6,64,25,1.0,synthetic_mining_v1__glencore_sa_mining
102501,30,F,Divorced,2,1,Secondary,6.1,11.6,20.8,152.5,48.4,Never,Occasionally,2,162.32,6.72,10.1,8,107,18,0.0,synthetic_mining_v1__glencore_sa_mining
102502,57,M,Divorced,0,0,Secondary,2.8,9.9,27.1,174.2,82.2,Occasional,Heavy,0,226.54,6.91,41.4,6,61,23,76.0,synthetic_mining_v1__glencore_sa_mining
102503,42,F,Single,6,0,Secondary,6.1,27.8,19.9,161.7,52.1,Former,Never,5,180.4,5.77,18.1,9,155,19,2.0,synthetic_mining_v1__glencore_sa_mining
102504,24,M,Married,2,0,Primary,7.3,6.4,30.9,163.2,82.2,Daily,Occasionally,3,266.7,7.74,17.2,9,126,23,9.0,synthetic_mining_v1__glencore_sa_mining
102505,43,F,Married,3,1,Secondary,15.6,12.9,20.2,160.1,51.7,Daily,Regularly,4,137.72,5.85,8.3,6,231,18,2.0,synthetic_mining_v1__glencore_sa_mining
102506,34,M,Married,3,0,Secondary,5.1,25.2,22.2,167.9,62.7,Daily,Never,5,165.08,6.36,7.3,8,54,22,1.0,synthetic_mining_v1__glencore_sa_mining
102507,55,M,Married,0,0,Secondary,4.8,41.2,25.4,181.7,83.7,Never,Occasionally,2,158.28,7.92,50.6,14,155,27,22.0,synthetic_mining_v1__glencore_sa_mining
102508,29,M,Single,2,2,Primary,1.8,27.9,32.1,176.8,100.4,Daily,Never,2,199.2,4.79,3.5,7,231,23,16.0,synthetic_mining_v1__glencore_sa_mining
102509,19,M,Divorced,5,1,Secondary,11.7,6.2,29.6,182.6,98.6,Daily,Occasionally,2,240.55,7.97,23.5,7,174,23,3.0,synthetic_mining_v1__glencore_sa_mining
102510,39,M,Divorced,2,2,Diploma,1.0,7.3,16.0,167.8,45.1,Daily,Regularly,1,190.06,6.58,41.4,6,213,22,8.0,synthetic_mining_v1__glencore_sa_mining
102511,35,M,Married,2,1,Secondary,13.0,15.9,23.1,176.3,71.7,Former,Occasionally,6,104.43,6.77,16.7,5,28,15,0.0,synthetic_mining_v1__glencore_sa_mining
102512,34,F,Married,2,2,Diploma,16.7,30.9,28.5,162.1,75.0,Daily,Never,2,216.89,6.19,81.4,5,55,20,35.0,synthetic_mining_v1__glencore_sa_mining
102513,19,F,Married,2,1,Secondary,0.8,20.3,31.5,151.5,72.2,Never,Occasionally,0,143.16,6.77,24.4,5,42,26,2.0,synthetic_mining_v1__glencore_sa_mining
102514,42,M,Married,2,2,Secondary,11.5,13.6,25.5,174.1,77.2,Never,Regularly,2,250.92,6.73,17.7,4,216,26,13.0,synthetic_mining_v1__glencore_sa_mining
102515,53,M,Married,0,0,Secondary,5.6,27.8,32.2,173.3,96.6,Never,Regularly,3,92.37,6.76,29.9,4,104,17,0.0,synthetic_mining_v1__glencore_sa_mining
102516,21,M,Married,1,1,Secondary,3.0,5.9,16.0,170.6,46.6,Never,Occasionally,0,202.94,7.89,22.3,6,90,20,0.0,synthetic_mining_v1__glencore_sa_mining
102517,49,F,Single,0,0,Diploma,6.6,6.4,35.4,154.2,84.1,Former,Occasionally,0,241.51,7.52,20.7,1,165,26,9.0,synthetic_mining_v1__glencore_sa_mining
102518,33,M,Married,0,0,Secondary,1.7,5.6,36.6,178.4,116.6,Occasional,Regularly,1,255.33,7.29,6.2,8,51,20,6.0,synthetic_mining_v1__glencore_sa_mining
102519,59,M,Single,1,1,Secondary,12.2,16.6,30.6,163.3,81.6,Daily,Regularly,0,200.22,6.32,16.2,8,70,22,74.0,synthetic_mining_v1__glencore_sa_mining
102520,42,M,Married,0,0,Secondary,15.7,5.5,27.7,164.2,74.7,Never,Never,0,301.86,5.87,19.3,5,99,28,13.0,synthetic_mining_v1__glencore_sa_mining
102521,36,F,Single,0,0,Secondary,6.8,19.3,25.6,162.3,67.4,Never,Regularly,2,281.33,6.29,44.0,5,135,27,16.0,synthetic_mining_v1__glencore_sa_mining
102522,48,M,Divorced,2,0,Primary,5.0,23.2,23.0,167.0,64.1,Former,Occasionally,0,258.57,7.69,15.6,1,35,22,4.0,synthetic_mining_v1__glencore_sa_mining
102523,43,M,Married,2,0,Secondary,21.1,18.9,38.3,166.7,106.6,Never,Regularly,2,153.52,4.98,2.7,3,166,15,4.0,synthetic_mining_v1__glencore_sa_mining
102524,33,F,Single,2,2,Tertiary,1.8,21.5,33.3,145.0,70.0,Never,Regularly,1,162.22,6.76,6.8,6,118,22,5.0,synthetic_mining_v1__glencore_sa_mining
102525,44,M,Single,1,1,Diploma,14.5,18.5,27.7,162.5,73.0,Former,Regularly,0,178.22,6.67,11.5,7,40,29,9.0,synthetic_mining_v1__glencore_sa_mining
102526,33,M,Married,1,1,Secondary,6.6,22.1,25.1,173.9,75.8,Occasional,Occasionally,2,301.51,8.04,10.6,9,180,24,5.0,synthetic_mining_v1__glencore_sa_mining
102527,22,M,Divorced,0,0,Primary,16.2,18.2,16.0,170.1,46.3,Former,Never,2,232.41,7.08,28.1,8,69,25,1.0,synthetic_mining_v1__glencore_sa_mining
102528,56,M,Single,1,0,Secondary,5.2,6.6,28.2,165.0,76.7,Former,Occasionally,3,232.03,8.0,7.2,6,45,13,8.0,synthetic_mining_v1__glencore_sa_mining
102529,35,M,Married,4,0,Secondary,8.8,14.0,20.3,176.4,63.2,Daily,Occasionally,3,137.18,4.61,7.8,4,168,21,8.0,synthetic_mining_v1__glencore_sa_mining
102530,33,F,Married,3,3,Primary,6.2,13.3,33.8,164.5,91.5,Daily,Never,3,195.45,6.51,30.9,5,129,27,19.0,synthetic_mining_v1__glencore_sa_mining
102531,41,M,Married,0,0,Diploma,15.9,20.2,16.1,175.1,49.3,Daily,Never,3,215.24,5.54,14.9,6,25,22,7.0,synthetic_mining_v1__glencore_sa_mining
102532,24,M,Married,0,0,Diploma,4.1,7.0,27.8,174.6,84.7,Never,Never,0,205.56,5.44,4.6,9,115,22,1.0,synthetic_mining_v1__glencore_sa_mining
102533,26,M,Married,4,2,Secondary,7.8,25.4,25.6,174.6,78.1,Former,Never,5,178.5,6.27,25.5,6,156,25,0.0,synthetic_mining_v1__glencore_sa_mining
102534,34,M,Married,1,1,Secondary,11.8,50.0,27.9,171.2,81.7,Daily,Never,1,167.19,5.61,20.4,8,84,28,11.0,synthetic_mining_v1__glencore_sa_mining
102535,33,M,Single,1,1,Secondary,3.5,7.4,30.5,164.3,82.2,Daily,Never,5,186.75,6.3,7.2,10,19,18,0.0,synthetic_mining_v1__glencore_sa_mining
102536,39,M,Married,2,0,Primary,2.1,3.5,26.1,170.0,75.4,Occasional,Heavy,2,317.49,5.26,13.4,12,124,28,59.0,synthetic_mining_v1__glencore_sa_mining
102537,48,M,Single,2,1,Secondary,0.5,32.7,29.9,178.7,95.5,Occasional,Occasionally,1,212.38,7.21,14.2,7,90,28,7.0,synthetic_mining_v1__glencore_sa_mining
102538,34,M,Single,5,1,Secondary,10.4,42.4,32.7,164.4,88.4,Never,Never,4,186.64,8.54,24.1,8,35,21,6.0,synthetic_mining_v1__glencore_sa_mining
102539,42,M,Married,2,0,Secondary,12.3,13.2,33.5,173.9,101.4,Daily,Never,4,182.38,7.57,5.5,12,127,19,0.0,synthetic_mining_v1__glencore_sa_mining
102540,43,M,Married,2,0,Secondary,3.7,13.1,33.6,169.3,96.5,Daily,Never,3,207.07,7.48,14.4,9,34,18,5.0,synthetic_mining_v1__glencore_sa_mining
102541,28,M,Married,2,2,Secondary,2.3,17.9,23.3,164.6,63.1,Never,Never,2,204.92,6.54,13.3,8,13,20,0.0,synthetic_mining_v1__glencore_sa_mining
102542,40,F,Single,3,1,Secondary,7.6,7.7,24.9,156.1,60.8,Occasional,Never,2,231.97,7.59,16.9,4,94,14,0.0,synthetic_mining_v1__glencore_sa_mining
102543,30,M,Married,2,2,Secondary,3.4,3.9,16.0,177.4,50.4,Daily,Occasionally,0,152.16,6.26,7.9,9,75,25,1.0,synthetic_mining_v1__glencore_sa_mining
102544,48,M,Single,0,0,Secondary,1.3,3.3,29.1,152.6,67.9,Former,Regularly,3,188.56,6.54,7.0,4,116,23,9.0,synthetic_mining_v1__glencore_sa_mining
102545,42,M,Single,2,2,Primary,5.1,21.9,22.5,165.6,61.6,Never,Never,5,210.99,6.23,2.5,5,79,16,1.0,synthetic_mining_v1__glencore_sa_mining
102546,38,F,Divorced,1,1,Primary,6.2,8.7,33.8,152.4,78.4,Never,Regularly,6,147.91,6.54,6.0,6,188,18,1.0,synthetic_mining_v1__glencore_sa_mining
102547,26,M,Married,2,2,Secondary,22.7,19.0,21.8,163.4,58.1,Daily,Occasionally,2,295.74,5.22,13.3,3,197,26,0.0,synthetic_mining_v1__glencore_sa_mining
102548,39,F,Single,2,1,Secondary,0.8,14.6,34.3,145.0,72.2,Never,Never,4,162.66,7.92,16.7,8,24,17,1.0,synthetic_mining_v1__glencore_sa_mining
102549,31,M,Married,2,0,Secondary,3.8,5.1,24.3,168.3,68.9,Daily,Occasionally,2,205.89,5.82,11.6,4,100,26,0.0,synthetic_mining_v1__glencore_sa_mining
102550,44,M,Widowed,1,0,Secondary,7.2,20.9,34.3,176.1,106.3,Occasional,Heavy,3,202.88,7.04,6.2,5,156,19,21.0,synthetic_mining_v1__glencore_sa_mining
102551,37,M,Divorced,4,0,Secondary,3.0,26.7,26.7,173.6,80.6,Never,Occasionally,2,185.98,7.26,0.6,10,81,15,0.0,synthetic_mining_v1__glencore_sa_mining
102552,31,M,Single,0,0,Secondary,15.5,6.9,27.7,171.9,82.0,Former,Regularly,3,191.82,6.27,9.3,8,41,17,0.0,synthetic_mining_v1__glencore_sa_mining
102553,46,M,Married,3,1,Secondary,1.7,12.6,28.2,166.2,78.0,Former,Regularly,2,240.35,8.58,40.0,4,112,27,10.0,synthetic_mining_v1__glencore_sa_mining
102554,44,M,Married,2,0,Tertiary,15.0,4.4,19.0,162.7,50.4,Never,Heavy,3,149.59,8.56,16.8,5,44,18,2.0,synthetic_mining_v1__glencore_sa_mining
102555,33,M,Married,1,1,Secondary,0.8,21.6,21.9,172.8,65.5,Occasional,Regularly,2,183.27,6.42,16.9,10,59,15,0.0,synthetic_mining_v1__glencore_sa_mining
102556,48,F,Single,0,0,Secondary,7.6,2.2,33.3,160.2,85.5,Never,Occasionally,3,215.14,6.12,15.8,7,236,19,2.0,synthetic_mining_v1__glencore_sa_mining
102557,35,M,Single,2,2,Secondary,4.3,5.5,28.2,182.5,94.0,Never,Occasionally,5,204.1,6.87,35.6,3,126,27,4.0,synthetic_mining_v1__glencore_sa_mining
102558,35,M,Widowed,2,0,Secondary,4.7,41.9,30.2,160.6,77.7,Former,Occasionally,3,284.12,6.97,54.1,7,104,26,10.0,synthetic_mining_v1__glencore_sa_mining
102559,39,M,Married,1,0,Secondary,5.6,2.4,22.6,190.9,82.5,Never,Occasionally,4,280.29,6.75,12.2,8,129,22,1.0,synthetic_mining_v1__glencore_sa_mining
102560,31,F,Single,2,1,Primary,4.6,22.8,22.8,157.1,56.2,Never,Heavy,3,204.16,6.33,33.1,10,37,21,2.0,synthetic_mining_v1__glencore_sa_mining
102561,34,M,Married,0,0,Secondary,7.4,6.8,29.4,177.9,93.1,Never,Regularly,5,206.04,5.5,63.2,7,133,29,0.0,synthetic_mining_v1__glencore_sa_mining
102562,37,F,Married,1,1,Primary,9.4,23.5,26.0,161.6,68.0,Daily,Never,1,221.52,8.36,1.6,14,31,20,6.0,synthetic_mining_v1__glencore_sa_mining
102563,52,M,Single,2,0,Secondary,4.9,1.0,28.2,171.4,82.7,Daily,Occasionally,3,184.23,4.66,47.9,8,59,27,0.0,synthetic_mining_v1__glencore_sa_mining
102564,51,M,Married,0,0,Secondary,23.0,4.7,32.5,165.2,88.7,Occasional,Regularly,0,157.71,4.63,9.7,8,98,13,16.0,synthetic_mining_v1__glencore_sa_mining
102565,36,M,Married,1,1,Secondary,8.6,9.2,22.5,172.3,66.9,Former,Occasionally,1,299.94,5.6,10.0,4,135,23,5.0,synthetic_mining_v1__glencore_sa_mining
102566,52,M,Married,0,0,Secondary,1.1,15.4,28.6,184.2,97.0,Daily,Occasionally,1,200.15,5.75,57.5,7,51,29,0.0,synthetic_mining_v1__glencore_sa_mining
102567,38,M,Married,2,1,Secondary,10.6,10.2,23.3,168.7,66.3,Former,Occasionally,2,160.61,5.09,25.0,2,133,20,1.0,synthetic_mining_v1__glencore_sa_mining
102568,41,F,Divorced,0,0,Diploma,10.6,18.2,32.6,162.1,85.6,Never,Occasionally,0,173.51,6.34,15.9,9,34,14,0.0,synthetic_mining_v1__glencore_sa_mining
102569,46,F,Widowed,1,1,Secondary,8.9,20.0,26.3,152.4,61.1,Former,Never,3,296.29,6.67,14.7,4,139,25,8.0,synthetic_mining_v1__glencore_sa_mining
102570,41,M,Married,1,1,Tertiary,16.5,9.3,25.3,166.0,69.6,Never,Occasionally,0,181.89,8.08,20.6,3,200,25,5.0,synthetic_mining_v1__glencore_sa_mining
102571,60,M,Widowed,1,1,Secondary,8.7,5.7,32.7,168.3,92.7,Never,Never,2,210.91,4.26,31.3,10,18,33,13.0,synthetic_mining_v1__glencore_sa_mining
102572,40,M,Widowed,2,2,Diploma,12.3,6.1,30.3,163.3,80.8,Daily,Occasionally,2,173.51,7.01,13.1,4,88,19,7.0,synthetic_mining_v1__glencore_sa_mining
102573,27,M,Single,1,1,Secondary,7.8,13.7,21.3,156.7,52.3,Former,Regularly,5,253.49,7.76,18.0,6,99,27,1.0,synthetic_mining_v1__glencore_sa_mining
102574,50,M,Married,0,0,Secondary,7.7,9.0,28.1,166.7,78.0,Never,Never,2,129.46,5.65,13.9,6,75,22,2.0,synthetic_mining_v1__glencore_sa_mining
102575,34,M,Married,1,1,Primary,2.2,18.7,30.9,185.3,106.1,Never,Regularly,3,239.85,5.87,4.9,4,117,17,2.0,synthetic_mining_v1__glencore_sa_mining
102576,35,F,Married,0,0,Diploma,6.0,33.9,29.2,161.0,75.6,Former,Heavy,1,208.35,4.37,83.9,5,66,22,0.0,synthetic_mining_v1__glencore_sa_mining
102577,19,F,Single,1,1,Secondary,6.7,8.0,22.9,166.7,63.5,Former,Occasionally,0,244.59,7.48,16.5,5,122,13,0.0,synthetic_mining_v1__glencore_sa_mining
102578,47,M,Married,0,0,Secondary,9.9,22.9,27.8,168.4,78.8,Never,Regularly,4,158.4,8.35,24.6,6,45,19,0.0,synthetic_mining_v1__glencore_sa_mining
102579,45,M,Married,2,1,Diploma,3.1,6.1,29.2,171.4,85.6,Never,Occasionally,2,310.2,5.57,2.4,5,65,23,4.0,synthetic_mining_v1__glencore_sa_mining
102580,45,M,Married,2,1,Secondary,11.2,20.7,26.2,176.2,81.2,Occasional,Heavy,1,240.98,5.75,22.3,12,80,24,0.0,synthetic_mining_v1__glencore_sa_mining
102581,47,M,Married,0,0,Primary,9.2,9.9,29.1,179.9,94.2,Daily,Occasionally,1,192.38,5.04,17.6,8,260,27,12.0,synthetic_mining_v1__glencore_sa_mining
102582,53,M,Married,1,1,Primary,9.7,18.8,32.1,159.9,82.1,Former,Occasionally,3,231.27,7.82,11.6,5,122,18,3.0,synthetic_mining_v1__glencore_sa_mining
102583,38,M,Married,1,1,Secondary,2.6,34.6,32.0,165.0,87.2,Daily,Occasionally,0,231.3,8.23,30.2,8,46,22,13.0,synthetic_mining_v1__glencore_sa_mining
102584,46,M,Single,1,1,Secondary,3.8,22.3,22.3,172.0,66.1,Former,Occasionally,3,265.55,6.13,41.3,7,74,21,8.0,synthetic_mining_v1__glencore_sa_mining
102585,31,M,Married,0,0,Secondary,6.7,24.3,25.4,157.3,62.9,Daily,Never,2,160.94,5.0,29.1,15,83,25,10.0,synthetic_mining_v1__glencore_sa_mining
102586,35,M,Married,3,1,Secondary,1.2,11.0,27.1,162.8,71.8,Never,Never,3,246.47,5.11,28.9,3,150,20,0.0,synthetic_mining_v1__glencore_sa_mining
102587,48,F,Married,1,1,Secondary,10.1,17.4,27.4,159.7,69.9,Occasional,Regularly,3,251.18,8.67,2.1,5,144,20,0.0,synthetic_mining_v1__glencore_sa_mining
102588,42,M,Divorced,1,1,Secondary,6.5,15.0,20.4,157.4,50.6,Daily,Occasionally,0,239.11,8.96,32.4,3,32,24,6.0,synthetic_mining_v1__glencore_sa_mining
102589,26,M,Divorced,2,0,Diploma,9.3,20.5,30.9,170.8,90.2,Never,Occasionally,1,158.99,6.45,8.1,6,98,15,1.0,synthetic_mining_v1__glencore_sa_mining
102590,41,M,Married,1,1,Secondary,2.8,16.3,24.3,163.7,65.1,Never,Occasionally,2,278.72,6.94,12.7,8,159,30,4.0,synthetic_mining_v1__glencore_sa_mining
102591,36,F,Widowed,2,2,Primary,15.7,13.6,20.8,152.4,48.2,Former,Regularly,0,239.69,6.84,43.2,7,67,29,9.0,synthetic_mining_v1__glencore_sa_mining
102592,31,M,Single,3,2,Primary,19.8,7.6,24.8,163.5,66.3,Daily,Never,4,220.25,7.52,2.8,4,155,20,3.0,synthetic_mining_v1__glencore_sa_mining
102593,42,M,Married,1,1,Secondary,7.5,3.1,28.9,172.4,85.9,Daily,Regularly,1,185.34,5.88,2.0,7,120,23,37.0,synthetic_mining_v1__glencore_sa_mining
102594,34,M,Divorced,2,0,Diploma,14.1,18.2,27.5,169.2,78.6,Occasional,Never,0,220.1,4.84,38.6,6,212,34,13.0,synthetic_mining_v1__glencore_sa_mining
102595,24,M,Single,0,0,Secondary,4.3,26.0,29.0,161.3,75.4,Never,Regularly,2,197.2,7.47,16.4,5,275,33,0.0,synthetic_mining_v1__glencore_sa_mining
102596,28,F,Married,1,1,Primary,2.2,13.7,25.1,152.8,58.5,Former,Occasionally,3,266.4,5.75,20.9,4,113,22,1.0,synthetic_mining_v1__glencore_sa_mining
102597,54,M,Married,2,1,Diploma,0.4,6.0,22.7,162.5,60.0,Former,Occasionally,3,219.54,8.05,16.4,4,48,17,5.0,synthetic_mining_v1__glencore_sa_mining
102598,24,M,Married,1,1,Diploma,6.4,6.3,25.2,182.6,84.2,Daily,Never,0,145.36,8.76,20.1,11,51,24,8.0,synthetic_mining_v1__glencore_sa_mining
102599,40,M,Married,0,0,Secondary,1.8,23.9,26.4,163.7,70.7,Occasional,Regularly,0,125.35,4.96,2.4,7,10,30,7.0,synthetic_mining_v1__glencore_sa_mining
102600,43,M,Married,3,1,Secondary,4.9,6.7,33.7,159.4,85.7,Former,Never,4,194.26,7.11,14.3,3,95,16,5.0,synthetic_mining_v1__glencore_sa_mining
102601,44,M,Divorced,1,1,Secondary,6.3,6.8,30.8,173.4,92.5,Daily,Never,2,164.74,5.87,17.3,12,122,28,7.0,synthetic_mining_v1__glencore_sa_mining
102602,27,M,Single,3,1,Secondary,2.6,9.0,20.5,161.6,53.4,Daily,Heavy,3,173.66,5.77,12.9,5,14,22,2.0,synthetic_mining_v1__glencore_sa_mining
102603,35,M,Single,2,0,Tertiary,10.2,11.8,31.5,184.2,106.9,Former,Regularly,2,248.13,5.72,4.3,4,185,26,3.0,synthetic_mining_v1__glencore_sa_mining
102604,39,F,Married,3,1,Diploma,1.4,15.7,28.0,145.5,59.3,Never,Never,3,174.54,4.96,23.7,11,84,17,2.0,synthetic_mining_v1__glencore_sa_mining
102605,45,F,Married,2,2,Tertiary,7.8,35.7,26.3,155.9,64.0,Occasional,Regularly,4,214.49,7.33,9.5,5,164,15,4.0,synthetic_mining_v1__glencore_sa_mining
102606,32,M,Married,0,0,Tertiary,8.1,13.4,34.7,171.3,101.8,Daily,Regularly,5,176.26,6.65,19.8,8,63,25,4.0,synthetic_mining_v1__glencore_sa_mining
102607,28,M,Married,0,0,Secondary,33.3,27.3,23.8,169.7,68.5,Never,Occasionally,2,146.68,6.47,4.8,8,41,19,0.0,synthetic_mining_v1__glencore_sa_mining
102608,47,F,Married,2,2,Secondary,9.3,11.8,24.6,162.1,64.6,Never,Never,0,208.8,8.45,30.4,7,83,24,1.0,synthetic_mining_v1__glencore_sa_mining
102609,48,F,Married,5,1,Diploma,1.3,10.5,21.9,172.5,65.1,Never,Regularly,2,196.73,5.58,8.8,5,27,18,4.0,synthetic_mining_v1__glencore_sa_mining
102610,41,M,Single,4,0,Primary,3.1,6.9,35.0,167.5,98.1,Daily,Occasionally,2,109.67,6.25,25.0,5,109,26,0.0,synthetic_mining_v1__glencore_sa_mining
102611,33,F,Married,2,0,Primary,9.5,27.8,16.3,160.5,42.0,Never,Occasionally,6,193.03,7.35,44.6,7,28,20,0.0,synthetic_mining_v1__glencore_sa_mining
102612,42,M,Single,2,1,Primary,7.8,14.1,26.2,170.3,76.0,Occasional,Never,1,187.7,6.31,18.7,4,86,23,7.0,synthetic_mining_v1__glencore_sa_mining
102613,39,M,Married,0,0,Secondary,6.4,10.1,24.7,164.6,66.9,Daily,Occasionally,1,243.56,6.58,16.8,3,91,21,5.0,synthetic_mining_v1__glencore_sa_mining
102614,46,M,Married,2,0,Diploma,6.6,30.6,24.3,185.8,83.8,Occasional,Regularly,2,147.63,8.89,9.3,7,184,22,0.0,synthetic_mining_v1__glencore_sa_mining
102615,27,M,Married,3,1,Diploma,2.6,23.5,27.9,170.7,81.4,Never,Regularly,3,233.87,5.08,32.0,2,60,21,0.0,synthetic_mining_v1__glencore_sa_mining
102616,39,F,Divorced,2,2,Secondary,1.4,13.3,25.3,164.3,68.3,Former,Never,0,205.39,6.11,11.3,7,55,14,4.0,synthetic_mining_v1__glencore_sa_mining
102617,37,F,Single,4,2,Secondary,1.9,7.7,27.4,153.9,64.8,Daily,Occasionally,0,203.53,7.82,20.0,6,174,17,4.0,synthetic_mining_v1__glencore_sa_mining
102618,28,M,Single,1,1,Diploma,7.2,15.7,18.8,167.0,52.6,Daily,Never,2,180.64,6.74,31.5,4,138,23,1.0,synthetic_mining_v1__glencore_sa_mining
102619,40,M,Divorced,1,1,Secondary,9.4,4.5,30.9,174.8,94.4,Daily,Occasionally,5,215.58,7.83,29.5,7,261,21,21.0,synthetic_mining_v1__glencore_sa_mining
102620,38,F,Married,0,0,Secondary,10.5,19.1,28.7,160.3,73.9,Daily,Occasionally,4,190.74,6.61,22.2,6,162,22,14.0,synthetic_mining_v1__glencore_sa_mining
102621,34,M,Single,0,0,Secondary,1.6,20.0,31.1,166.6,86.2,Never,Never,2,262.83,6.37,6.0,4,22,14,0.0,synthetic_mining_v1__glencore_sa_mining
102622,42,M,Married,4,1,Diploma,7.7,29.6,33.5,168.7,95.2,Never,Regularly,2,214.95,5.7,35.0,11,100,23,24.0,synthetic_mining_v1__glencore_sa_mining
102623,25,M,Married,1,1,Secondary,13.6,9.1,28.7,176.7,89.7,Never,Regularly,4,130.96,6.3,9.4,8,63,17,0.0,synthetic_mining_v1__glencore_sa_mining
102624,38,M,Single,5,3,Secondary,2.0,13.6,24.3,175.5,74.9,Former,Never,4,258.13,6.44,8.6,5,140,17,1.0,synthetic_mining_v1__glencore_sa_mining
102625,42,M,Married,0,0,Secondary,10.1,2.8,19.7,168.8,56.1,Daily,Never,0,127.41,4.25,6.4,4,73,24,2.0,synthetic_mining_v1__glencore_sa_mining
102626,41,M,Married,3,1,Tertiary,4.7,22.3,26.7,163.4,71.3,Occasional,Occasionally,3,176.58,7.22,21.5,7,36,15,9.0,synthetic_mining_v1__glencore_sa_mining
102627,48,F,Married,2,0,Secondary,13.0,26.2,22.9,157.9,57.0,Former,Regularly,2,333.63,6.24,2.8,12,10,21,5.0,synthetic_mining_v1__glencore_sa_mining
102628,27,M,Single,1,1,Primary,12.2,35.3,29.9,174.1,90.5,Never,Occasionally,1,257.72,5.34,42.7,6,93,29,8.0,synthetic_mining_v1__glencore_sa_mining
102629,24,M,Single,0,0,Diploma,15.1,7.6,23.0,172.9,68.8,Occasional,Never,3,207.51,5.78,40.9,8,79,23,1.0,synthetic_mining_v1__glencore_sa_mining
102630,40,M,Single,3,1,Secondary,4.1,14.3,32.3,175.5,99.5,Occasional,Heavy,1,195.54,7.71,15.3,4,71,21,0.0,synthetic_mining_v1__glencore_sa_mining
102631,42,M,Single,1,1,Secondary,4.6,6.2,28.5,171.6,84.1,Never,Never,2,125.4,6.78,45.2,6,222,24,2.0,synthetic_mining_v1__glencore_sa_mining
102632,57,M,Married,4,3,Primary,9.3,14.1,26.4,163.4,70.5,Former,Occasionally,2,236.78,4.57,4.7,10,74,21,8.0,synthetic_mining_v1__glencore_sa_mining
102633,44,F,Single,0,0,Secondary,2.0,18.3,25.2,154.3,60.1,Former,Occasionally,2,100.27,6.91,7.9,7,45,20,0.0,synthetic_mining_v1__glencore_sa_mining
102634,30,M,Married,4,1,Secondary,4.8,21.3,30.3,180.6,98.8,Former,Never,4,306.34,6.74,17.1,6,97,17,3.0,synthetic_mining_v1__glencore_sa_mining
102635,45,M,Single,0,0,Secondary,20.8,13.6,25.3,159.7,64.6,Daily,Never,3,207.56,5.17,7.0,5,91,24,5.0,synthetic_mining_v1__glencore_sa_mining
102636,30,M,Married,2,0,Secondary,6.7,5.3,33.3,171.6,98.0,Daily,Heavy,3,162.5,5.73,20.7,3,83,29,36.0,synthetic_mining_v1__glencore_sa_mining
102637,25,F,Married,2,1,Tertiary,4.1,10.9,31.2,162.6,82.5,Daily,Never,1,297.53,5.09,12.3,7,26,22,46.0,synthetic_mining_v1__glencore_sa_mining
102638,61,M,Single,2,2,Secondary,2.2,12.5,27.9,176.2,86.8,Daily,Occasionally,0,253.75,5.44,13.8,4,21,23,0.0,synthetic_mining_v1__glencore_sa_mining
102639,41,M,Married,3,2,Secondary,20.2,15.6,26.6,191.0,97.0,Never,Regularly,3,115.69,8.43,4.8,7,21,20,0.0,synthetic_mining_v1__glencore_sa_mining
102640,44,M,Divorced,1,1,Diploma,5.4,15.1,35.3,153.5,83.3,Daily,Never,0,187.9,6.3,22.6,5,147,17,51.0,synthetic_mining_v1__glencore_sa_mining
102641,43,M,Married,0,0,Secondary,2.2,8.3,26.0,173.8,78.6,Occasional,Occasionally,0,176.7,6.18,13.1,4,42,19,1.0,synthetic_mining_v1__glencore_sa_mining
102642,54,M,Single,0,0,Primary,7.2,6.8,31.8,162.8,84.3,Never,Never,4,256.43,6.2,9.3,5,190,21,8.0,synthetic_mining_v1__glencore_sa_mining
102643,41,M,Single,0,0,Secondary,5.6,9.8,24.9,169.7,71.8,Never,Regularly,1,303.43,6.32,23.9,7,154,23,18.0,synthetic_mining_v1__glencore_sa_mining
102644,49,M,Married,0,0,Secondary,3.2,62.2,26.3,174.8,80.2,Daily,Occasionally,4,206.72,5.99,21.1,5,21,18,0.0,synthetic_mining_v1__glencore_sa_mining
102645,29,M,Single,0,0,Secondary,2.5,24.7,20.6,177.7,65.2,Never,Regularly,5,282.34,6.13,11.4,7,175,21,0.0,synthetic_mining_v1__glencore_sa_mining
102646,25,F,Married,1,1,Secondary,9.7,28.6,20.5,153.1,48.1,Occasional,Occasionally,2,213.67,6.46,11.9,8,96,21,1.0,synthetic_mining_v1__glencore_sa_mining
102647,51,M,Married,1,0,Secondary,20.1,12.2,31.1,175.4,95.8,Occasional,Never,3,212.7,6.1,7.4,6,170,25,0.0,synthetic_mining_v1__glencore_sa_mining
102648,51,M,Widowed,2,2,Secondary,2.7,6.8,36.4,149.1,80.9,Never,Occasionally,0,208.23,5.18,10.6,11,112,26,15.0,synthetic_mining_v1__glencore_sa_mining
102649,43,M,Married,1,1,Secondary,13.5,14.8,25.6,175.2,78.7,Never,Occasionally,4,175.78,7.17,2.1,6,113,13,1.0,synthetic_mining_v1__glencore_sa_mining
102650,40,M,Married,4,0,Diploma,8.5,27.6,28.8,174.3,87.4,Never,Occasionally,0,224.19,6.6,4.9,6,49,22,2.0,synthetic_mining_v1__glencore_sa_mining
102651,39,M,Single,1,1,Secondary,0.6,24.2,26.8,168.3,76.0,Daily,Occasionally,2,214.47,6.02,12.5,5,91,20,0.0,synthetic_mining_v1__glencore_sa_mining
102652,32,M,Single,1,1,Diploma,9.9,8.6,30.0,164.8,81.4,Never,Occasionally,0,267.26,7.24,31.0,8,39,26,0.0,synthetic_mining_v1__glencore_sa_mining
102653,52,M,Single,1,1,Secondary,7.9,15.1,33.5,157.2,82.9,Never,Occasionally,0,137.84,5.74,34.7,5,82,18,2.0,synthetic_mining_v1__glencore_sa_mining
102654,44,M,Divorced,1,1,Secondary,13.7,43.0,22.9,173.5,68.9,Never,Occasionally,1,198.54,6.58,6.3,5,83,15,0.0,synthetic_mining_v1__glencore_sa_mining
102655,43,M,Widowed,1,1,Diploma,4.9,6.3,21.8,159.2,55.2,Never,Occasionally,2,262.57,4.93,4.1,8,91,26,4.0,synthetic_mining_v1__glencore_sa_mining
102656,41,F,Married,1,0,Secondary,6.5,22.7,24.2,152.8,56.6,Daily,Occasionally,2,222.33,5.86,25.4,5,60,18,4.0,synthetic_mining_v1__glencore_sa_mining
102657,47,M,Married,3,2,Secondary,2.7,7.5,30.6,163.1,81.5,Never,Heavy,0,136.95,7.3,4.2,10,39,17,5.0,synthetic_mining_v1__glencore_sa_mining
102658,43,M,Married,1,1,Secondary,6.7,13.2,32.2,175.0,98.7,Occasional,Occasionally,3,250.44,7.86,7.3,7,70,18,5.0,synthetic_mining_v1__glencore_sa_mining
102659,45,M,Married,0,0,Primary,5.0,15.6,28.8,168.0,81.2,Occasional,Occasionally,2,245.04,5.86,8.2,8,25,14,7.0,synthetic_mining_v1__glencore_sa_mining
102660,27,M,Divorced,1,1,Secondary,5.8,18.1,32.9,180.0,106.5,Occasional,Regularly,5,225.27,6.09,22.5,7,153,22,0.0,synthetic_mining_v1__glencore_sa_mining
102661,43,M,Single,2,1,Diploma,2.9,9.1,25.8,168.9,73.5,Occasional,Regularly,2,184.23,7.01,7.8,4,159,20,3.0,synthetic_mining_v1__glencore_sa_mining
102662,58,M,Divorced,3,1,Secondary,4.0,14.7,18.3,174.9,55.9,Former,Never,4,194.17,6.21,29.9,6,227,28,2.0,synthetic_mining_v1__glencore_sa_mining
102663,33,M,Single,3,1,Secondary,3.0,23.3,27.3,174.4,82.9,Daily,Occasionally,1,214.24,7.06,12.9,5,56,20,13.0,synthetic_mining_v1__glencore_sa_mining
102664,37,F,Married,1,1,Diploma,1.9,22.4,26.0,147.4,56.6,Never,Never,4,129.03,4.26,23.0,3,83,23,1.0,synthetic_mining_v1__glencore_sa_mining
102665,46,M,Married,1,0,Secondary,7.6,5.8,27.7,160.8,71.7,Daily,Occasionally,2,183.25,6.9,62.8,13,99,22,5.0,synthetic_mining_v1__glencore_sa_mining
102666,47,F,Married,3,0,Diploma,23.2,6.1,36.0,160.6,92.9,Never,Occasionally,3,174.23,7.05,9.7,6,79,8,2.0,synthetic_mining_v1__glencore_sa_mining
102667,44,M,Single,0,0,Secondary,2.6,18.6,25.6,159.2,65.0,Never,Occasionally,4,291.86,6.71,7.1,9,14,23,4.0,synthetic_mining_v1__glencore_sa_mining
102668,23,M,Married,1,1,Diploma,11.8,5.2,24.1,169.4,69.2,Daily,Never,1,153.71,6.46,5.9,11,108,27,2.0,synthetic_mining_v1__glencore_sa_mining
102669,43,F,Divorced,1,1,Secondary,6.1,12.7,26.9,166.4,74.5,Occasional,Regularly,2,206.18,7.28,23.7,3,68,27,7.0,synthetic_mining_v1__glencore_sa_mining
102670,27,M,Single,2,2,Secondary,14.5,6.8,32.6,173.9,98.7,Former,Never,3,231.07,7.26,6.7,3,51,24,2.0,synthetic_mining_v1__glencore_sa_mining
102671,31,F,Single,2,2,Primary,5.4,32.1,30.4,164.0,81.7,Never,Occasionally,6,242.87,5.74,8.9,3,160,29,1.0,synthetic_mining_v1__glencore_sa_mining
102672,43,M,Married,2,1,Secondary,20.4,6.1,22.5,174.3,68.4,Never,Heavy,1,218.86,5.62,11.9,14,44,22,6.0,synthetic_mining_v1__glencore_sa_mining
102673,35,M,Widowed,4,1,Secondary,16.9,5.6,38.6,172.5,115.0,Former,Occasionally,1,221.4,4.65,7.5,9,247,24,29.0,synthetic_mining_v1__glencore_sa_mining
102674,45,M,Married,1,1,Primary,5.6,7.1,25.6,163.3,68.2,Daily,Never,1,220.16,6.97,40.8,7,204,20,19.0,synthetic_mining_v1__glencore_sa_mining
102675,62,M,Single,2,2,Secondary,6.4,17.4,27.8,171.7,82.0,Daily,Never,2,206.0,7.44,30.3,5,68,26,12.0,synthetic_mining_v1__glencore_sa_mining
102676,45,M,Single,1,0,Secondary,4.7,19.9,24.7,154.5,59.0,Never,Never,4,164.07,6.6,33.8,10,57,22,1.0,synthetic_mining_v1__glencore_sa_mining
102677,45,M,Widowed,2,0,Diploma,5.6,18.5,22.3,158.7,56.1,Never,Regularly,3,272.82,5.18,23.4,9,44,28,8.0,synthetic_mining_v1__glencore_sa_mining
102678,30,F,Single,1,1,Primary,3.9,6.2,32.2,166.4,89.0,Former,Never,0,263.44,5.24,16.0,8,31,23,0.0,synthetic_mining_v1__glencore_sa_mining
102679,32,M,Married,1,1,Secondary,12.5,36.6,23.9,159.3,60.6,Never,Regularly,2,181.15,5.78,7.2,6,253,15,1.0,synthetic_mining_v1__glencore_sa_mining
102680,28,F,Single,0,0,Secondary,1.5,4.4,29.3,164.6,79.3,Former,Regularly,2,234.92,6.61,9.6,6,56,18,1.0,synthetic_mining_v1__glencore_sa_mining
102681,33,M,Married,1,0,Secondary,2.4,7.7,31.4,152.9,73.4,Never,Occasionally,2,320.44,6.49,15.3,11,276,32,22.0,synthetic_mining_v1__glencore_sa_mining
102682,28,F,Married,5,2,Secondary,8.2,9.9,29.0,160.5,74.7,Never,Never,1,248.29,5.54,8.5,10,79,21,3.0,synthetic_mining_v1__glencore_sa_mining
102683,32,M,Married,0,0,Diploma,3.3,2.4,34.9,168.0,98.3,Former,Occasionally,2,292.27,7.59,17.5,13,56,24,7.0,synthetic_mining_v1__glencore_sa_mining
102684,36,M,Married,2,0,Secondary,6.1,15.0,25.4,155.9,61.7,Never,Regularly,5,206.98,7.78,48.6,10,144,26,1.0,synthetic_mining_v1__glencore_sa_mining
102685,29,M,Married,0,0,Secondary,11.1,6.7,26.7,171.7,78.9,Daily,Heavy,2,213.43,6.25,4.3,2,134,22,6.0,synthetic_mining_v1__glencore_sa_mining
102686,25,M,Single,1,1,Secondary,2.6,14.2,26.0,172.4,77.3,Former,Heavy,5,254.41,7.21,40.7,9,236,34,13.0,synthetic_mining_v1__glencore_sa_mining
102687,26,M,Married,0,0,Secondary,2.8,10.7,27.9,165.4,76.5,Never,Occasionally,3,264.85,6.75,1.7,5,304,25,2.0,synthetic_mining_v1__glencore_sa_mining
102688,42,F,Married,1,1,Diploma,6.9,13.1,20.0,161.6,52.3,Former,Occasionally,1,188.71,6.14,1.2,8,146,15,1.0,synthetic_mining_v1__glencore_sa_mining
102689,39,F,Married,2,1,Secondary,0.2,9.8,22.2,156.5,54.4,Former,Never,1,224.56,6.67,5.9,7,82,17,4.0,synthetic_mining_v1__glencore_sa_mining
102690,47,M,Single,0,0,Primary,4.9,9.1,27.4,189.2,98.0,Occasional,Occasionally,3,244.93,7.27,7.1,5,47,19,3.0,synthetic_mining_v1__glencore_sa_mining
102691,47,M,Divorced,3,3,Diploma,5.9,12.5,26.1,173.7,78.7,Former,Occasionally,5,289.85,6.04,11.4,11,49,22,16.0,synthetic_mining_v1__glencore_sa_mining
102692,35,F,Single,3,1,Secondary,7.3,23.2,21.5,164.5,58.1,Never,Never,2,325.74,9.19,9.1,12,77,27,3.0,synthetic_mining_v1__glencore_sa_mining
102693,44,M,Married,0,0,Secondary,9.3,15.9,26.0,163.7,69.7,Never,Regularly,4,150.56,5.77,15.1,4,60,17,0.0,synthetic_mining_v1__glencore_sa_mining
102694,25,M,Married,1,1,Secondary,4.1,10.3,30.6,177.2,96.0,Never,Regularly,3,205.03,6.42,13.8,8,92,28,2.0,synthetic_mining_v1__glencore_sa_mining
102695,59,M,Single,1,0,Secondary,2.3,15.7,29.3,181.4,96.4,Never,Occasionally,3,230.51,7.69,9.1,7,207,18,3.0,synthetic_mining_v1__glencore_sa_mining
102696,49,M,Married,1,1,Diploma,1.0,6.3,24.8,161.9,64.9,Daily,Occasionally,4,215.75,5.17,3.7,9,206,26,7.0,synthetic_mining_v1__glencore_sa_mining
102697,36,M,Single,1,1,Secondary,2.7,20.4,28.1,164.4,75.9,Daily,Never,1,173.85,8.14,6.7,2,43,13,10.0,synthetic_mining_v1__glencore_sa_mining
102698,28,F,Married,0,0,Diploma,16.4,20.4,31.4,159.3,79.6,Occasional,Never,2,193.41,6.28,14.6,3,102,19,2.0,synthetic_mining_v1__glencore_sa_mining
102699,41,M,Single,4,0,Primary,14.7,5.9,24.7,176.5,77.0,Never,Never,1,231.4,7.49,26.4,7,166,23,1.0,synthetic_mining_v1__glencore_sa_mining
102700,21,M,Single,2,0,Secondary,0.7,8.8,33.7,170.7,98.2,Former,Regularly,0,206.95,6.35,18.1,5,83,16,4.0,synthetic_mining_v1__glencore_sa_mining
102701,31,F,Married,2,0,Secondary,4.9,7.3,22.3,157.3,55.2,Never,Occasionally,2,215.1,6.98,21.1,6,55,32,2.0,synthetic_mining_v1__glencore_sa_mining
102702,45,M,Married,1,0,Secondary,3.1,8.7,27.8,166.3,76.9,Occasional,Never,0,211.29,6.44,5.9,2,82,17,1.0,synthetic_mining_v1__glencore_sa_mining
102703,39,M,Married,1,0,Primary,6.6,22.3,32.3,172.4,95.9,Daily,Heavy,2,254.64,6.09,19.8,10,165,29,120.0,synthetic_mining_v1__glencore_sa_mining
102704,34,M,Divorced,4,2,Secondary,4.2,20.3,29.6,167.7,83.3,Occasional,Regularly,1,221.11,6.25,11.4,7,24,21,0.0,synthetic_mining_v1__glencore_sa_mining
102705,47,M,Married,4,1,Secondary,13.3,11.6,32.8,156.6,80.4,Former,Heavy,1,206.39,8.16,11.9,8,147,25,0.0,synthetic_mining_v1__glencore_sa_mining
102706,29,F,Married,2,0,Secondary,9.6,51.4,31.3,166.8,87.1,Former,Regularly,2,241.74,6.48,1.5,5,143,19,4.0,synthetic_mining_v1__glencore_sa_mining
102707,41,M,Married,1,0,Primary,3.6,5.5,23.4,173.6,70.6,Never,Occasionally,3,174.46,5.83,4.2,8,61,23,1.0,synthetic_mining_v1__glencore_sa_mining
102708,34,M,Married,3,0,Secondary,15.4,24.0,33.6,155.5,81.3,Daily,Regularly,2,192.06,4.59,15.5,7,39,14,17.0,synthetic_mining_v1__glencore_sa_mining
102709,30,M,Married,4,4,Diploma,7.2,40.5,22.7,178.3,72.0,Never,Occasionally,0,169.88,8.37,8.7,5,107,19,1.0,synthetic_mining_v1__glencore_sa_mining
102710,42,F,Divorced,3,1,Secondary,12.6,17.9,26.9,153.8,63.7,Occasional,Heavy,0,213.08,6.76,2.5,9,191,26,28.0,synthetic_mining_v1__glencore_sa_mining
102711,29,M,Married,3,1,Primary,13.2,5.5,30.5,180.7,99.5,Former,Regularly,1,241.04,8.2,6.7,11,10,14,8.0,synthetic_mining_v1__glencore_sa_mining
102712,55,F,Single,2,0,Secondary,8.7,14.2,29.6,162.2,78.0,Occasional,Occasionally,0,247.88,6.66,18.1,6,48,25,0.0,synthetic_mining_v1__glencore_sa_mining
102713,33,M,Married,2,1,Primary,3.1,8.5,29.7,170.2,86.0,Never,Occasionally,2,166.25,7.59,6.2,11,130,20,1.0,synthetic_mining_v1__glencore_sa_mining
102714,56,F,Married,3,0,Primary,7.3,8.4,28.7,169.6,82.4,Never,Occasionally,3,162.84,8.56,7.3,14,293,26,5.0,synthetic_mining_v1__glencore_sa_mining
102715,28,M,Married,2,0,Primary,3.8,3.0,27.7,175.9,85.8,Former,Occasionally,0,287.75,7.33,21.8,5,193,20,7.0,synthetic_mining_v1__glencore_sa_mining
102716,43,F,Married,0,0,Secondary,4.0,8.7,17.9,159.4,45.6,Daily,Regularly,3,256.07,5.06,19.7,5,66,18,3.0,synthetic_mining_v1__glencore_sa_mining
102717,27,F,Married,4,2,Secondary,5.7,9.7,29.7,154.4,70.7,Former,Occasionally,0,248.83,7.29,23.4,15,250,25,3.0,synthetic_mining_v1__glencore_sa_mining
102718,26,M,Single,1,0,Secondary,6.3,10.9,26.6,171.9,78.7,Daily,Regularly,5,240.12,6.47,6.8,7,86,24,0.0,synthetic_mining_v1__glencore_sa_mining
102719,39,M,Divorced,1,1,Primary,10.5,23.1,20.1,167.8,56.5,Former,Occasionally,3,169.5,7.01,41.7,10,84,28,2.0,synthetic_mining_v1__glencore_sa_mining
102720,44,F,Married,1,1,Diploma,19.2,8.9,27.2,165.8,74.8,Daily,Never,0,245.93,5.83,19.2,12,63,19,78.0,synthetic_mining_v1__glencore_sa_mining
102721,27,M,Single,0,0,Primary,6.0,10.5,25.6,173.1,76.8,Never,Heavy,3,235.58,4.95,28.7,7,51,24,3.0,synthetic_mining_v1__glencore_sa_mining
102722,49,M,Married,1,0,Primary,3.0,13.5,20.0,184.2,67.8,Never,Occasionally,0,169.97,6.18,22.7,4,318,19,1.0,synthetic_mining_v1__glencore_sa_mining
102723,31,F,Widowed,0,0,Secondary,9.6,13.1,24.8,152.5,57.7,Daily,Never,3,237.26,7.38,22.9,7,218,30,0.0,synthetic_mining_v1__glencore_sa_mining
102724,39,M,Single,1,1,Diploma,12.6,3.3,24.1,166.6,66.8,Former,Occasionally,4,223.92,6.59,2.5,8,39,16,1.0,synthetic_mining_v1__glencore_sa_mining
102725,41,M,Widowed,1,1,Diploma,17.7,15.6,25.7,166.5,71.3,Never,Occasionally,0,202.95,5.27,32.8,4,62,20,3.0,synthetic_mining_v1__glencore_sa_mining
102726,43,M,Single,1,1,Secondary,11.2,12.8,32.9,172.2,97.5,Never,Occasionally,1,215.07,5.06,2.5,8,143,15,9.0,synthetic_mining_v1__glencore_sa_mining
102727,22,M,Single,1,0,Secondary,7.9,5.0,27.2,179.6,87.8,Daily,Never,3,219.81,6.35,59.5,8,157,20,4.0,synthetic_mining_v1__glencore_sa_mining
102728,53,M,Widowed,2,1,Secondary,10.9,11.1,31.2,172.5,92.9,Never,Occasionally,2,261.3,5.25,47.4,11,93,28,11.0,synthetic_mining_v1__glencore_sa_mining
102729,43,M,Single,1,0,Secondary,6.5,15.0,29.9,161.4,77.9,Former,Regularly,0,247.45,4.96,27.8,8,75,26,9.0,synthetic_mining_v1__glencore_sa_mining
102730,34,M,Widowed,2,1,Tertiary,3.8,17.6,32.4,165.3,88.5,Former,Never,3,184.34,8.31,21.2,8,180,24,4.0,synthetic_mining_v1__glencore_sa_mining
102731,29,F,Single,2,1,Secondary,1.4,8.0,35.1,161.0,90.9,Daily,Never,4,234.89,7.26,44.3,5,61,24,21.0,synthetic_mining_v1__glencore_sa_mining
102732,23,M,Married,2,2,Primary,3.3,7.2,27.2,171.4,79.9,Never,Heavy,3,212.52,7.81,10.5,8,39,19,5.0,synthetic_mining_v1__glencore_sa_mining
102733,26,M,Widowed,2,1,Secondary,3.2,4.7,26.8,164.8,72.7,Former,Regularly,1,192.47,4.23,14.3,7,62,21,4.0,synthetic_mining_v1__glencore_sa_mining
102734,43,M,Single,1,0,Secondary,15.5,40.8,26.2,167.3,73.2,Former,Never,1,246.97,7.18,44.7,5,78,20,9.0,synthetic_mining_v1__glencore_sa_mining
102735,35,M,Married,5,1,Primary,10.4,17.1,22.4,170.2,64.8,Never,Regularly,1,182.75,7.52,37.2,3,201,20,4.0,synthetic_mining_v1__glencore_sa_mining
102736,28,M,Married,2,0,Diploma,14.3,19.8,28.4,159.0,71.9,Occasional,Regularly,1,158.5,5.4,8.2,5,80,23,0.0,synthetic_mining_v1__glencore_sa_mining
102737,33,M,Married,1,1,Secondary,6.9,2.0,25.3,170.8,74.0,Former,Never,4,299.75,7.24,41.0,5,41,32,0.0,synthetic_mining_v1__glencore_sa_mining
102738,52,M,Single,1,1,Secondary,2.4,20.8,26.8,167.0,74.8,Daily,Occasionally,4,200.75,7.68,48.3,8,21,23,0.0,synthetic_mining_v1__glencore_sa_mining
102739,35,M,Married,0,0,Diploma,22.9,19.2,33.0,171.6,97.3,Never,Never,2,334.1,6.18,36.0,6,103,36,60.0,synthetic_mining_v1__glencore_sa_mining
102740,33,M,Single,2,0,Primary,10.5,19.0,29.6,166.9,82.5,Occasional,Occasionally,1,256.27,4.59,10.2,5,183,28,13.0,synthetic_mining_v1__glencore_sa_mining
102741,50,M,Married,0,0,Diploma,4.2,13.9,32.3,166.6,89.5,Daily,Heavy,2,184.69,5.9,23.7,14,67,20,120.0,synthetic_mining_v1__glencore_sa_mining
102742,42,M,Single,2,2,Secondary,1.7,22.3,33.7,181.2,110.5,Occasional,Regularly,3,214.56,7.25,13.0,4,181,14,12.0,synthetic_mining_v1__glencore_sa_mining
102743,38,F,Divorced,1,1,Secondary,7.7,24.1,29.4,152.0,68.0,Never,Regularly,0,186.32,5.39,16.3,6,49,19,6.0,synthetic_mining_v1__glencore_sa_mining
102744,33,M,Single,0,0,Primary,12.4,13.6,24.5,165.5,67.1,Never,Regularly,3,203.15,6.27,49.7,4,85,29,2.0,synthetic_mining_v1__glencore_sa_mining
102745,24,M,Married,1,0,Secondary,12.9,1.4,23.7,166.0,65.2,Daily,Regularly,2,255.72,5.43,15.3,13,81,28,7.0,synthetic_mining_v1__glencore_sa_mining
102746,27,M,Married,2,0,Secondary,1.6,11.0,25.6,163.2,68.2,Never,Occasionally,2,331.33,6.59,5.2,11,49,24,5.0,synthetic_mining_v1__glencore_sa_mining
102747,34,M,Single,2,2,Diploma,9.7,13.0,23.6,173.5,70.9,Former,Occasionally,0,185.89,7.55,19.6,9,18,23,4.0,synthetic_mining_v1__glencore_sa_mining
102748,36,M,Married,1,1,Secondary,10.1,15.6,22.6,169.3,64.7,Never,Occasionally,3,155.53,6.81,0.8,9,79,14,0.0,synthetic_mining_v1__glencore_sa_mining
102749,41,M,Married,5,1,Secondary,2.4,12.6,24.8,164.3,66.9,Never,Never,1,302.33,5.42,15.8,5,151,25,0.0,synthetic_mining_v1__glencore_sa_mining
102750,43,M,Widowed,2,2,Secondary,9.9,49.2,26.0,166.8,72.4,Former,Regularly,2,224.26,6.94,9.2,5,157,19,13.0,synthetic_mining_v1__glencore_sa_mining
102751,40,F,Married,3,3,Diploma,16.0,5.4,29.3,160.8,75.7,Never,Heavy,1,206.04,7.24,21.2,7,90,31,13.0,synthetic_mining_v1__glencore_sa_mining
102752,40,M,Married,0,0,Diploma,1.5,9.8,31.5,175.8,97.2,Daily,Occasionally,3,279.83,4.47,12.2,6,67,25,40.0,synthetic_mining_v1__glencore_sa_mining
102753,29,M,Married,0,0,Diploma,8.0,6.9,18.9,169.5,54.2,Never,Occasionally,5,217.42,8.01,12.0,4,111,19,0.0,synthetic_mining_v1__glencore_sa_mining
102754,19,M,Married,1,1,Diploma,12.0,13.6,35.0,166.2,96.7,Former,Never,0,231.24,8.25,7.9,8,109,11,4.0,synthetic_mining_v1__glencore_sa_mining
102755,33,F,Married,1,1,Secondary,4.6,17.4,20.6,165.7,56.7,Never,Regularly,1,172.05,8.94,15.1,7,36,15,1.0,synthetic_mining_v1__glencore_sa_mining
102756,29,M,Married,0,0,Secondary,0.7,2.1,29.9,165.3,81.8,Never,Occasionally,2,197.53,6.25,8.1,6,31,15,0.0,synthetic_mining_v1__glencore_sa_mining
102757,32,F,Married,0,0,Secondary,2.6,30.2,25.7,160.0,65.7,Daily,Never,2,142.78,6.31,68.9,6,73,24,3.0,synthetic_mining_v1__glencore_sa_mining
102758,36,M,Married,1,1,Secondary,14.5,27.4,25.1,163.1,66.9,Daily,Occasionally,4,251.53,6.64,8.8,9,164,29,7.0,synthetic_mining_v1__glencore_sa_mining
102759,27,M,Married,4,2,Secondary,3.0,4.5,27.1,170.5,78.7,Daily,Regularly,1,268.7,6.03,5.5,5,51,20,17.0,synthetic_mining_v1__glencore_sa_mining
102760,28,M,Married,3,2,Secondary,1.8,19.3,27.2,163.0,72.2,Former,Never,4,228.4,6.35,9.0,12,50,21,2.0,synthetic_mining_v1__glencore_sa_mining
102761,37,M,Single,3,0,Secondary,1.2,3.6,31.6,183.1,106.1,Former,Regularly,6,207.7,8.53,17.0,8,164,26,5.0,synthetic_mining_v1__glencore_sa_mining
102762,39,F,Married,1,1,Diploma,3.6,5.0,28.4,160.3,72.9,Never,Occasionally,4,241.8,5.88,4.4,3,153,22,2.0,synthetic_mining_v1__glencore_sa_mining
102763,32,M,Single,0,0,Secondary,7.2,5.1,26.9,183.0,90.1,Never,Occasionally,0,178.3,6.85,26.9,11,38,13,1.0,synthetic_mining_v1__glencore_sa_mining
102764,42,M,Married,3,1,Primary,1.6,6.8,22.2,170.6,64.6,Former,Regularly,0,144.34,9.48,54.1,7,67,22,3.0,synthetic_mining_v1__glencore_sa_mining
102765,36,M,Divorced,2,0,Secondary,4.5,24.0,27.1,170.4,78.7,Daily,Heavy,0,242.29,9.72,35.3,3,167,20,81.0,synthetic_mining_v1__glencore_sa_mining
102766,29,M,Single,1,1,Secondary,7.7,24.5,16.0,184.1,54.2,Never,Heavy,2,170.49,4.1,23.3,5,16,30,0.0,synthetic_mining_v1__glencore_sa_mining
102767,38,M,Divorced,3,1,Secondary,2.3,10.4,22.8,171.5,67.0,Former,Occasionally,3,252.62,5.79,2.5,9,103,15,1.0,synthetic_mining_v1__glencore_sa_mining
102768,55,M,Married,2,2,Diploma,24.0,10.8,33.9,177.4,106.7,Daily,Occasionally,0,231.25,4.76,9.6,6,365,21,46.0,synthetic_mining_v1__glencore_sa_mining
102769,32,M,Married,0,0,Secondary,14.6,24.6,21.3,170.0,61.6,Occasional,Regularly,3,301.84,6.44,11.0,12,43,33,9.0,synthetic_mining_v1__glencore_sa_mining
102770,48,F,Married,2,2,Secondary,10.8,26.0,22.8,148.0,49.8,Former,Never,1,215.85,6.78,18.9,7,221,25,5.0,synthetic_mining_v1__glencore_sa_mining
102771,50,M,Married,1,1,Primary,4.6,28.7,30.1,178.7,96.0,Former,Never,4,221.48,6.3,9.3,8,198,23,2.0,synthetic_mining_v1__glencore_sa_mining
102772,51,M,Single,0,0,Primary,10.4,13.9,28.4,166.6,78.8,Never,Never,3,154.57,5.59,11.7,5,18,14,1.0,synthetic_mining_v1__glencore_sa_mining
102773,31,M,Married,0,0,Primary,9.8,6.2,35.2,157.3,87.2,Never,Never,3,265.76,8.39,13.1,5,352,23,0.0,synthetic_mining_v1__glencore_sa_mining
102774,56,M,Widowed,0,0,Secondary,14.7,9.2,33.3,163.8,89.3,Occasional,Occasionally,2,238.42,6.5,5.0,7,62,19,12.0,synthetic_mining_v1__glencore_sa_mining
102775,39,M,Married,3,0,Tertiary,2.4,16.1,16.6,172.0,49.2,Former,Regularly,2,240.81,6.13,13.9,6,97,27,0.0,synthetic_mining_v1__glencore_sa_mining
102776,36,M,Married,1,1,Tertiary,5.1,5.5,25.0,166.6,69.4,Daily,Never,1,260.0,7.43,29.3,9,19,22,0.0,synthetic_mining_v1__glencore_sa_mining
102777,36,M,Widowed,3,1,Primary,5.4,10.1,28.5,175.4,87.6,Never,Occasionally,0,308.38,4.58,17.4,8,6,23,0.0,synthetic_mining_v1__glencore_sa_mining
102778,43,F,Divorced,1,0,Secondary,5.3,8.2,34.3,152.7,80.0,Occasional,Occasionally,3,266.76,6.82,1.8,6,136,12,6.0,synthetic_mining_v1__glencore_sa_mining
102779,38,M,Married,2,2,Secondary,12.8,29.9,29.1,174.9,88.9,Former,Occasionally,3,281.48,7.15,13.1,5,170,29,5.0,synthetic_mining_v1__glencore_sa_mining
102780,36,F,Married,1,1,Secondary,4.0,2.3,25.1,154.2,59.5,Never,Occasionally,5,157.96,7.58,11.0,5,129,29,1.0,synthetic_mining_v1__glencore_sa_mining
102781,50,M,Single,5,0,Diploma,2.2,30.3,37.3,149.6,83.4,Former,Occasionally,1,223.54,6.64,19.8,4,12,13,6.0,synthetic_mining_v1__glencore_sa_mining
102782,31,M,Single,0,0,Secondary,1.2,52.0,29.6,177.7,93.6,Never,Occasionally,2,257.3,4.04,4.3,6,125,19,0.0,synthetic_mining_v1__glencore_sa_mining
102783,29,M,Married,1,1,Secondary,5.9,7.9,31.7,160.3,81.4,Never,Occasionally,0,274.79,7.09,15.3,7,34,25,2.0,synthetic_mining_v1__glencore_sa_mining
102784,45,M,Married,0,0,Primary,23.7,5.5,37.0,181.4,121.7,Never,Regularly,1,192.99,6.52,4.6,5,162,16,10.0,synthetic_mining_v1__glencore_sa_mining
102785,44,M,Married,2,2,Secondary,16.0,16.8,27.2,179.3,87.5,Occasional,Never,2,229.49,5.99,7.8,4,146,30,8.0,synthetic_mining_v1__glencore_sa_mining
102786,48,M,Married,0,0,Secondary,1.9,4.2,25.5,164.8,69.3,Daily,Never,6,174.3,7.49,4.4,8,33,21,0.0,synthetic_mining_v1__glencore_sa_mining
102787,28,M,Married,2,0,Diploma,18.3,16.1,27.7,167.6,77.9,Former,Occasionally,4,151.08,7.35,4.1,8,82,12,1.0,synthetic_mining_v1__glencore_sa_mining
102788,48,M,Married,4,0,Diploma,11.5,20.2,18.3,176.5,56.9,Never,Occasionally,2,281.29,4.88,9.1,6,95,22,5.0,synthetic_mining_v1__glencore_sa_mining
102789,42,M,Married,0,0,Primary,13.6,14.6,34.4,157.3,85.2,Former,Occasionally,1,190.45,5.71,3.2,6,198,16,3.0,synthetic_mining_v1__glencore_sa_mining
102790,54,F,Divorced,2,0,Diploma,4.0,11.0,39.6,169.2,113.4,Occasional,Occasionally,0,260.69,6.06,54.5,6,68,30,120.0,synthetic_mining_v1__glencore_sa_mining
102791,27,M,Single,1,0,Secondary,1.0,2.2,21.6,178.6,68.9,Former,Heavy,1,247.29,7.95,13.7,6,80,17,2.0,synthetic_mining_v1__glencore_sa_mining
102792,40,M,Married,1,1,Secondary,10.6,4.7,27.2,168.2,77.0,Daily,Regularly,4,167.73,6.42,42.3,9,17,27,13.0,synthetic_mining_v1__glencore_sa_mining
102793,36,M,Married,2,0,Secondary,16.3,7.1,25.5,172.5,76.0,Daily,Occasionally,1,170.44,5.73,58.6,5,78,27,0.0,synthetic_mining_v1__glencore_sa_mining
102794,24,M,Single,2,1,Secondary,2.2,18.4,29.2,173.4,87.8,Never,Regularly,3,219.67,7.35,32.3,10,6,16,3.0,synthetic_mining_v1__glencore_sa_mining
102795,32,M,Divorced,0,0,Diploma,6.8,13.2,27.6,165.6,75.7,Never,Occasionally,2,198.24,5.75,3.2,8,73,17,1.0,synthetic_mining_v1__glencore_sa_mining
102796,48,M,Married,1,1,Primary,3.0,13.6,25.4,171.4,74.5,Former,Occasionally,4,164.55,7.52,3.5,7,110,21,0.0,synthetic_mining_v1__glencore_sa_mining
102797,34,M,Married,1,1,Secondary,5.2,10.7,16.0,174.1,48.5,Daily,Occasionally,0,202.17,4.64,3.2,10,59,23,7.0,synthetic_mining_v1__glencore_sa_mining
102798,31,M,Widowed,1,1,Secondary,4.6,5.8,32.5,164.9,88.4,Daily,Occasionally,0,268.61,4.63,6.6,7,73,25,44.0,synthetic_mining_v1__glencore_sa_mining
102799,46,M,Married,2,0,Diploma,5.5,4.1,30.7,166.8,85.4,Daily,Heavy,7,250.94,7.69,17.4,9,137,27,0.0,synthetic_mining_v1__glencore_sa_mining
102800,47,M,Married,2,1,Secondary,6.4,14.3,30.1,168.8,85.6,Never,Never,0,139.25,4.7,25.3,12,68,24,0.0,synthetic_mining_v1__glencore_sa_mining
102801,47,M,Married,2,2,Diploma,3.6,0.7,34.9,170.3,101.2,Daily,Regularly,4,214.45,6.08,8.5,8,254,24,38.0,synthetic_mining_v1__glencore_sa_mining
102802,31,M,Married,2,2,Secondary,6.0,17.8,32.4,172.2,96.1,Never,Heavy,4,262.33,7.33,29.4,5,121,24,22.0,synthetic_mining_v1__glencore_sa_mining
102803,37,M,Married,2,0,Secondary,9.1,22.1,33.1,160.7,85.5,Never,Occasionally,3,251.58,6.44,3.0,5,28,12,1.0,synthetic_mining_v1__glencore_sa_mining
102804,47,M,Single,0,0,Secondary,8.1,17.0,31.0,180.7,101.3,Daily,Never,5,288.78,8.39,24.9,11,31,22,0.0,synthetic_mining_v1__glencore_sa_mining
102805,32,M,Single,2,1,Secondary,6.6,6.0,28.0,169.1,80.1,Occasional,Regularly,1,258.28,6.2,4.7,6,192,20,0.0,synthetic_mining_v1__glencore_sa_mining
102806,31,M,Divorced,2,2,Secondary,5.2,27.0,24.2,164.3,65.4,Never,Never,2,196.4,5.34,14.5,9,50,21,1.0,synthetic_mining_v1__glencore_sa_mining
102807,45,M,Married,0,0,Diploma,13.2,6.3,28.4,176.0,87.9,Occasional,Regularly,2,186.74,7.62,6.3,6,40,25,4.0,synthetic_mining_v1__glencore_sa_mining
102808,52,M,Single,4,1,Primary,3.1,12.8,24.6,154.8,58.9,Never,Occasionally,4,270.99,6.64,12.6,4,65,19,0.0,synthetic_mining_v1__glencore_sa_mining
102809,28,F,Divorced,2,1,Secondary,7.1,7.1,27.9,160.7,72.0,Occasional,Never,1,217.26,6.41,31.5,6,133,23,2.0,synthetic_mining_v1__glencore_sa_mining
102810,19,M,Married,2,0,Diploma,3.9,36.8,31.1,163.2,82.7,Occasional,Occasionally,0,207.76,6.66,19.3,12,3,23,3.0,synthetic_mining_v1__glencore_sa_mining
102811,25,M,Married,3,2,Secondary,28.4,8.3,24.8,157.9,61.9,Former,Occasionally,2,180.21,4.57,9.0,10,141,31,4.0,synthetic_mining_v1__glencore_sa_mining
102812,29,M,Married,1,0,Tertiary,8.8,4.7,21.7,183.3,73.0,Occasional,Occasionally,0,208.57,6.02,29.4,11,100,25,8.0,synthetic_mining_v1__glencore_sa_mining
102813,37,M,Divorced,2,2,Primary,3.7,5.2,28.9,178.4,91.9,Daily,Never,3,197.94,6.87,14.9,14,117,24,8.0,synthetic_mining_v1__glencore_sa_mining
102814,44,M,Married,1,1,Secondary,2.7,8.5,24.0,165.0,65.4,Former,Regularly,4,202.85,8.71,39.4,10,100,33,1.0,synthetic_mining_v1__glencore_sa_mining
102815,37,M,Single,1,1,Diploma,17.3,26.1,26.5,180.5,86.4,Never,Occasionally,6,202.27,5.58,6.9,6,29,8,1.0,synthetic_mining_v1__glencore_sa_mining
102816,32,M,Married,3,0,Secondary,6.0,33.0,28.3,178.0,89.5,Occasional,Regularly,4,275.3,5.89,51.6,6,100,22,0.0,synthetic_mining_v1__glencore_sa_mining
102817,39,M,Married,2,1,Tertiary,4.7,18.8,27.0,169.5,77.5,Never,Occasionally,2,173.43,7.67,22.7,8,41,25,3.0,synthetic_mining_v1__glencore_sa_mining
102818,29,M,Married,1,1,Secondary,8.6,24.1,25.5,171.2,74.8,Daily,Regularly,3,211.78,8.05,9.3,9,90,28,7.0,synthetic_mining_v1__glencore_sa_mining
102819,38,M,Married,1,1,Secondary,11.9,12.5,22.0,169.5,63.2,Never,Occasionally,3,258.78,5.87,9.0,5,60,23,1.0,synthetic_mining_v1__glencore_sa_mining
102820,32,M,Married,1,1,Secondary,4.2,2.0,30.1,155.6,73.0,Never,Occasionally,3,131.4,5.35,56.2,6,114,22,1.0,synthetic_mining_v1__glencore_sa_mining
102821,62,M,Married,0,0,Secondary,8.3,23.9,18.7,164.0,50.2,Former,Occasionally,2,182.53,5.09,18.9,6,69,15,2.0,synthetic_mining_v1__glencore_sa_mining
102822,45,M,Single,2,0,Diploma,3.2,36.5,25.0,174.2,75.7,Daily,Never,2,280.75,6.25,39.3,9,147,37,48.0,synthetic_mining_v1__glencore_sa_mining
102823,30,M,Single,0,0,Secondary,8.7,22.2,26.1,186.2,90.5,Never,Never,3,294.75,6.16,20.4,10,54,23,0.0,synthetic_mining_v1__glencore_sa_mining
102824,29,M,Married,1,1,Diploma,9.6,23.5,25.7,179.5,82.9,Daily,Occasionally,0,281.01,7.47,6.8,8,14,20,12.0,synthetic_mining_v1__glencore_sa_mining
102825,34,M,Single,1,1,Secondary,7.5,16.5,24.3,166.1,67.0,Daily,Never,3,193.59,8.06,6.5,7,90,20,3.0,synthetic_mining_v1__glencore_sa_mining
102826,23,M,Married,0,0,Diploma,1.3,14.2,24.0,172.6,71.6,Daily,Regularly,2,187.48,6.36,22.5,5,73,15,2.0,synthetic_mining_v1__glencore_sa_mining
102827,31,M,Single,1,0,Secondary,7.9,14.5,32.6,172.6,97.0,Former,Regularly,3,219.45,6.68,40.2,7,102,27,10.0,synthetic_mining_v1__glencore_sa_mining
102828,31,M,Widowed,0,0,Diploma,3.8,3.9,37.9,184.0,128.2,Occasional,Occasionally,0,191.32,5.83,6.3,11,119,16,7.0,synthetic_mining_v1__glencore_sa_mining
102829,46,M,Married,1,0,Secondary,6.3,36.7,23.5,170.8,68.5,Occasional,Regularly,1,212.27,6.42,59.1,3,55,27,4.0,synthetic_mining_v1__glencore_sa_mining
102830,34,M,Married,2,2,Primary,8.4,28.0,30.2,174.2,91.6,Daily,Never,2,269.95,5.77,30.2,1,69,31,0.0,synthetic_mining_v1__glencore_sa_mining
102831,31,M,Divorced,1,1,Primary,10.4,14.3,25.4,179.8,81.9,Occasional,Regularly,3,196.04,6.31,33.5,4,64,17,5.0,synthetic_mining_v1__glencore_sa_mining
102832,26,M,Single,0,0,Secondary,3.1,4.7,36.5,170.5,106.2,Never,Never,2,290.12,6.7,47.6,2,113,24,7.0,synthetic_mining_v1__glencore_sa_mining
102833,27,M,Married,0,0,Diploma,6.0,38.8,30.2,180.8,98.7,Never,Regularly,2,252.78,3.52,20.1,10,166,35,25.0,synthetic_mining_v1__glencore_sa_mining
102834,37,M,Married,0,0,Secondary,5.2,14.5,24.6,173.6,74.0,Never,Regularly,0,366.76,6.75,16.2,11,33,23,23.0,synthetic_mining_v1__glencore_sa_mining
102835,36,F,Single,0,0,Secondary,9.0,10.1,28.3,164.9,77.1,Former,Regularly,4,298.28,6.58,10.2,10,175,32,14.0,synthetic_mining_v1__glencore_sa_mining
102836,48,F,Single,4,1,Tertiary,1.0,13.3,25.0,165.6,68.5,Former,Never,2,291.88,5.0,35.3,15,30,26,0.0,synthetic_mining_v1__glencore_sa_mining
102837,32,F,Married,4,0,Diploma,5.5,21.0,33.0,168.0,93.2,Never,Occasionally,2,188.3,6.46,2.8,5,68,14,2.0,synthetic_mining_v1__glencore_sa_mining
102838,48,M,Single,2,2,Secondary,6.8,11.3,32.3,160.4,83.2,Daily,Occasionally,0,330.79,6.52,12.1,8,107,28,0.0,synthetic_mining_v1__glencore_sa_mining
102839,40,F,Divorced,2,1,Secondary,6.3,12.4,30.1,157.4,74.6,Daily,Regularly,0,196.64,5.75,7.6,10,117,25,21.0,synthetic_mining_v1__glencore_sa_mining
102840,38,M,Married,4,0,Primary,3.8,33.2,25.1,170.3,72.9,Never,Heavy,1,185.38,6.55,8.0,12,176,22,7.0,synthetic_mining_v1__glencore_sa_mining
102841,20,M,Married,3,1,Secondary,10.7,3.0,25.8,161.9,67.8,Never,Occasionally,3,158.8,4.84,5.6,8,105,21,1.0,synthetic_mining_v1__glencore_sa_mining
102842,26,M,Single,2,1,Primary,6.8,9.2,32.7,178.3,104.0,Former,Never,4,220.51,5.82,55.9,4,67,28,2.0,synthetic_mining_v1__glencore_sa_mining
102843,45,F,Divorced,3,1,Secondary,8.2,22.5,34.3,154.5,81.9,Never,Occasionally,5,212.07,6.49,20.2,9,78,20,3.0,synthetic_mining_v1__glencore_sa_mining
102844,51,M,Married,1,1,Secondary,24.3,6.0,28.1,169.1,80.2,Former,Regularly,2,155.9,6.69,36.4,7,66,27,10.0,synthetic_mining_v1__glencore_sa_mining
102845,40,M,Single,5,0,Secondary,7.2,15.2,27.0,162.7,71.4,Never,Heavy,3,230.51,7.15,35.0,7,64,17,11.0,synthetic_mining_v1__glencore_sa_mining
102846,45,M,Single,2,1,Diploma,8.1,2.5,30.4,167.8,85.7,Never,Never,0,203.46,5.41,72.7,5,110,22,8.0,synthetic_mining_v1__glencore_sa_mining
102847,34,M,Single,3,2,Secondary,2.7,8.0,29.6,165.7,81.2,Former,Never,1,209.62,7.86,30.3,5,66,26,0.0,synthetic_mining_v1__glencore_sa_mining
102848,35,M,Married,0,0,Secondary,8.8,22.6,21.3,167.5,59.6,Never,Never,2,225.35,6.21,2.2,12,123,26,2.0,synthetic_mining_v1__glencore_sa_mining
102849,32,M,Married,2,2,Tertiary,2.5,18.6,32.4,174.5,98.7,Daily,Regularly,6,261.58,4.35,15.1,7,59,23,23.0,synthetic_mining_v1__glencore_sa_mining
102850,47,M,Married,2,2,Secondary,3.8,17.1,25.8,172.7,77.0,Never,Never,6,186.78,6.02,49.0,9,159,27,2.0,synthetic_mining_v1__glencore_sa_mining
102851,41,M,Married,4,0,Secondary,5.2,4.3,33.7,179.9,109.2,Former,Never,1,212.2,4.95,11.1,7,125,27,0.0,synthetic_mining_v1__glencore_sa_mining
102852,36,M,Divorced,2,0,Secondary,0.3,4.5,26.9,168.4,76.2,Never,Regularly,0,211.62,6.7,1.9,9,29,17,2.0,synthetic_mining_v1__glencore_sa_mining
102853,35,M,Married,3,2,Primary,6.3,19.9,28.2,178.2,89.6,Never,Regularly,1,236.65,7.63,11.0,11,10,16,4.0,synthetic_mining_v1__glencore_sa_mining
102854,43,M,Married,0,0,Secondary,4.9,18.8,31.5,168.9,89.9,Never,Occasionally,2,177.79,7.54,22.4,5,140,24,1.0,synthetic_mining_v1__glencore_sa_mining
102855,41,M,Divorced,1,1,Secondary,13.1,27.9,20.4,172.3,60.6,Former,Never,1,254.23,5.25,23.7,7,197,16,6.0,synthetic_mining_v1__glencore_sa_mining
102856,31,M,Married,2,2,Secondary,8.9,15.4,35.3,160.4,90.9,Daily,Occasionally,0,181.27,7.17,3.9,5,203,25,0.0,synthetic_mining_v1__glencore_sa_mining
102857,53,M,Widowed,2,0,Secondary,6.6,3.3,22.0,175.0,67.3,Daily,Never,3,194.44,6.66,30.3,5,146,19,6.0,synthetic_mining_v1__glencore_sa_mining
102858,40,F,Married,4,0,Secondary,8.6,12.8,30.4,158.9,76.7,Never,Never,1,122.64,7.4,24.1,4,60,26,0.0,synthetic_mining_v1__glencore_sa_mining
102859,38,F,Single,2,0,Secondary,1.6,2.9,35.4,145.7,75.2,Former,Never,4,204.43,6.14,1.9,3,111,22,0.0,synthetic_mining_v1__glencore_sa_mining
102860,51,M,Married,1,0,Secondary,12.1,13.5,28.6,176.7,89.4,Occasional,Never,2,238.59,4.87,32.3,8,50,24,28.0,synthetic_mining_v1__glencore_sa_mining
102861,47,M,Married,0,0,Primary,5.8,12.6,35.4,154.9,85.0,Never,Never,3,189.35,6.62,23.2,8,27,19,0.0,synthetic_mining_v1__glencore_sa_mining
102862,37,M,Single,0,0,Secondary,3.0,10.1,30.6,162.4,80.6,Never,Occasionally,2,224.46,6.3,4.6,4,154,21,6.0,synthetic_mining_v1__glencore_sa_mining
102863,43,M,Married,3,0,Tertiary,7.9,46.4,20.7,186.9,72.4,Former,Occasionally,4,149.4,7.14,31.7,8,94,24,3.0,synthetic_mining_v1__glencore_sa_mining
102864,28,M,Single,2,2,Tertiary,7.1,17.3,30.7,163.8,82.3,Never,Regularly,1,242.75,5.69,10.9,7,80,16,5.0,synthetic_mining_v1__glencore_sa_mining
102865,32,M,Married,3,1,Primary,5.8,1.0,30.2,160.4,77.7,Never,Occasionally,1,223.82,7.68,21.5,10,20,16,1.0,synthetic_mining_v1__glencore_sa_mining
102866,19,M,Married,2,0,Primary,1.9,5.4,32.2,174.1,97.4,Daily,Occasionally,4,211.22,6.06,6.2,3,211,10,3.0,synthetic_mining_v1__glencore_sa_mining
102867,49,M,Single,2,2,Secondary,13.8,10.0,27.2,168.3,77.1,Former,Occasionally,0,242.07,6.92,9.1,6,185,22,0.0,synthetic_mining_v1__glencore_sa_mining
102868,21,M,Married,4,1,Diploma,6.2,17.9,19.6,175.1,60.0,Former,Never,4,150.95,5.56,32.6,8,108,29,1.0,synthetic_mining_v1__glencore_sa_mining
102869,44,M,Single,1,1,Primary,11.5,6.5,27.5,180.8,89.9,Daily,Never,5,165.28,8.66,23.4,6,147,20,7.0,synthetic_mining_v1__glencore_sa_mining
102870,31,F,Married,4,1,Diploma,5.5,14.4,31.9,149.7,71.5,Daily,Occasionally,1,231.03,6.69,6.6,8,94,19,13.0,synthetic_mining_v1__glencore_sa_mining
102871,29,M,Married,3,2,Secondary,4.2,27.8,21.4,168.3,60.6,Daily,Occasionally,2,210.01,6.95,18.4,10,32,18,4.0,synthetic_mining_v1__glencore_sa_mining
102872,36,M,Married,1,1,Secondary,6.6,25.4,39.0,155.5,94.4,Occasional,Regularly,3,191.66,6.81,24.1,9,82,17,20.0,synthetic_mining_v1__glencore_sa_mining
102873,40,M,Married,1,1,Secondary,0.9,10.8,25.1,172.7,74.9,Daily,Regularly,3,271.03,7.61,26.3,6,329,27,16.0,synthetic_mining_v1__glencore_sa_mining
102874,44,F,Single,1,0,Secondary,2.7,17.0,33.5,161.2,87.1,Former,Never,2,176.55,6.48,11.6,5,176,15,8.0,synthetic_mining_v1__glencore_sa_mining
102875,54,F,Widowed,1,1,Secondary,6.5,6.9,33.8,161.0,87.5,Never,Regularly,2,226.64,6.65,4.3,9,110,24,4.0,synthetic_mining_v1__glencore_sa_mining
102876,41,M,Married,2,1,Secondary,6.1,14.4,27.5,171.8,81.1,Former,Never,2,235.88,6.95,7.2,6,31,19,2.0,synthetic_mining_v1__glencore_sa_mining
102877,46,F,Married,2,1,Secondary,7.4,16.1,24.8,164.2,66.7,Occasional,Occasionally,0,188.98,7.46,17.3,5,50,19,3.0,synthetic_mining_v1__glencore_sa_mining
102878,33,M,Single,3,1,Diploma,8.4,15.9,21.5,177.0,67.4,Daily,Never,2,205.2,3.62,3.8,6,44,22,4.0,synthetic_mining_v1__glencore_sa_mining
102879,44,M,Married,2,0,Secondary,2.2,32.7,21.5,178.5,68.6,Daily,Occasionally,0,225.06,6.81,23.9,2,55,23,2.0,synthetic_mining_v1__glencore_sa_mining
102880,39,M,Married,0,0,Secondary,5.0,27.1,29.9,176.3,92.7,Daily,Regularly,1,207.0,5.95,35.9,7,89,18,25.0,synthetic_mining_v1__glencore_sa_mining
102881,34,F,Married,1,1,Secondary,4.3,21.5,27.6,156.4,67.6,Daily,Occasionally,2,264.22,5.84,30.9,9,22,23,16.0,synthetic_mining_v1__glencore_sa_mining
102882,37,M,Married,2,1,Primary,4.1,35.7,34.5,175.2,105.9,Former,Never,2,214.88,4.83,4.2,8,86,21,19.0,synthetic_mining_v1__glencore_sa_mining
102883,37,M,Married,1,1,Secondary,4.5,12.6,20.3,171.5,59.6,Never,Regularly,4,249.36,6.69,42.7,6,133,20,4.0,synthetic_mining_v1__glencore_sa_mining
102884,40,M,Married,1,0,Secondary,11.5,9.3,19.5,168.9,55.7,Never,Occasionally,2,160.09,7.6,2.5,11,83,22,0.0,synthetic_mining_v1__glencore_sa_mining
102885,42,M,Divorced,1,1,Secondary,15.2,12.8,29.7,184.1,100.6,Never,Never,2,170.28,7.3,7.8,9,203,18,2.0,synthetic_mining_v1__glencore_sa_mining
102886,33,M,Married,1,1,Primary,7.4,13.4,24.3,168.7,69.2,Former,Never,3,201.38,5.96,13.9,2,32,24,2.0,synthetic_mining_v1__glencore_sa_mining
102887,31,M,Married,2,2,Diploma,6.8,14.0,34.8,170.4,101.1,Daily,Regularly,0,245.37,5.94,2.8,4,35,19,21.0,synthetic_mining_v1__glencore_sa_mining
102888,45,M,Married,4,0,Secondary,4.9,32.4,22.7,176.8,71.0,Former,Occasionally,1,251.41,5.61,5.3,8,219,20,2.0,synthetic_mining_v1__glencore_sa_mining
102889,23,F,Married,0,0,Secondary,9.7,23.7,27.6,163.2,73.6,Occasional,Never,1,221.85,6.44,8.8,9,42,16,2.0,synthetic_mining_v1__glencore_sa_mining
102890,32,F,Single,1,0,Secondary,4.1,7.2,25.3,166.1,69.7,Daily,Occasionally,1,185.06,5.38,20.8,11,107,20,7.0,synthetic_mining_v1__glencore_sa_mining
102891,52,M,Married,2,1,Primary,6.4,9.7,29.3,161.4,76.3,Former,Occasionally,1,247.26,6.48,24.0,4,17,19,0.0,synthetic_mining_v1__glencore_sa_mining
102892,19,M,Married,1,1,Diploma,6.2,51.4,27.2,156.1,66.3,Daily,Occasionally,3,155.75,4.98,70.0,9,61,30,7.0,synthetic_mining_v1__glencore_sa_mining
102893,32,M,Married,0,0,Secondary,3.7,3.3,24.1,167.9,68.0,Daily,Never,2,194.81,4.27,6.6,1,82,24,0.0,synthetic_mining_v1__glencore_sa_mining
102894,44,M,Married,2,1,Secondary,6.7,11.7,26.1,159.2,66.0,Former,Occasionally,2,180.93,6.75,29.8,11,28,24,2.0,synthetic_mining_v1__glencore_sa_mining
102895,23,M,Married,0,0,Primary,5.5,8.4,31.5,174.4,95.8,Daily,Regularly,4,163.57,7.55,2.2,5,230,31,0.0,synthetic_mining_v1__glencore_sa_mining
102896,61,F,Single,4,1,Tertiary,5.4,23.0,37.1,159.8,94.6,Former,Occasionally,3,178.87,8.25,13.0,5,72,11,0.0,synthetic_mining_v1__glencore_sa_mining
102897,19,M,Married,0,0,Diploma,8.6,7.9,32.1,164.8,87.2,Daily,Occasionally,2,239.1,5.83,5.2,2,67,17,1.0,synthetic_mining_v1__glencore_sa_mining
102898,51,F,Married,1,1,Secondary,7.8,2.3,23.5,160.9,60.9,Former,Never,3,214.22,6.7,50.7,8,97,18,3.0,synthetic_mining_v1__glencore_sa_mining
102899,52,M,Divorced,0,0,Diploma,8.3,10.2,35.5,155.2,85.5,Never,Regularly,3,255.36,5.82,23.5,8,190,20,0.0,synthetic_mining_v1__glencore_sa_mining
102900,46,M,Married,3,1,Primary,7.6,10.6,27.0,164.5,73.1,Never,Occasionally,4,206.89,5.84,31.6,11,106,28,4.0,synthetic_mining_v1__glencore_sa_mining
102901,36,M,Single,1,1,Primary,1.5,17.4,29.4,159.0,74.2,Daily,Never,2,172.25,5.98,7.1,9,64,7,0.0,synthetic_mining_v1__glencore_sa_mining
102902,41,F,Single,2,1,Secondary,10.4,3.3,27.8,164.5,75.2,Daily,Occasionally,1,249.85,6.96,3.3,12,95,21,0.0,synthetic_mining_v1__glencore_sa_mining
102903,30,M,Divorced,2,1,Primary,1.8,15.1,21.2,176.4,66.1,Daily,Never,2,243.41,6.02,7.9,5,98,22,1.0,synthetic_mining_v1__glencore_sa_mining
102904,45,F,Divorced,4,1,Secondary,5.8,1.7,21.0,165.0,57.0,Former,Occasionally,0,195.6,6.49,0.2,5,36,12,1.0,synthetic_mining_v1__glencore_sa_mining
102905,28,F,Married,2,1,Primary,7.2,4.8,21.6,173.5,64.9,Former,Occasionally,2,157.5,7.0,24.6,6,103,24,1.0,synthetic_mining_v1__glencore_sa_mining
102906,36,M,Married,2,2,Diploma,1.4,4.6,21.9,170.1,63.4,Former,Heavy,1,156.57,7.33,19.4,8,90,16,0.0,synthetic_mining_v1__glencore_sa_mining
102907,47,M,Married,0,0,Primary,3.0,19.4,35.5,170.5,103.1,Never,Never,0,212.94,6.24,23.1,6,43,24,4.0,synthetic_mining_v1__glencore_sa_mining
102908,28,M,Married,1,1,Secondary,7.8,13.3,30.3,168.1,85.6,Never,Never,1,174.64,6.2,40.4,9,66,19,2.0,synthetic_mining_v1__glencore_sa_mining
102909,35,M,Single,2,0,Secondary,12.6,18.2,28.6,179.3,91.9,Former,Never,3,220.74,6.84,41.7,7,125,26,2.0,synthetic_mining_v1__glencore_sa_mining
102910,39,M,Married,0,0,Secondary,4.0,10.8,28.8,172.8,85.9,Former,Occasionally,3,219.99,6.13,12.4,5,19,17,3.0,synthetic_mining_v1__glencore_sa_mining
102911,26,M,Widowed,3,2,Secondary,0.2,14.6,21.1,168.5,59.8,Never,Regularly,5,167.39,8.48,15.8,13,65,24,1.0,synthetic_mining_v1__glencore_sa_mining
102912,48,M,Married,2,1,Secondary,0.9,13.1,17.6,177.8,55.6,Daily,Never,0,232.11,6.4,15.3,7,174,28,8.0,synthetic_mining_v1__glencore_sa_mining
102913,41,F,Single,1,1,Secondary,22.6,11.9,24.0,151.5,55.2,Daily,Occasionally,2,283.25,8.82,13.2,10,65,18,15.0,synthetic_mining_v1__glencore_sa_mining
102914,24,M,Single,0,0,Tertiary,13.0,1.4,32.8,166.1,90.6,Occasional,Never,3,178.76,5.31,4.8,3,166,19,0.0,synthetic_mining_v1__glencore_sa_mining
102915,38,M,Single,3,1,Secondary,0.7,20.3,19.6,167.6,55.0,Never,Occasionally,0,175.86,6.67,32.5,6,136,26,10.0,synthetic_mining_v1__glencore_sa_mining
102916,31,M,Married,2,1,Diploma,2.3,15.5,27.3,160.5,70.4,Occasional,Never,1,119.16,5.77,5.0,9,31,16,3.0,synthetic_mining_v1__glencore_sa_mining
102917,32,M,Married,1,0,Primary,13.3,20.7,20.1,179.5,64.9,Never,Occasionally,4,97.16,6.58,13.7,5,140,23,0.0,synthetic_mining_v1__glencore_sa_mining
102918,39,F,Married,1,1,Secondary,1.6,1.9,28.5,159.0,72.1,Never,Occasionally,2,175.48,5.69,0.8,5,63,22,1.0,synthetic_mining_v1__glencore_sa_mining
102919,32,M,Single,2,0,Primary,5.4,7.2,31.0,162.4,81.6,Former,Never,0,331.45,6.38,16.2,6,81,24,15.0,synthetic_mining_v1__glencore_sa_mining
102920,47,M,Married,2,0,Diploma,15.4,2.5,25.7,174.4,78.0,Occasional,Heavy,4,167.95,6.68,7.9,16,17,16,5.0,synthetic_mining_v1__glencore_sa_mining
102921,32,M,Married,0,0,Tertiary,16.1,6.3,33.4,172.3,99.1,Never,Occasionally,1,206.84,7.0,18.7,2,245,24,2.0,synthetic_mining_v1__glencore_sa_mining
102922,47,M,Divorced,3,3,Diploma,10.2,52.4,32.6,164.7,88.4,Former,Occasionally,3,229.45,6.9,26.7,6,76,22,26.0,synthetic_mining_v1__glencore_sa_mining
102923,38,M,Married,0,0,Secondary,4.3,45.3,28.6,167.9,80.7,Never,Heavy,0,207.12,5.56,1.6,5,182,19,17.0,synthetic_mining_v1__glencore_sa_mining
102924,46,F,Married,2,0,Tertiary,7.3,29.3,26.2,159.0,66.4,Never,Occasionally,0,119.64,5.94,11.6,7,95,15,0.0,synthetic_mining_v1__glencore_sa_mining
102925,33,F,Widowed,4,0,Secondary,2.9,8.3,26.7,159.3,67.9,Occasional,Occasionally,1,195.25,8.01,17.8,3,47,21,2.0,synthetic_mining_v1__glencore_sa_mining
102926,33,F,Married,1,1,Primary,2.8,11.6,25.7,165.5,70.4,Former,Occasionally,1,111.48,8.11,14.9,10,95,31,2.0,synthetic_mining_v1__glencore_sa_mining
102927,28,M,Married,2,0,Diploma,0.7,7.4,27.8,159.7,70.8,Never,Never,0,238.23,5.77,22.9,11,153,19,2.0,synthetic_mining_v1__glencore_sa_mining
102928,43,M,Married,1,0,Tertiary,8.2,28.6,30.5,179.2,98.0,Occasional,Occasionally,2,202.05,6.87,52.5,5,76,22,0.0,synthetic_mining_v1__glencore_sa_mining
102929,46,M,Single,0,0,Tertiary,10.0,14.8,28.4,166.1,78.3,Former,Occasionally,3,206.74,7.63,6.6,4,52,21,0.0,synthetic_mining_v1__glencore_sa_mining
102930,57,F,Married,2,1,Secondary,7.8,13.6,23.9,156.4,58.4,Never,Heavy,2,161.72,5.38,9.1,6,56,20,7.0,synthetic_mining_v1__glencore_sa_mining
102931,50,M,Single,1,1,Secondary,5.2,28.7,21.1,169.5,60.7,Daily,Regularly,3,278.37,7.64,25.2,10,108,37,54.0,synthetic_mining_v1__glencore_sa_mining
102932,40,M,Single,1,1,Secondary,2.0,6.0,28.5,170.6,82.8,Never,Never,0,217.03,4.78,4.9,7,22,23,2.0,synthetic_mining_v1__glencore_sa_mining
102933,36,M,Single,1,1,Secondary,4.7,32.1,27.5,170.1,79.6,Never,Occasionally,2,229.4,4.89,35.9,6,333,25,21.0,synthetic_mining_v1__glencore_sa_mining
102934,41,M,Married,2,0,Primary,10.8,27.8,25.5,166.4,70.5,Never,Occasionally,2,206.91,6.09,24.1,8,80,24,1.0,synthetic_mining_v1__glencore_sa_mining
102935,38,F,Married,3,2,Primary,1.1,9.4,27.7,157.0,68.3,Occasional,Never,3,237.43,7.29,24.1,6,96,20,9.0,synthetic_mining_v1__glencore_sa_mining
102936,51,M,Married,0,0,Secondary,12.5,2.1,30.6,171.0,89.5,Daily,Never,2,283.33,5.72,53.8,6,59,23,37.0,synthetic_mining_v1__glencore_sa_mining
102937,46,M,Married,4,0,Secondary,4.7,14.8,24.9,165.7,68.4,Never,Occasionally,2,241.21,7.83,16.5,7,223,21,5.0,synthetic_mining_v1__glencore_sa_mining
102938,30,M,Single,2,1,Secondary,4.4,3.2,27.9,164.9,75.9,Daily,Regularly,0,188.0,4.73,63.3,11,110,29,28.0,synthetic_mining_v1__glencore_sa_mining
102939,32,M,Single,4,0,Secondary,10.7,28.8,27.6,169.5,79.4,Daily,Occasionally,3,182.81,7.1,16.7,9,227,24,4.0,synthetic_mining_v1__glencore_sa_mining
102940,50,M,Single,2,1,Secondary,1.9,22.0,28.3,184.0,95.9,Never,Regularly,1,265.68,4.88,23.0,6,29,22,11.0,synthetic_mining_v1__glencore_sa_mining
102941,41,M,Divorced,4,1,Primary,8.9,7.7,21.3,163.8,57.2,Daily,Never,4,213.67,7.05,3.6,12,48,7,1.0,synthetic_mining_v1__glencore_sa_mining
102942,36,M,Single,2,0,Secondary,12.2,1.0,27.1,171.4,79.7,Former,Occasionally,1,231.56,4.77,1.3,8,141,17,3.0,synthetic_mining_v1__glencore_sa_mining
102943,49,M,Married,1,1,Secondary,2.5,6.1,32.0,168.7,91.1,Former,Occasionally,4,128.56,5.93,13.3,5,178,22,2.0,synthetic_mining_v1__glencore_sa_mining
102944,35,M,Married,1,0,Diploma,8.1,13.3,26.8,173.0,80.3,Occasional,Heavy,1,245.57,7.41,11.8,5,237,24,37.0,synthetic_mining_v1__glencore_sa_mining
102945,35,M,Single,2,2,Secondary,4.7,33.2,28.7,158.1,71.7,Daily,Occasionally,4,151.01,6.73,6.7,11,261,11,0.0,synthetic_mining_v1__glencore_sa_mining
102946,34,M,Married,0,0,Secondary,2.7,12.3,26.7,158.1,66.8,Occasional,Regularly,3,258.73,8.0,33.2,6,139,29,6.0,synthetic_mining_v1__glencore_sa_mining
102947,20,M,Married,1,1,Secondary,13.0,8.8,30.8,169.1,88.1,Never,Regularly,1,251.76,7.09,41.3,3,118,23,0.0,synthetic_mining_v1__glencore_sa_mining
102948,46,M,Married,2,1,Secondary,2.9,11.0,26.7,186.5,92.8,Daily,Occasionally,0,153.79,6.44,4.6,6,269,18,3.0,synthetic_mining_v1__glencore_sa_mining
102949,27,M,Married,3,1,Secondary,6.1,11.0,23.7,162.9,62.8,Never,Never,1,265.76,8.04,8.7,4,113,20,2.0,synthetic_mining_v1__glencore_sa_mining
102950,33,M,Married,3,1,Secondary,8.5,15.2,27.5,165.8,75.5,Occasional,Regularly,3,214.85,7.25,0.2,7,165,15,3.0,synthetic_mining_v1__glencore_sa_mining
102951,31,M,Married,2,0,Secondary,1.0,11.9,25.8,167.2,72.1,Former,Never,6,160.29,5.04,27.1,7,365,33,1.0,synthetic_mining_v1__glencore_sa_mining
102952,45,F,Single,2,2,Diploma,8.7,9.1,25.9,160.7,66.9,Never,Never,2,183.56,8.12,15.7,2,189,27,4.0,synthetic_mining_v1__glencore_sa_mining
102953,37,M,Divorced,3,0,Secondary,9.6,10.5,23.7,165.9,65.2,Former,Occasionally,4,146.78,6.88,30.5,10,28,29,0.0,synthetic_mining_v1__glencore_sa_mining
102954,38,M,Married,2,0,Secondary,15.9,45.5,30.1,175.8,92.9,Never,Never,1,314.38,7.88,32.0,4,126,26,21.0,synthetic_mining_v1__glencore_sa_mining
102955,23,F,Married,1,1,Secondary,3.4,6.6,16.0,161.3,41.6,Occasional,Occasionally,2,173.99,5.97,25.2,4,107,20,0.0,synthetic_mining_v1__glencore_sa_mining
102956,37,M,Divorced,2,1,Secondary,17.6,6.0,25.4,168.5,72.1,Daily,Regularly,0,203.51,7.3,20.1,6,140,28,23.0,synthetic_mining_v1__glencore_sa_mining
102957,25,F,Married,5,1,Secondary,1.1,9.1,20.3,162.3,53.4,Never,Regularly,0,120.14,7.08,16.9,14,172,28,1.0,synthetic_mining_v1__glencore_sa_mining
102958,41,M,Married,2,2,Diploma,6.9,13.4,36.7,167.2,102.7,Never,Regularly,4,229.86,7.11,3.6,5,219,23,0.0,synthetic_mining_v1__glencore_sa_mining
102959,41,M,Single,0,0,Secondary,9.1,18.7,23.2,166.3,64.1,Occasional,Regularly,1,205.17,6.38,53.7,5,95,27,5.0,synthetic_mining_v1__glencore_sa_mining
102960,38,M,Married,2,1,Secondary,5.3,13.0,28.6,182.1,95.0,Never,Never,4,266.87,8.65,23.7,7,117,25,0.0,synthetic_mining_v1__glencore_sa_mining
102961,56,M,Married,1,0,Diploma,1.5,19.8,28.4,179.1,91.0,Daily,Regularly,3,168.47,7.5,11.4,11,133,27,0.0,synthetic_mining_v1__glencore_sa_mining
102962,43,M,Divorced,5,1,Diploma,5.7,31.7,33.6,174.4,102.3,Never,Never,1,224.07,4.66,4.7,8,67,17,0.0,synthetic_mining_v1__glencore_sa_mining
102963,43,M,Married,4,1,Diploma,6.3,7.7,37.3,170.8,108.8,Daily,Occasionally,1,269.87,6.6,4.4,4,159,21,120.0,synthetic_mining_v1__glencore_sa_mining
102964,39,M,Divorced,0,0,Secondary,2.4,12.4,29.4,159.9,75.1,Occasional,Never,1,178.47,6.54,8.2,8,208,17,1.0,synthetic_mining_v1__glencore_sa_mining
102965,36,F,Single,4,1,Secondary,4.8,2.9,25.5,169.1,73.0,Occasional,Occasionally,2,248.39,5.68,8.7,9,101,24,8.0,synthetic_mining_v1__glencore_sa_mining
102966,47,M,Single,2,1,Secondary,2.4,23.2,23.8,162.3,62.7,Former,Never,3,214.77,4.77,23.4,4,189,23,0.0,synthetic_mining_v1__glencore_sa_mining
102967,48,M,Single,2,0,Secondary,1.0,8.2,25.8,175.2,79.1,Former,Never,3,264.99,5.63,8.5,6,128,27,7.0,synthetic_mining_v1__glencore_sa_mining
102968,26,M,Married,1,1,Diploma,5.8,18.3,25.1,163.9,67.5,Daily,Regularly,2,173.73,5.93,2.8,8,51,20,2.0,synthetic_mining_v1__glencore_sa_mining
102969,47,M,Single,2,0,Secondary,6.8,34.9,30.3,162.5,80.0,Daily,Never,2,255.95,7.45,5.3,6,216,15,31.0,synthetic_mining_v1__glencore_sa_mining
102970,43,M,Single,0,0,Secondary,1.9,13.5,31.9,179.5,102.7,Former,Never,4,269.79,4.91,14.3,8,169,32,14.0,synthetic_mining_v1__glencore_sa_mining
102971,47,M,Married,0,0,Diploma,10.2,19.1,30.8,173.5,92.6,Former,Heavy,7,270.43,7.18,42.2,5,104,31,14.0,synthetic_mining_v1__glencore_sa_mining
102972,42,M,Married,1,0,Diploma,4.6,24.0,28.4,162.5,75.0,Occasional,Never,1,252.38,5.76,37.2,5,61,27,6.0,synthetic_mining_v1__glencore_sa_mining
102973,27,M,Married,0,0,Secondary,2.1,14.1,25.5,169.5,73.4,Daily,Occasionally,3,241.91,6.2,3.3,12,129,25,3.0,synthetic_mining_v1__glencore_sa_mining
102974,27,M,Divorced,1,1,Secondary,9.2,7.7,23.0,162.6,60.7,Occasional,Never,2,243.13,7.51,34.8,10,90,27,0.0,synthetic_mining_v1__glencore_sa_mining
102975,54,M,Single,1,1,Secondary,5.0,15.5,22.3,179.4,71.9,Former,Occasionally,2,137.96,6.44,13.1,8,71,14,0.0,synthetic_mining_v1__glencore_sa_mining
102976,40,M,Married,0,0,Secondary,7.6,26.6,24.6,170.7,71.7,Former,Occasionally,3,228.65,9.46,17.4,7,108,12,1.0,synthetic_mining_v1__glencore_sa_mining
102977,25,M,Divorced,2,1,Diploma,1.6,2.3,29.5,169.4,84.6,Occasional,Never,2,220.14,6.39,42.9,9,115,28,4.0,synthetic_mining_v1__glencore_sa_mining
102978,41,F,Married,3,0,Primary,22.3,16.8,25.8,161.0,66.9,Daily,Occasionally,2,213.32,6.25,15.9,2,32,21,6.0,synthetic_mining_v1__glencore_sa_mining
102979,35,M,Married,4,0,Secondary,3.8,21.1,27.9,185.7,96.2,Occasional,Regularly,2,205.34,5.98,22.4,9,65,28,16.0,synthetic_mining_v1__glencore_sa_mining
102980,21,F,Married,5,1,Secondary,4.4,11.0,32.6,151.9,75.3,Never,Never,1,280.78,6.99,12.6,6,89,25,13.0,synthetic_mining_v1__glencore_sa_mining
102981,19,M,Married,2,0,Secondary,8.7,9.7,28.1,160.3,72.3,Never,Occasionally,3,211.33,7.06,46.6,7,185,29,2.0,synthetic_mining_v1__glencore_sa_mining
102982,24,M,Married,0,0,Secondary,5.5,50.7,31.2,184.8,106.6,Occasional,Heavy,0,212.17,5.35,14.4,6,41,20,33.0,synthetic_mining_v1__glencore_sa_mining
102983,40,M,Married,0,0,Primary,4.5,29.7,35.6,177.0,111.6,Daily,Occasionally,3,231.52,6.01,6.3,8,195,32,17.0,synthetic_mining_v1__glencore_sa_mining
102984,38,M,Single,3,1,Secondary,10.7,18.0,22.3,171.6,65.6,Former,Occasionally,0,236.3,5.5,27.7,5,39,18,3.0,synthetic_mining_v1__glencore_sa_mining
102985,36,M,Married,0,0,Secondary,10.3,5.5,32.8,174.5,99.9,Never,Heavy,1,200.6,5.97,17.3,7,35,23,12.0,synthetic_mining_v1__glencore_sa_mining
102986,41,M,Divorced,0,0,Diploma,9.7,44.9,33.0,164.4,89.0,Former,Never,0,261.38,5.14,6.9,7,80,22,12.0,synthetic_mining_v1__glencore_sa_mining
102987,43,M,Married,0,0,Diploma,5.2,27.5,28.6,170.7,83.3,Former,Never,2,268.57,6.02,24.4,10,83,20,14.0,synthetic_mining_v1__glencore_sa_mining
102988,19,F,Married,1,1,Secondary,20.8,15.6,28.2,159.1,71.3,Daily,Never,2,190.43,7.33,21.4,5,17,22,0.0,synthetic_mining_v1__glencore_sa_mining
102989,35,M,Single,0,0,Secondary,6.2,19.8,21.2,170.9,61.9,Occasional,Never,4,219.32,6.07,19.0,5,316,32,1.0,synthetic_mining_v1__glencore_sa_mining
102990,31,F,Divorced,1,0,Diploma,6.4,23.3,32.0,156.3,78.2,Daily,Occasionally,2,168.8,5.26,19.1,9,292,18,9.0,synthetic_mining_v1__glencore_sa_mining
102991,27,M,Single,3,0,Secondary,6.3,28.8,29.9,181.3,98.5,Never,Occasionally,1,228.71,7.38,12.5,7,27,16,0.0,synthetic_mining_v1__glencore_sa_mining
102992,33,F,Married,2,1,Secondary,1.4,16.1,26.1,160.0,66.8,Never,Never,4,200.81,5.72,45.4,8,105,27,1.0,synthetic_mining_v1__glencore_sa_mining
102993,37,M,Single,3,1,Primary,24.9,13.2,32.3,177.2,101.5,Never,Regularly,3,290.18,6.24,30.8,7,127,30,13.0,synthetic_mining_v1__glencore_sa_mining
102994,36,F,Married,0,0,Secondary,13.1,10.2,29.6,159.3,75.1,Daily,Regularly,5,159.0,3.5,19.0,6,365,33,25.0,synthetic_mining_v1__glencore_sa_mining
102995,25,M,Married,0,0,Secondary,8.2,25.9,34.8,170.9,101.6,Daily,Never,3,200.21,6.5,9.3,8,78,26,7.0,synthetic_mining_v1__glencore_sa_mining
102996,34,M,Single,2,1,Diploma,1.7,32.5,26.4,170.5,76.7,Never,Occasionally,3,191.57,6.2,19.8,14,167,23,7.0,synthetic_mining_v1__glencore_sa_mining
102997,56,M,Married,1,1,Primary,8.6,15.4,30.4,170.7,88.5,Former,Never,2,240.24,5.91,8.9,8,19,19,0.0,synthetic_mining_v1__glencore_sa_mining
102998,29,M,Single,1,1,Diploma,17.0,9.7,37.5,182.8,125.2,Occasional,Regularly,0,177.76,4.35,9.7,8,86,30,16.0,synthetic_mining_v1__glencore_sa_mining
102999,23,M,Single,0,0,Primary,8.4,14.1,27.4,170.4,79.7,Former,Occasionally,0,312.33,6.95,54.1,5,112,18,22.0,synthetic_mining_v1__glencore_sa_mining
103000,40,M,Married,4,0,Secondary,10.6,7.9,30.5,171.7,89.9,Daily,Occasionally,3,275.16,7.21,22.2,10,53,29,0.0,synthetic_mining_v1__glencore_sa_mining
103001,43,M,Divorced,2,2,Secondary,13.5,16.9,34.7,172.8,103.7,Former,Never,4,322.98,4.23,22.8,6,51,26,0.0,synthetic_mining_v1__glencore_sa_mining
103002,42,F,Divorced,1,1,Secondary,13.2,13.8,23.3,149.1,51.9,Never,Occasionally,2,231.64,5.61,7.6,5,59,18,2.0,synthetic_mining_v1__glencore_sa_mining
103003,28,M,Married,1,0,Secondary,17.6,18.7,32.3,161.6,84.4,Occasional,Never,0,282.63,7.23,3.1,5,50,20,4.0,synthetic_mining_v1__glencore_sa_mining
103004,47,F,Single,1,1,Secondary,7.5,28.5,30.8,158.9,77.7,Daily,Occasionally,2,187.87,6.29,15.0,8,65,19,0.0,synthetic_mining_v1__glencore_sa_mining
103005,31,M,Single,2,1,Secondary,2.3,6.4,25.5,151.7,58.7,Daily,Occasionally,3,206.35,6.17,33.3,6,34,20,8.0,synthetic_mining_v1__glencore_sa_mining
103006,28,M,Married,2,1,Diploma,5.2,13.3,18.7,173.5,56.3,Daily,Occasionally,1,206.53,7.08,8.6,5,147,19,1.0,synthetic_mining_v1__glencore_sa_mining
103007,33,M,Single,2,1,Diploma,2.7,13.6,29.9,159.4,76.1,Former,Never,3,238.13,5.48,88.1,9,40,18,3.0,synthetic_mining_v1__glencore_sa_mining
103008,37,M,Married,0,0,Secondary,4.3,5.0,35.3,167.3,98.8,Never,Occasionally,3,223.34,6.22,71.3,5,127,24,6.0,synthetic_mining_v1__glencore_sa_mining
103009,44,M,Married,0,0,Secondary,11.4,6.5,25.0,161.4,65.1,Occasional,Regularly,3,193.05,5.62,5.6,7,24,16,2.0,synthetic_mining_v1__glencore_sa_mining
103010,44,M,Married,3,1,Primary,5.6,40.2,25.2,164.6,68.3,Daily,Occasionally,4,231.2,7.1,12.5,8,146,21,10.0,synthetic_mining_v1__glencore_sa_mining
103011,38,M,Single,0,0,Secondary,4.0,15.2,28.1,175.8,87.0,Never,Occasionally,1,277.47,5.03,25.5,6,150,30,10.0,synthetic_mining_v1__glencore_sa_mining
103012,46,M,Divorced,1,1,Secondary,4.1,13.6,30.4,163.0,80.8,Never,Never,1,125.66,5.55,7.9,9,111,19,1.0,synthetic_mining_v1__glencore_sa_mining
103013,39,M,Married,1,1,Primary,1.9,2.1,31.0,168.1,87.6,Never,Never,6,231.94,6.51,39.5,6,221,22,1.0,synthetic_mining_v1__glencore_sa_mining
103014,46,M,Single,1,1,Diploma,9.0,17.3,23.9,163.1,63.5,Daily,Occasionally,2,194.08,7.39,47.4,4,203,13,4.0,synthetic_mining_v1__glencore_sa_mining
103015,25,M,Widowed,0,0,Primary,6.2,17.2,26.1,175.0,79.9,Never,Heavy,0,240.33,7.21,10.6,4,133,14,2.0,synthetic_mining_v1__glencore_sa_mining
103016,24,M,Married,0,0,Secondary,4.8,21.7,28.5,179.9,92.3,Never,Occasionally,3,204.03,6.3,47.5,5,32,20,2.0,synthetic_mining_v1__glencore_sa_mining
103017,45,F,Married,3,0,Secondary,6.2,13.3,18.0,162.1,47.4,Never,Occasionally,2,219.94,6.62,19.5,6,56,12,0.0,synthetic_mining_v1__glencore_sa_mining
103018,25,M,Married,5,2,Tertiary,5.6,16.7,29.6,174.9,90.6,Never,Never,1,239.63,5.45,1.7,6,39,17,4.0,synthetic_mining_v1__glencore_sa_mining
103019,35,M,Married,2,0,Secondary,4.0,34.4,29.0,171.8,85.5,Never,Regularly,3,282.64,5.94,27.9,1,55,18,14.0,synthetic_mining_v1__glencore_sa_mining
103020,37,M,Married,0,0,Tertiary,7.6,12.2,27.4,175.0,84.1,Daily,Never,2,174.95,7.58,21.8,5,193,21,3.0,synthetic_mining_v1__glencore_sa_mining
103021,34,F,Divorced,2,1,Diploma,9.9,58.8,20.8,167.0,57.9,Never,Regularly,4,273.31,6.11,5.4,9,30,21,0.0,synthetic_mining_v1__glencore_sa_mining
103022,34,M,Widowed,2,0,Primary,1.6,13.0,26.7,169.0,76.3,Daily,Occasionally,2,210.99,6.25,10.4,8,21,12,0.0,synthetic_mining_v1__glencore_sa_mining
103023,51,F,Married,1,1,Secondary,15.8,12.4,25.1,168.4,71.1,Daily,Occasionally,2,259.88,6.38,7.6,5,156,14,49.0,synthetic_mining_v1__glencore_sa_mining
103024,19,M,Married,2,1,Secondary,8.9,9.7,16.0,165.6,43.9,Occasional,Regularly,6,190.64,6.48,23.8,9,57,15,0.0,synthetic_mining_v1__glencore_sa_mining
103025,46,M,Divorced,3,0,Secondary,10.9,24.0,32.0,164.4,86.6,Occasional,Occasionally,5,261.37,8.53,31.3,3,44,19,6.0,synthetic_mining_v1__glencore_sa_mining
103026,59,M,Single,1,1,Secondary,11.7,10.6,27.1,164.8,73.6,Former,Occasionally,3,251.47,6.09,48.3,10,240,34,37.0,synthetic_mining_v1__glencore_sa_mining
103027,38,M,Married,2,1,Secondary,7.9,4.5,34.5,185.0,118.0,Former,Regularly,3,162.5,5.49,9.3,6,67,21,5.0,synthetic_mining_v1__glencore_sa_mining
103028,38,M,Married,3,1,Primary,4.8,20.4,36.3,166.6,100.7,Former,Regularly,3,265.89,8.13,32.3,8,22,30,29.0,synthetic_mining_v1__glencore_sa_mining
103029,45,M,Married,1,1,Diploma,3.6,7.3,27.7,160.8,71.8,Daily,Never,1,211.59,6.47,19.9,8,158,23,0.0,synthetic_mining_v1__glencore_sa_mining
103030,54,M,Married,1,1,Secondary,12.1,20.6,26.3,175.0,80.4,Former,Never,3,179.6,4.37,15.9,7,28,26,9.0,synthetic_mining_v1__glencore_sa_mining
103031,27,F,Married,0,0,Secondary,5.7,34.1,32.8,155.0,78.8,Never,Occasionally,3,326.36,5.54,45.6,5,117,39,17.0,synthetic_mining_v1__glencore_sa_mining
103032,39,M,Divorced,4,0,Secondary,7.3,6.5,28.8,164.0,77.6,Occasional,Never,2,178.68,5.98,11.9,8,13,18,2.0,synthetic_mining_v1__glencore_sa_mining
103033,36,F,Married,2,1,Primary,12.0,11.9,24.8,166.1,68.6,Never,Never,1,249.07,4.54,27.3,9,106,29,12.0,synthetic_mining_v1__glencore_sa_mining
103034,43,M,Single,2,2,Diploma,21.5,3.2,38.2,165.0,103.9,Never,Regularly,0,247.29,4.74,24.9,8,57,21,40.0,synthetic_mining_v1__glencore_sa_mining
103035,39,M,Married,1,0,Secondary,2.2,3.9,24.1,166.9,67.0,Former,Regularly,5,216.5,6.64,14.4,7,5,14,1.0,synthetic_mining_v1__glencore_sa_mining
103036,44,F,Married,5,1,Diploma,1.7,34.0,24.9,159.6,63.5,Occasional,Never,0,219.51,6.08,8.9,2,35,13,6.0,synthetic_mining_v1__glencore_sa_mining
103037,34,M,Single,1,1,Primary,5.4,10.3,21.5,176.8,67.3,Occasional,Regularly,3,229.35,6.03,14.9,7,40,18,1.0,synthetic_mining_v1__glencore_sa_mining
103038,38,M,Single,3,0,Secondary,11.5,31.6,38.5,176.2,119.4,Former,Occasionally,2,248.0,6.88,28.8,8,160,31,11.0,synthetic_mining_v1__glencore_sa_mining
103039,32,M,Single,0,0,Tertiary,8.6,2.2,26.9,180.8,88.0,Occasional,Never,4,173.51,6.02,4.1,10,61,22,1.0,synthetic_mining_v1__glencore_sa_mining
103040,32,M,Single,2,2,Secondary,7.9,2.9,26.8,163.9,72.0,Never,Never,3,246.79,5.28,49.7,6,118,21,1.0,synthetic_mining_v1__glencore_sa_mining
103041,37,M,Single,4,4,Secondary,6.8,11.8,21.6,172.9,64.6,Never,Heavy,1,170.63,6.13,30.8,8,99,27,3.0,synthetic_mining_v1__glencore_sa_mining
103042,37,F,Single,2,0,Primary,20.9,5.7,18.5,158.7,46.7,Daily,Regularly,3,247.83,7.77,22.2,10,193,25,4.0,synthetic_mining_v1__glencore_sa_mining
103043,27,M,Single,2,1,Diploma,3.5,15.9,37.4,178.6,119.1,Occasional,Regularly,1,191.23,6.97,3.4,11,245,23,19.0,synthetic_mining_v1__glencore_sa_mining
103044,52,F,Single,2,1,Diploma,12.2,0.6,31.0,153.7,73.3,Never,Never,4,110.62,5.57,4.6,7,145,24,0.0,synthetic_mining_v1__glencore_sa_mining
103045,37,M,Married,0,0,Diploma,2.6,12.7,27.8,177.8,87.9,Former,Regularly,1,192.21,8.07,17.5,7,140,16,0.0,synthetic_mining_v1__glencore_sa_mining
103046,26,M,Married,4,1,Secondary,4.3,10.8,30.8,156.8,75.8,Never,Regularly,1,248.81,5.09,27.5,1,185,31,5.0,synthetic_mining_v1__glencore_sa_mining
103047,48,M,Married,1,1,Secondary,7.4,0.5,27.1,165.3,74.0,Occasional,Never,2,203.91,6.06,5.7,5,13,18,2.0,synthetic_mining_v1__glencore_sa_mining
103048,31,M,Divorced,2,2,Tertiary,6.9,22.1,27.6,167.2,77.0,Former,Regularly,2,207.73,8.49,22.6,9,191,21,2.0,synthetic_mining_v1__glencore_sa_mining
103049,43,M,Single,2,2,Secondary,6.5,28.9,26.0,179.8,84.0,Never,Regularly,0,210.63,7.41,37.6,3,133,14,0.0,synthetic_mining_v1__glencore_sa_mining
103050,38,M,Divorced,1,1,Tertiary,0.9,22.0,30.8,158.9,77.8,Daily,Occasionally,3,244.82,5.43,22.0,7,192,37,0.0,synthetic_mining_v1__glencore_sa_mining
103051,40,M,Single,2,0,Primary,1.1,21.0,23.8,161.2,61.9,Never,Occasionally,5,188.7,6.73,14.8,9,124,20,0.0,synthetic_mining_v1__glencore_sa_mining
103052,40,M,Married,0,0,Diploma,7.1,3.2,38.7,162.5,102.2,Daily,Regularly,0,278.22,7.87,46.0,7,93,30,0.0,synthetic_mining_v1__glencore_sa_mining
103053,33,M,Single,3,1,Secondary,8.7,15.2,26.2,175.5,80.6,Former,Regularly,3,256.09,4.94,38.8,6,47,30,15.0,synthetic_mining_v1__glencore_sa_mining
103054,38,M,Married,0,0,Tertiary,1.8,26.7,26.6,183.4,89.5,Occasional,Regularly,4,167.72,8.42,4.1,9,140,19,0.0,synthetic_mining_v1__glencore_sa_mining
103055,56,M,Married,0,0,Primary,4.4,22.6,24.9,164.0,67.0,Former,Regularly,2,273.17,6.37,26.7,9,32,24,8.0,synthetic_mining_v1__glencore_sa_mining
103056,19,F,Married,3,0,Secondary,8.7,1.7,30.7,160.9,79.4,Never,Never,1,218.92,5.78,59.9,6,365,21,2.0,synthetic_mining_v1__glencore_sa_mining
103057,39,M,Single,1,1,Tertiary,3.6,3.2,27.7,179.3,88.9,Never,Regularly,3,184.94,7.02,37.6,9,14,29,0.0,synthetic_mining_v1__glencore_sa_mining
103058,42,M,Single,2,0,Primary,8.5,21.0,29.0,164.1,78.1,Never,Never,3,167.6,5.09,21.4,6,31,21,2.0,synthetic_mining_v1__glencore_sa_mining
103059,29,M,Married,1,1,Tertiary,1.5,8.1,35.7,165.4,97.6,Former,Regularly,2,226.18,7.2,14.0,5,82,18,3.0,synthetic_mining_v1__glencore_sa_mining
103060,26,M,Married,1,1,Secondary,10.5,17.8,32.5,179.2,104.2,Never,Regularly,1,197.03,6.77,3.3,9,145,10,0.0,synthetic_mining_v1__glencore_sa_mining
103061,57,M,Married,0,0,Secondary,10.5,21.7,23.4,178.4,74.5,Occasional,Regularly,0,150.2,6.84,8.7,12,42,17,2.0,synthetic_mining_v1__glencore_sa_mining
103062,35,F,Married,1,0,Diploma,3.3,11.2,31.4,157.2,77.6,Daily,Occasionally,4,248.62,6.33,27.6,8,264,22,8.0,synthetic_mining_v1__glencore_sa_mining
103063,57,M,Married,5,0,Secondary,4.6,28.6,26.1,183.6,88.1,Daily,Heavy,2,249.99,7.27,71.3,8,23,18,120.0,synthetic_mining_v1__glencore_sa_mining
103064,43,F,Divorced,0,0,Primary,8.8,11.3,27.2,159.3,69.0,Daily,Occasionally,1,356.04,5.25,36.8,5,124,30,0.0,synthetic_mining_v1__glencore_sa_mining
103065,39,M,Single,2,0,Diploma,8.9,16.3,26.0,174.0,78.9,Former,Occasionally,5,183.0,5.78,2.7,3,19,13,0.0,synthetic_mining_v1__glencore_sa_mining
103066,42,M,Married,2,1,Diploma,7.8,8.8,31.2,169.8,90.1,Former,Regularly,0,174.73,5.67,9.8,6,194,21,12.0,synthetic_mining_v1__glencore_sa_mining
103067,44,F,Divorced,0,0,Diploma,1.4,16.3,23.5,158.8,59.3,Never,Occasionally,0,238.46,6.29,20.9,3,60,18,2.0,synthetic_mining_v1__glencore_sa_mining
103068,49,M,Single,1,1,Secondary,21.5,1.5,36.2,175.6,111.5,Never,Occasionally,3,215.22,7.37,59.9,7,129,22,22.0,synthetic_mining_v1__glencore_sa_mining
103069,42,F,Married,2,2,Secondary,3.4,3.7,28.3,156.6,69.4,Never,Never,4,204.21,6.33,27.8,4,88,22,2.0,synthetic_mining_v1__glencore_sa_mining
103070,39,M,Married,2,0,Tertiary,9.8,25.1,32.0,156.2,78.1,Daily,Occasionally,3,219.83,6.37,12.5,5,56,17,14.0,synthetic_mining_v1__glencore_sa_mining
103071,40,F,Single,2,2,Diploma,5.3,6.4,26.5,160.3,68.1,Never,Occasionally,2,191.64,6.21,16.1,5,335,26,2.0,synthetic_mining_v1__glencore_sa_mining
103072,50,M,Married,1,1,Secondary,9.4,4.2,20.7,167.9,58.4,Daily,Occasionally,3,210.32,8.08,21.1,6,51,20,2.0,synthetic_mining_v1__glencore_sa_mining
103073,45,M,Married,0,0,Secondary,8.0,4.2,17.8,157.8,44.4,Daily,Never,2,222.15,6.22,19.8,5,197,23,2.0,synthetic_mining_v1__glencore_sa_mining
103074,29,M,Widowed,2,1,Diploma,5.0,17.9,29.7,150.9,67.6,Former,Occasionally,3,229.15,4.55,27.3,4,132,22,3.0,synthetic_mining_v1__glencore_sa_mining
103075,32,M,Divorced,3,0,Secondary,2.6,7.8,28.6,174.7,87.3,Never,Occasionally,1,206.37,7.44,10.5,8,83,12,3.0,synthetic_mining_v1__glencore_sa_mining
103076,41,F,Divorced,3,1,Secondary,7.9,29.5,22.4,154.9,53.7,Never,Occasionally,3,206.22,6.48,51.3,6,158,22,5.0,synthetic_mining_v1__glencore_sa_mining
103077,32,M,Married,0,0,Secondary,9.2,19.3,30.2,165.5,82.7,Never,Heavy,0,171.81,8.72,27.3,6,34,21,0.0,synthetic_mining_v1__glencore_sa_mining
103078,35,F,Divorced,1,0,Secondary,12.1,14.4,25.0,156.1,60.8,Daily,Heavy,2,155.67,5.66,10.5,3,20,18,8.0,synthetic_mining_v1__glencore_sa_mining
103079,29,M,Married,1,1,Tertiary,2.0,57.1,24.7,160.2,63.3,Never,Heavy,4,215.16,6.57,34.0,4,39,18,2.0,synthetic_mining_v1__glencore_sa_mining
103080,36,M,Married,2,0,Secondary,7.3,15.3,31.7,165.7,86.9,Never,Never,5,171.84,7.69,27.0,8,25,17,1.0,synthetic_mining_v1__glencore_sa_mining
103081,42,M,Married,1,1,Secondary,2.3,17.8,26.3,176.3,81.7,Former,Occasionally,4,180.17,5.72,11.1,14,21,23,1.0,synthetic_mining_v1__glencore_sa_mining
103082,47,F,Married,1,1,Secondary,10.4,29.9,25.2,158.9,63.7,Daily,Never,0,208.37,7.02,11.8,5,213,23,0.0,synthetic_mining_v1__glencore_sa_mining
103083,38,M,Married,1,1,Secondary,2.4,18.2,27.8,168.1,78.5,Former,Never,1,217.71,6.83,48.1,6,71,23,5.0,synthetic_mining_v1__glencore_sa_mining
103084,57,M,Married,1,1,Secondary,13.1,16.2,19.0,162.5,50.1,Occasional,Regularly,0,158.24,6.99,21.2,20,105,25,17.0,synthetic_mining_v1__glencore_sa_mining
103085,37,M,Single,2,2,Primary,12.7,9.2,32.3,185.9,111.6,Former,Occasionally,1,185.73,6.23,30.4,10,53,26,7.0,synthetic_mining_v1__glencore_sa_mining
103086,62,M,Divorced,1,1,Secondary,18.4,22.0,26.0,164.7,70.6,Never,Regularly,0,212.74,6.35,9.9,5,79,17,6.0,synthetic_mining_v1__glencore_sa_mining
103087,47,F,Married,4,4,Secondary,2.7,13.3,26.6,165.6,72.9,Daily,Occasionally,0,210.92,8.53,46.2,4,197,25,29.0,synthetic_mining_v1__glencore_sa_mining
103088,42,F,Divorced,1,0,Primary,4.6,8.6,28.4,162.6,75.0,Never,Occasionally,3,250.47,7.99,44.4,5,43,17,1.0,synthetic_mining_v1__glencore_sa_mining
103089,34,M,Single,3,0,Diploma,4.6,10.2,24.9,167.6,69.8,Occasional,Regularly,3,258.79,5.13,9.2,7,90,22,6.0,synthetic_mining_v1__glencore_sa_mining
103090,19,M,Married,2,2,Secondary,9.8,22.9,26.7,173.7,80.7,Occasional,Regularly,3,254.65,6.48,18.6,7,8,14,3.0,synthetic_mining_v1__glencore_sa_mining
103091,37,M,Widowed,5,0,Secondary,5.2,8.6,28.3,195.0,107.5,Never,Never,3,229.3,6.81,26.2,5,29,23,1.0,synthetic_mining_v1__glencore_sa_mining
103092,40,M,Married,2,0,Secondary,13.0,6.3,34.9,173.3,104.9,Former,Regularly,3,145.96,4.91,14.9,5,365,14,0.0,synthetic_mining_v1__glencore_sa_mining
103093,55,M,Divorced,1,1,Secondary,7.8,2.9,29.1,181.7,96.0,Former,Occasionally,3,246.89,6.66,4.5,8,232,22,5.0,synthetic_mining_v1__glencore_sa_mining
103094,26,F,Divorced,4,0,Secondary,7.0,28.1,26.3,158.6,66.2,Never,Occasionally,3,233.57,6.54,10.5,7,52,16,0.0,synthetic_mining_v1__glencore_sa_mining
103095,55,F,Married,2,1,Secondary,20.7,17.0,30.9,149.7,69.3,Never,Occasionally,5,223.51,6.35,20.0,6,138,15,4.0,synthetic_mining_v1__glencore_sa_mining
103096,36,M,Single,0,0,Primary,2.9,13.3,28.9,160.1,74.2,Daily,Occasionally,0,245.33,7.23,31.2,7,100,23,18.0,synthetic_mining_v1__glencore_sa_mining
103097,45,M,Married,1,1,Primary,9.0,17.2,23.4,151.3,53.7,Never,Regularly,3,204.77,7.84,28.3,9,132,21,6.0,synthetic_mining_v1__glencore_sa_mining
103098,19,F,Married,1,0,Diploma,5.1,13.3,29.8,152.7,69.5,Never,Regularly,1,138.38,4.74,28.6,9,36,16,4.0,synthetic_mining_v1__glencore_sa_mining
103099,39,M,Married,1,0,Secondary,3.9,3.3,30.6,173.2,91.9,Former,Regularly,3,221.09,5.65,9.3,9,29,13,2.0,synthetic_mining_v1__glencore_sa_mining
103100,35,M,Single,2,0,Secondary,2.3,12.7,30.4,173.7,91.6,Daily,Never,1,267.69,5.81,6.3,8,30,23,13.0,synthetic_mining_v1__glencore_sa_mining
103101,44,F,Married,2,0,Diploma,7.5,27.5,27.8,156.3,68.1,Daily,Regularly,3,210.42,5.09,9.1,5,197,16,7.0,synthetic_mining_v1__glencore_sa_mining
103102,39,M,Married,4,1,Secondary,3.9,2.1,16.4,162.8,43.5,Daily,Never,2,249.77,7.44,6.6,9,41,16,0.0,synthetic_mining_v1__glencore_sa_mining
103103,28,M,Married,0,0,Diploma,3.3,11.6,24.6,156.9,60.5,Never,Regularly,2,263.42,8.28,6.0,8,193,28,2.0,synthetic_mining_v1__glencore_sa_mining
103104,47,M,Married,1,0,Secondary,2.7,6.4,20.8,168.1,58.7,Never,Heavy,2,164.5,7.69,25.3,6,39,9,0.0,synthetic_mining_v1__glencore_sa_mining
103105,44,M,Married,3,1,Secondary,6.1,12.2,18.7,175.5,57.7,Daily,Regularly,3,222.1,6.06,42.9,7,50,25,7.0,synthetic_mining_v1__glencore_sa_mining
103106,43,M,Married,3,1,Tertiary,3.4,39.8,31.4,174.3,95.3,Occasional,Never,3,229.28,5.31,43.6,11,100,31,0.0,synthetic_mining_v1__glencore_sa_mining
103107,47,M,Married,3,1,Secondary,7.2,28.4,27.0,166.6,75.0,Occasional,Never,0,154.64,4.43,13.0,6,224,29,25.0,synthetic_mining_v1__glencore_sa_mining
103108,48,M,Divorced,0,0,Secondary,0.5,28.2,34.9,157.5,86.5,Never,Occasionally,1,167.51,6.55,41.1,5,161,26,4.0,synthetic_mining_v1__glencore_sa_mining
103109,38,M,Single,0,0,Secondary,8.6,15.2,26.5,177.6,83.5,Former,Never,3,210.95,6.23,2.0,5,104,19,0.0,synthetic_mining_v1__glencore_sa_mining
103110,26,M,Married,3,1,Diploma,5.0,11.3,29.0,164.6,78.6,Occasional,Occasionally,0,198.57,5.84,18.3,7,34,19,15.0,synthetic_mining_v1__glencore_sa_mining
103111,26,M,Married,0,0,Primary,9.2,12.6,27.2,166.8,75.8,Never,Regularly,7,230.9,5.97,28.8,5,97,20,1.0,synthetic_mining_v1__glencore_sa_mining
103112,50,M,Single,3,1,Primary,5.1,2.3,22.7,167.0,63.2,Daily,Occasionally,2,222.85,8.12,14.4,3,50,12,0.0,synthetic_mining_v1__glencore_sa_mining
103113,44,F,Single,2,1,Secondary,2.8,4.4,27.6,161.6,72.2,Daily,Heavy,0,200.25,6.03,6.2,9,221,17,24.0,synthetic_mining_v1__glencore_sa_mining
103114,39,F,Single,2,0,Secondary,8.0,31.6,20.6,166.5,57.0,Never,Occasionally,0,298.14,7.77,3.5,5,98,21,5.0,synthetic_mining_v1__glencore_sa_mining
103115,34,M,Married,1,0,Secondary,8.3,3.4,33.7,177.6,106.3,Occasional,Heavy,3,244.15,5.7,16.5,7,152,27,0.0,synthetic_mining_v1__glencore_sa_mining
103116,38,M,Married,2,0,Tertiary,6.9,4.1,21.7,184.0,73.5,Never,Occasionally,1,218.13,6.38,1.5,9,365,17,0.0,synthetic_mining_v1__glencore_sa_mining
103117,38,M,Married,0,0,Tertiary,4.6,14.9,29.6,179.1,94.8,Former,Regularly,1,304.26,8.9,9.5,7,16,27,11.0,synthetic_mining_v1__glencore_sa_mining
103118,35,F,Married,3,1,Secondary,12.2,7.1,31.0,160.5,80.0,Former,Occasionally,4,224.76,7.63,71.2,4,33,25,2.0,synthetic_mining_v1__glencore_sa_mining
103119,32,M,Single,5,0,Secondary,3.8,11.7,25.5,165.0,69.4,Daily,Never,3,196.05,5.89,5.3,6,171,16,5.0,synthetic_mining_v1__glencore_sa_mining
103120,57,M,Married,1,0,Secondary,6.7,13.1,23.3,159.7,59.4,Daily,Never,2,171.82,6.34,4.4,12,17,13,0.0,synthetic_mining_v1__glencore_sa_mining
103121,40,M,Single,0,0,Diploma,6.7,9.2,29.6,171.4,87.0,Daily,Occasionally,2,199.33,4.74,5.3,6,143,19,27.0,synthetic_mining_v1__glencore_sa_mining
103122,33,M,Married,0,0,Secondary,5.1,15.1,23.4,163.8,62.7,Daily,Occasionally,3,218.13,3.5,28.9,8,98,24,0.0,synthetic_mining_v1__glencore_sa_mining
103123,26,M,Divorced,2,1,Tertiary,4.0,12.1,19.6,151.9,45.3,Daily,Never,4,255.24,7.11,15.6,7,172,22,2.0,synthetic_mining_v1__glencore_sa_mining
103124,31,M,Married,1,1,Secondary,11.3,9.1,29.1,164.1,78.3,Daily,Never,2,201.87,5.83,26.4,6,70,22,9.0,synthetic_mining_v1__glencore_sa_mining
103125,44,F,Married,4,1,Tertiary,4.1,17.2,21.5,163.1,57.1,Occasional,Never,2,280.23,6.06,26.2,10,96,26,6.0,synthetic_mining_v1__glencore_sa_mining
103126,45,M,Married,1,1,Diploma,7.2,9.2,29.5,170.6,86.0,Never,Never,3,174.1,7.42,0.4,2,63,14,0.0,synthetic_mining_v1__glencore_sa_mining
103127,36,M,Single,1,0,Secondary,10.2,19.9,32.9,178.2,104.5,Former,Occasionally,0,263.56,8.39,13.6,7,56,16,2.0,synthetic_mining_v1__glencore_sa_mining
103128,38,F,Married,2,0,Primary,6.9,19.0,32.1,157.0,79.1,Daily,Occasionally,4,169.66,5.42,13.0,8,20,20,11.0,synthetic_mining_v1__glencore_sa_mining
103129,35,M,Married,4,2,Secondary,8.1,11.2,29.8,165.6,81.9,Former,Occasionally,0,192.69,9.02,8.8,8,19,17,1.0,synthetic_mining_v1__glencore_sa_mining
103130,28,M,Married,0,0,Primary,6.1,11.0,26.3,169.3,75.4,Never,Regularly,3,253.21,6.64,11.4,8,43,18,1.0,synthetic_mining_v1__glencore_sa_mining
103131,50,M,Single,1,1,Primary,4.4,17.8,27.4,165.9,75.5,Never,Occasionally,1,169.93,7.44,8.0,3,105,20,2.0,synthetic_mining_v1__glencore_sa_mining
103132,41,M,Single,3,2,Diploma,14.5,15.6,31.0,167.2,86.7,Occasional,Regularly,4,179.0,4.88,15.0,6,93,22,8.0,synthetic_mining_v1__glencore_sa_mining
103133,60,M,Divorced,4,0,Secondary,2.8,48.8,30.3,162.6,80.2,Never,Occasionally,3,235.51,5.52,13.0,6,114,19,11.0,synthetic_mining_v1__glencore_sa_mining
103134,31,M,Married,1,0,Diploma,8.8,28.4,27.4,176.4,85.1,Never,Heavy,1,278.82,7.91,13.6,4,24,22,0.0,synthetic_mining_v1__glencore_sa_mining
103135,37,M,Widowed,1,1,Secondary,8.7,16.2,32.4,169.9,93.5,Never,Occasionally,1,180.62,6.97,5.2,8,182,21,1.0,synthetic_mining_v1__glencore_sa_mining
103136,46,M,Single,3,2,Secondary,3.4,10.8,22.2,168.4,62.9,Never,Occasionally,1,219.12,6.97,3.6,4,68,16,1.0,synthetic_mining_v1__glencore_sa_mining
103137,36,M,Married,0,0,Secondary,1.0,15.6,34.7,178.6,110.6,Never,Occasionally,0,218.33,4.68,39.9,6,176,30,15.0,synthetic_mining_v1__glencore_sa_mining
103138,26,M,Married,0,0,Primary,6.2,8.0,33.0,181.2,108.3,Daily,Never,1,253.21,7.8,39.2,5,99,30,38.0,synthetic_mining_v1__glencore_sa_mining
103139,29,F,Married,3,3,Primary,4.8,8.4,23.9,163.7,64.1,Daily,Regularly,3,232.98,6.29,13.7,8,50,20,4.0,synthetic_mining_v1__glencore_sa_mining
103140,39,F,Married,2,0,Primary,11.1,13.9,26.2,162.6,69.4,Occasional,Regularly,2,221.97,6.91,8.8,4,295,15,17.0,synthetic_mining_v1__glencore_sa_mining
103141,41,F,Single,2,1,Tertiary,7.5,13.6,29.0,151.0,66.1,Occasional,Occasionally,3,166.07,6.43,34.3,11,118,25,10.0,synthetic_mining_v1__glencore_sa_mining
103142,37,M,Divorced,2,1,Diploma,4.8,11.0,25.7,177.4,81.0,Daily,Never,3,195.95,4.11,12.8,6,43,20,0.0,synthetic_mining_v1__glencore_sa_mining
103143,47,F,Single,2,0,Diploma,1.7,15.5,32.7,150.2,73.8,Never,Never,0,198.87,4.77,20.5,7,219,22,14.0,synthetic_mining_v1__glencore_sa_mining
103144,47,M,Married,1,1,Secondary,2.7,7.1,20.9,178.0,66.1,Never,Occasionally,2,263.24,5.81,20.0,4,199,25,2.0,synthetic_mining_v1__glencore_sa_mining
103145,41,F,Married,0,0,Diploma,10.4,18.8,30.7,160.7,79.3,Former,Occasionally,0,277.11,5.57,21.1,6,68,18,13.0,synthetic_mining_v1__glencore_sa_mining
103146,38,M,Married,2,2,Secondary,5.0,22.2,26.9,169.6,77.4,Daily,Occasionally,0,234.28,7.19,17.8,5,75,16,15.0,synthetic_mining_v1__glencore_sa_mining
103147,36,F,Married,1,0,Secondary,17.7,7.3,26.0,158.3,65.1,Former,Regularly,1,253.07,6.93,3.5,10,45,16,5.0,synthetic_mining_v1__glencore_sa_mining
103148,43,F,Married,1,1,Secondary,14.1,21.4,27.9,152.0,64.4,Former,Occasionally,4,211.74,8.19,9.4,10,268,29,0.0,synthetic_mining_v1__glencore_sa_mining
103149,46,M,Married,1,1,Secondary,1.3,7.2,27.1,169.3,77.5,Daily,Heavy,4,227.61,6.19,9.9,2,18,9,3.0,synthetic_mining_v1__glencore_sa_mining
103150,39,M,Single,0,0,Secondary,4.7,13.9,36.5,161.2,95.0,Never,Regularly,4,194.35,6.08,58.9,13,116,26,25.0,synthetic_mining_v1__glencore_sa_mining
103151,42,F,Married,2,2,Diploma,3.5,3.2,18.6,153.7,44.0,Never,Never,2,222.1,7.5,7.9,9,211,25,2.0,synthetic_mining_v1__glencore_sa_mining
103152,35,M,Single,3,1,Diploma,4.1,11.6,27.3,170.7,79.7,Former,Occasionally,1,144.16,8.31,13.9,9,36,23,0.0,synthetic_mining_v1__glencore_sa_mining
103153,25,M,Single,1,1,Primary,6.7,19.8,22.1,172.5,65.7,Daily,Never,2,301.25,7.19,6.3,5,9,19,2.0,synthetic_mining_v1__glencore_sa_mining
103154,29,M,Single,3,1,Diploma,7.6,31.3,18.8,165.6,51.7,Daily,Occasionally,1,196.5,6.83,27.0,5,142,28,3.0,synthetic_mining_v1__glencore_sa_mining
103155,45,M,Single,5,2,Secondary,6.2,17.1,31.6,173.7,95.4,Daily,Occasionally,3,282.71,6.95,11.7,4,115,27,20.0,synthetic_mining_v1__glencore_sa_mining
103156,42,M,Single,2,0,Secondary,4.4,9.2,31.9,158.6,80.3,Daily,Never,2,135.28,6.62,40.0,10,140,25,13.0,synthetic_mining_v1__glencore_sa_mining
103157,52,M,Single,3,1,Diploma,12.8,2.0,28.2,154.4,67.3,Occasional,Never,3,154.94,8.98,39.0,7,10,20,6.0,synthetic_mining_v1__glencore_sa_mining
103158,39,M,Married,3,1,Secondary,11.9,20.1,25.3,187.6,89.2,Never,Never,4,116.59,6.35,3.3,11,84,31,1.0,synthetic_mining_v1__glencore_sa_mining
103159,46,F,Married,5,1,Secondary,1.1,10.6,20.5,170.4,59.6,Never,Regularly,1,158.95,4.79,3.7,7,203,18,2.0,synthetic_mining_v1__glencore_sa_mining
103160,50,F,Single,0,0,Secondary,0.4,8.9,32.4,153.2,76.1,Occasional,Regularly,3,228.46,6.67,72.6,4,34,23,40.0,synthetic_mining_v1__glencore_sa_mining
103161,47,F,Single,2,2,Secondary,4.2,28.8,22.2,156.0,54.1,Former,Heavy,5,304.65,4.62,6.9,5,210,26,41.0,synthetic_mining_v1__glencore_sa_mining
103162,33,M,Married,1,1,Primary,1.4,13.2,37.3,164.8,101.3,Daily,Occasionally,2,197.19,7.07,28.8,6,212,30,64.0,synthetic_mining_v1__glencore_sa_mining
103163,36,M,Married,1,0,Diploma,4.4,25.9,33.3,177.4,104.8,Daily,Never,2,182.04,6.03,13.0,9,54,24,22.0,synthetic_mining_v1__glencore_sa_mining
103164,39,M,Married,3,1,Secondary,1.8,10.7,30.9,163.4,82.4,Former,Never,2,201.13,6.38,19.2,9,5,24,2.0,synthetic_mining_v1__glencore_sa_mining
103165,29,F,Single,5,0,Primary,2.3,20.1,27.2,162.1,71.5,Never,Occasionally,3,226.21,6.46,1.5,7,79,25,5.0,synthetic_mining_v1__glencore_sa_mining
103166,42,M,Married,1,0,Tertiary,9.7,19.5,16.7,166.5,46.2,Never,Never,2,218.21,8.43,6.2,7,189,11,0.0,synthetic_mining_v1__glencore_sa_mining
103167,47,M,Single,1,0,Diploma,8.8,13.8,22.0,176.1,68.1,Daily,Occasionally,0,259.07,7.84,8.0,4,221,17,19.0,synthetic_mining_v1__glencore_sa_mining
103168,34,M,Married,1,1,Primary,10.3,7.6,23.0,169.8,66.2,Occasional,Never,0,225.84,8.25,21.4,4,47,21,2.0,synthetic_mining_v1__glencore_sa_mining
103169,56,M,Single,0,0,Primary,2.4,12.0,27.0,178.8,86.5,Occasional,Never,1,226.71,6.96,18.4,6,91,25,5.0,synthetic_mining_v1__glencore_sa_mining
103170,35,M,Married,0,0,Secondary,13.4,3.8,33.8,162.8,89.5,Never,Never,5,138.67,7.74,18.8,8,84,21,0.0,synthetic_mining_v1__glencore_sa_mining
103171,36,M,Married,2,0,Secondary,14.2,45.4,30.7,171.9,90.6,Occasional,Occasionally,2,177.62,6.19,1.1,11,202,12,3.0,synthetic_mining_v1__glencore_sa_mining
103172,36,M,Divorced,3,1,Diploma,15.1,1.5,36.1,178.4,114.9,Never,Never,3,205.22,6.99,3.0,7,100,16,4.0,synthetic_mining_v1__glencore_sa_mining
103173,32,M,Married,0,0,Diploma,5.4,6.1,27.1,169.0,77.5,Never,Occasionally,2,171.27,7.66,9.7,6,69,23,1.0,synthetic_mining_v1__glencore_sa_mining
103174,42,M,Married,1,1,Primary,1.3,34.8,20.3,165.4,55.5,Never,Regularly,1,231.2,6.18,32.2,6,139,18,0.0,synthetic_mining_v1__glencore_sa_mining
103175,38,M,Single,3,1,Diploma,4.7,17.6,28.0,175.0,85.7,Daily,Never,3,229.83,6.71,24.4,5,44,22,13.0,synthetic_mining_v1__glencore_sa_mining
103176,53,M,Single,5,3,Diploma,7.4,4.7,23.5,167.2,65.8,Never,Occasionally,2,197.59,6.36,42.5,6,23,30,4.0,synthetic_mining_v1__glencore_sa_mining
103177,43,M,Married,0,0,Secondary,5.9,8.7,23.3,175.5,71.8,Never,Never,0,193.0,6.09,4.9,8,10,15,0.0,synthetic_mining_v1__glencore_sa_mining
103178,43,M,Married,3,3,Secondary,7.6,37.6,26.9,165.1,73.2,Former,Never,1,223.53,7.4,23.5,8,112,25,5.0,synthetic_mining_v1__glencore_sa_mining
103179,36,M,Divorced,3,3,Secondary,6.8,7.9,34.9,171.5,102.6,Never,Never,1,215.48,5.48,40.7,5,78,25,8.0,synthetic_mining_v1__glencore_sa_mining
103180,25,M,Widowed,3,3,Primary,13.2,7.0,25.1,162.1,65.9,Never,Occasionally,5,213.66,5.51,19.4,6,155,20,1.0,synthetic_mining_v1__glencore_sa_mining
103181,37,M,Divorced,2,1,Diploma,3.4,12.0,32.4,172.2,96.0,Former,Occasionally,1,237.7,7.09,1.5,8,137,22,3.0,synthetic_mining_v1__glencore_sa_mining
103182,30,M,Married,3,1,Diploma,11.9,8.9,22.6,169.8,65.2,Daily,Never,0,218.89,6.85,16.6,12,44,16,13.0,synthetic_mining_v1__glencore_sa_mining
103183,47,F,Married,0,0,Primary,4.7,10.8,26.1,163.5,69.7,Never,Never,5,259.0,5.95,12.4,8,198,30,2.0,synthetic_mining_v1__glencore_sa_mining
103184,38,F,Married,2,1,Diploma,5.2,18.6,21.6,163.5,57.6,Never,Regularly,5,321.83,6.84,34.8,7,101,26,6.0,synthetic_mining_v1__glencore_sa_mining
103185,53,M,Widowed,1,1,Secondary,3.6,16.5,22.3,170.7,64.9,Daily,Occasionally,4,221.72,6.51,49.8,8,300,18,13.0,synthetic_mining_v1__glencore_sa_mining
103186,45,M,Widowed,3,2,Diploma,7.9,10.9,29.4,171.1,86.1,Daily,Occasionally,2,220.11,4.88,8.9,5,241,19,17.0,synthetic_mining_v1__glencore_sa_mining
103187,46,M,Married,3,0,Diploma,22.7,7.5,28.8,172.8,85.9,Occasional,Never,0,260.18,8.31,38.7,8,264,26,22.0,synthetic_mining_v1__glencore_sa_mining
103188,40,M,Single,2,0,Diploma,4.5,7.8,25.7,171.6,75.8,Never,Heavy,0,193.49,6.08,9.2,4,75,21,0.0,synthetic_mining_v1__glencore_sa_mining
103189,40,M,Married,1,0,Secondary,7.3,25.9,26.1,156.8,64.1,Daily,Occasionally,5,249.41,6.43,6.4,6,141,21,3.0,synthetic_mining_v1__glencore_sa_mining
103190,44,M,Married,1,1,Diploma,17.9,11.9,25.3,171.4,74.3,Former,Never,2,235.73,7.57,31.7,11,80,20,8.0,synthetic_mining_v1__glencore_sa_mining
103191,46,M,Married,3,1,Primary,7.2,11.8,35.3,175.0,108.1,Former,Regularly,0,188.36,5.61,32.7,3,276,35,47.0,synthetic_mining_v1__glencore_sa_mining
103192,32,M,Married,2,2,Secondary,8.7,6.8,22.8,165.0,62.0,Never,Occasionally,0,275.25,8.02,0.3,8,39,19,1.0,synthetic_mining_v1__glencore_sa_mining
103193,42,M,Married,0,0,Primary,12.1,31.0,21.2,157.4,52.5,Occasional,Regularly,3,225.3,7.33,32.8,11,75,16,6.0,synthetic_mining_v1__glencore_sa_mining
103194,62,M,Married,2,2,Primary,8.8,9.9,28.5,168.3,80.7,Daily,Never,1,217.42,7.23,6.5,11,335,25,13.0,synthetic_mining_v1__glencore_sa_mining
103195,37,M,Married,4,3,Secondary,2.9,5.8,29.0,182.2,96.1,Former,Regularly,5,220.36,5.95,6.2,9,56,17,2.0,synthetic_mining_v1__glencore_sa_mining
103196,36,M,Single,0,0,Secondary,11.2,15.6,32.3,169.9,93.2,Never,Occasionally,3,257.28,8.12,10.7,7,141,21,4.0,synthetic_mining_v1__glencore_sa_mining
103197,32,F,Married,2,2,Primary,0.5,27.0,31.4,153.7,74.1,Daily,Never,1,203.19,5.27,10.7,8,7,24,11.0,synthetic_mining_v1__glencore_sa_mining
103198,25,M,Married,1,1,Secondary,4.0,3.8,19.9,175.4,61.2,Occasional,Occasionally,3,167.66,5.96,19.2,10,110,24,1.0,synthetic_mining_v1__glencore_sa_mining
103199,49,M,Married,2,1,Secondary,6.8,7.4,31.9,186.6,111.0,Occasional,Occasionally,4,249.96,5.76,5.4,5,161,24,11.0,synthetic_mining_v1__glencore_sa_mining
103200,39,M,Single,0,0,Diploma,7.4,5.0,29.8,175.6,92.0,Never,Regularly,2,247.55,7.21,24.8,4,111,20,4.0,synthetic_mining_v1__glencore_sa_mining
103201,41,F,Married,4,1,Diploma,4.4,16.8,33.2,158.5,83.4,Daily,Regularly,1,165.14,6.93,9.7,6,222,23,25.0,synthetic_mining_v1__glencore_sa_mining
103202,55,M,Married,3,3,Secondary,7.1,11.1,34.8,167.4,97.6,Former,Regularly,5,142.25,6.51,11.4,6,221,19,0.0,synthetic_mining_v1__glencore_sa_mining
103203,61,M,Married,5,0,Secondary,6.5,5.2,17.1,172.8,51.0,Daily,Occasionally,0,182.5,6.52,9.9,7,207,23,6.0,synthetic_mining_v1__glencore_sa_mining
103204,30,F,Widowed,3,1,Primary,14.3,18.6,26.5,160.2,68.0,Daily,Heavy,1,168.59,6.34,15.1,8,83,23,18.0,synthetic_mining_v1__glencore_sa_mining
103205,47,F,Married,1,0,Diploma,8.1,8.1,25.3,148.0,55.3,Never,Occasionally,0,125.52,6.05,5.2,4,200,18,0.0,synthetic_mining_v1__glencore_sa_mining
103206,44,M,Divorced,1,0,Secondary,21.7,14.3,34.5,166.9,96.2,Never,Occasionally,0,238.9,4.89,3.0,9,95,17,0.0,synthetic_mining_v1__glencore_sa_mining
103207,42,M,Married,2,0,Secondary,18.5,10.1,31.8,163.1,84.7,Former,Occasionally,2,192.51,7.57,32.8,4,190,20,0.0,synthetic_mining_v1__glencore_sa_mining
103208,42,M,Single,0,0,Secondary,4.1,3.8,24.0,167.9,67.7,Occasional,Occasionally,4,247.89,6.41,25.2,4,61,14,0.0,synthetic_mining_v1__glencore_sa_mining
103209,38,M,Married,2,1,Primary,3.3,19.0,28.9,167.5,81.1,Occasional,Occasionally,1,247.74,6.63,17.4,8,86,25,6.0,synthetic_mining_v1__glencore_sa_mining
103210,52,M,Married,2,2,Secondary,3.1,19.2,28.9,173.9,87.5,Never,Regularly,1,228.69,5.89,2.8,10,41,22,6.0,synthetic_mining_v1__glencore_sa_mining
103211,44,M,Married,0,0,Secondary,12.9,10.8,27.6,171.0,80.8,Former,Occasionally,3,268.64,5.27,5.9,12,55,31,5.0,synthetic_mining_v1__glencore_sa_mining
103212,41,M,Single,3,1,Diploma,2.9,33.5,29.0,161.5,75.6,Never,Regularly,0,185.05,7.11,9.3,4,136,11,0.0,synthetic_mining_v1__glencore_sa_mining
103213,49,M,Married,2,1,Secondary,10.9,12.3,25.9,163.3,69.2,Former,Never,5,217.98,6.78,53.2,3,43,24,6.0,synthetic_mining_v1__glencore_sa_mining
103214,46,M,Married,2,0,Secondary,0.4,2.5,19.4,170.5,56.3,Never,Occasionally,3,150.79,8.08,18.8,4,155,24,1.0,synthetic_mining_v1__glencore_sa_mining
103215,42,F,Single,1,1,Secondary,12.0,3.1,30.5,159.4,77.6,Daily,Regularly,4,180.2,5.71,13.6,8,200,23,8.0,synthetic_mining_v1__glencore_sa_mining
103216,41,M,Married,3,2,Diploma,6.4,22.8,26.1,175.8,80.8,Former,Regularly,5,268.69,7.06,24.0,8,87,19,3.0,synthetic_mining_v1__glencore_sa_mining
103217,54,M,Married,2,1,Secondary,3.8,1.7,27.3,160.6,70.4,Former,Never,0,188.93,6.87,5.0,9,170,15,1.0,synthetic_mining_v1__glencore_sa_mining
103218,43,F,Single,2,2,Secondary,12.0,6.2,21.4,160.9,55.4,Former,Never,2,205.36,6.42,19.4,13,91,23,0.0,synthetic_mining_v1__glencore_sa_mining
103219,37,M,Single,0,0,Tertiary,3.8,15.1,29.3,173.0,87.7,Former,Occasionally,4,205.13,5.74,17.3,10,35,25,0.0,synthetic_mining_v1__glencore_sa_mining
103220,30,F,Single,4,1,Secondary,2.9,16.7,26.6,145.0,55.9,Never,Occasionally,1,256.47,6.87,16.4,3,93,17,0.0,synthetic_mining_v1__glencore_sa_mining
103221,35,M,Married,2,2,Primary,10.9,15.4,27.7,155.2,66.7,Never,Occasionally,1,269.7,3.86,18.3,9,52,33,7.0,synthetic_mining_v1__glencore_sa_mining
103222,29,F,Divorced,3,3,Diploma,6.2,47.1,31.6,165.8,86.7,Former,Regularly,0,90.95,5.7,47.5,8,57,27,0.0,synthetic_mining_v1__glencore_sa_mining
103223,39,M,Married,1,1,Secondary,9.5,11.6,22.1,163.6,59.2,Never,Occasionally,2,274.35,6.73,26.9,11,124,32,0.0,synthetic_mining_v1__glencore_sa_mining
103224,40,M,Married,1,1,Secondary,12.0,20.5,34.3,172.0,101.5,Never,Occasionally,5,244.81,5.77,3.6,5,100,17,2.0,synthetic_mining_v1__glencore_sa_mining
103225,20,M,Married,4,0,Secondary,4.2,12.5,34.0,164.7,92.4,Never,Occasionally,3,137.31,5.27,11.5,5,32,29,0.0,synthetic_mining_v1__glencore_sa_mining
103226,38,M,Married,1,1,Secondary,6.1,29.4,23.0,157.7,57.2,Never,Never,0,250.44,7.9,10.4,8,234,20,1.0,synthetic_mining_v1__glencore_sa_mining
103227,44,M,Divorced,6,0,Diploma,6.4,27.8,20.7,169.9,59.6,Never,Occasionally,3,248.03,7.34,7.5,4,36,22,1.0,synthetic_mining_v1__glencore_sa_mining
103228,40,M,Married,1,0,Diploma,8.8,26.0,27.1,171.2,79.5,Never,Never,2,218.02,7.07,2.2,4,42,11,2.0,synthetic_mining_v1__glencore_sa_mining
103229,29,M,Married,1,1,Secondary,5.3,5.9,27.3,176.6,85.2,Occasional,Heavy,3,240.65,8.75,25.6,8,68,23,15.0,synthetic_mining_v1__glencore_sa_mining
103230,49,M,Married,0,0,Secondary,9.3,35.5,26.2,176.1,81.4,Never,Occasionally,1,270.95,7.23,17.0,9,114,30,9.0,synthetic_mining_v1__glencore_sa_mining
103231,32,M,Single,1,1,Secondary,5.7,32.7,26.9,170.5,78.3,Daily,Occasionally,3,255.57,6.25,68.2,7,91,29,13.0,synthetic_mining_v1__glencore_sa_mining
103232,27,F,Married,1,1,Primary,5.0,20.8,20.8,154.1,49.4,Daily,Occasionally,3,354.01,6.69,14.1,9,107,27,21.0,synthetic_mining_v1__glencore_sa_mining
103233,28,F,Single,2,0,Secondary,10.5,24.0,25.0,159.5,63.6,Never,Never,0,148.24,7.99,11.6,2,113,21,1.0,synthetic_mining_v1__glencore_sa_mining
103234,38,F,Married,3,0,Tertiary,11.4,18.4,36.5,160.0,93.4,Never,Regularly,2,284.67,5.41,52.7,2,144,32,42.0,synthetic_mining_v1__glencore_sa_mining
103235,47,M,Married,1,0,Primary,5.9,16.8,36.2,174.3,109.9,Former,Occasionally,3,285.45,7.84,22.9,9,95,19,0.0,synthetic_mining_v1__glencore_sa_mining
103236,49,M,Married,1,1,Primary,6.1,25.9,27.1,159.9,69.3,Former,Occasionally,1,182.04,7.08,24.7,7,113,14,2.0,synthetic_mining_v1__glencore_sa_mining
103237,40,M,Single,2,2,Secondary,12.7,4.0,27.8,168.9,79.3,Occasional,Never,3,298.36,8.1,12.5,13,269,29,14.0,synthetic_mining_v1__glencore_sa_mining
103238,27,M,Married,4,4,Diploma,10.8,6.5,24.7,177.2,77.7,Never,Never,2,255.53,5.45,65.6,4,128,28,2.0,synthetic_mining_v1__glencore_sa_mining
103239,32,M,Single,1,1,Secondary,8.3,40.9,30.9,164.8,84.0,Former,Regularly,1,214.2,5.6,0.6,11,249,15,4.0,synthetic_mining_v1__glencore_sa_mining
103240,30,M,Married,1,0,Secondary,17.3,5.2,28.0,171.8,82.7,Never,Never,4,198.55,5.34,9.8,5,57,17,0.0,synthetic_mining_v1__glencore_sa_mining
103241,36,M,Married,0,0,Diploma,6.7,19.8,28.6,167.7,80.3,Never,Occasionally,1,240.4,6.97,23.7,9,91,17,5.0,synthetic_mining_v1__glencore_sa_mining
103242,22,M,Single,2,2,Secondary,3.3,15.0,30.5,158.2,76.3,Occasional,Occasionally,5,234.7,6.45,3.5,5,30,14,2.0,synthetic_mining_v1__glencore_sa_mining
103243,39,M,Divorced,3,2,Primary,4.6,21.5,23.6,175.8,72.8,Former,Occasionally,0,221.09,6.45,11.3,5,41,7,0.0,synthetic_mining_v1__glencore_sa_mining
103244,44,M,Divorced,5,5,Primary,1.0,4.5,24.1,179.2,77.4,Never,Never,3,231.1,6.44,10.2,9,135,25,0.0,synthetic_mining_v1__glencore_sa_mining
103245,37,M,Married,0,0,Secondary,13.5,11.4,24.9,170.6,72.3,Never,Occasionally,3,185.04,5.6,8.6,8,187,23,0.0,synthetic_mining_v1__glencore_sa_mining
103246,42,M,Married,1,0,Secondary,6.5,10.6,20.1,173.3,60.4,Never,Heavy,3,148.05,7.97,42.2,4,59,22,2.0,synthetic_mining_v1__glencore_sa_mining
103247,30,F,Married,1,1,Secondary,4.0,11.5,26.1,159.5,66.4,Never,Regularly,2,168.65,6.29,0.5,10,40,26,1.0,synthetic_mining_v1__glencore_sa_mining
103248,25,M,Married,1,1,Secondary,8.1,4.8,32.3,185.6,111.2,Occasional,Regularly,3,295.26,8.32,26.5,8,64,28,0.0,synthetic_mining_v1__glencore_sa_mining
103249,32,F,Married,2,0,Secondary,3.8,26.8,19.9,162.6,52.5,Daily,Occasionally,0,218.17,5.66,8.7,6,56,17,0.0,synthetic_mining_v1__glencore_sa_mining
103250,48,M,Married,2,0,Diploma,4.4,7.9,30.1,174.5,91.7,Former,Regularly,1,171.49,6.15,21.3,7,21,14,4.0,synthetic_mining_v1__glencore_sa_mining
103251,47,M,Single,3,2,Secondary,7.5,13.9,26.4,167.4,74.0,Occasional,Never,2,233.87,5.5,43.4,17,54,24,0.0,synthetic_mining_v1__glencore_sa_mining
103252,34,M,Married,0,0,Secondary,5.2,15.5,26.5,159.7,67.6,Never,Occasionally,2,301.37,7.27,61.2,9,120,23,8.0,synthetic_mining_v1__glencore_sa_mining
103253,49,M,Married,1,0,Primary,3.2,2.1,20.5,164.6,55.5,Daily,Regularly,3,284.47,7.87,22.7,10,40,26,0.0,synthetic_mining_v1__glencore_sa_mining
103254,35,M,Divorced,0,0,Primary,1.5,16.4,24.4,170.2,70.7,Never,Occasionally,1,231.76,7.82,21.5,8,12,20,2.0,synthetic_mining_v1__glencore_sa_mining
103255,52,F,Married,3,2,Secondary,4.5,16.9,24.3,163.9,65.3,Former,Heavy,3,227.05,5.62,19.1,5,74,18,14.0,synthetic_mining_v1__glencore_sa_mining
103256,42,F,Single,2,2,Primary,14.6,5.4,31.0,153.9,73.4,Never,Heavy,2,165.81,4.08,8.8,7,310,24,5.0,synthetic_mining_v1__glencore_sa_mining
103257,34,M,Single,1,1,Secondary,5.3,5.8,26.5,157.6,65.8,Daily,Never,1,269.91,5.49,10.3,3,118,25,17.0,synthetic_mining_v1__glencore_sa_mining
103258,45,M,Single,2,0,Diploma,2.9,51.0,21.6,163.3,57.7,Never,Occasionally,3,148.85,6.12,10.0,6,68,24,0.0,synthetic_mining_v1__glencore_sa_mining
103259,31,M,Single,0,0,Secondary,16.2,14.2,30.7,164.6,83.1,Daily,Never,5,233.33,6.87,5.3,6,130,15,3.0,synthetic_mining_v1__glencore_sa_mining
103260,30,M,Married,1,1,Primary,3.3,13.6,32.4,178.1,102.9,Never,Regularly,5,281.37,7.17,90.0,14,82,31,18.0,synthetic_mining_v1__glencore_sa_mining
103261,25,M,Married,0,0,Secondary,9.9,7.1,31.6,175.2,97.2,Never,Heavy,4,195.83,6.06,47.2,8,136,23,4.0,synthetic_mining_v1__glencore_sa_mining
103262,40,M,Married,1,0,Secondary,12.8,27.9,32.3,168.4,91.7,Former,Regularly,7,230.43,7.26,9.6,4,92,25,1.0,synthetic_mining_v1__glencore_sa_mining
103263,38,M,Married,0,0,Secondary,5.3,8.4,23.8,162.8,62.9,Daily,Never,4,259.41,7.68,2.3,3,35,10,1.0,synthetic_mining_v1__glencore_sa_mining
103264,37,F,Divorced,2,2,Secondary,14.1,4.0,29.6,153.5,69.9,Never,Heavy,0,175.53,7.9,4.9,7,65,25,4.0,synthetic_mining_v1__glencore_sa_mining
103265,34,M,Married,0,0,Secondary,2.5,9.7,29.3,160.6,75.7,Daily,Occasionally,2,163.87,4.28,14.8,3,16,21,2.0,synthetic_mining_v1__glencore_sa_mining
103266,51,M,Single,3,2,Diploma,10.0,8.1,36.0,168.6,102.2,Never,Never,2,206.45,5.35,2.5,8,84,20,4.0,synthetic_mining_v1__glencore_sa_mining
103267,34,M,Married,0,0,Diploma,11.3,21.7,26.2,167.0,73.2,Never,Regularly,3,244.39,6.0,28.1,9,104,26,0.0,synthetic_mining_v1__glencore_sa_mining
103268,31,M,Married,1,0,Secondary,2.4,24.5,25.7,168.1,72.6,Never,Regularly,0,188.29,6.75,8.7,7,27,14,1.0,synthetic_mining_v1__glencore_sa_mining
103269,49,M,Single,3,0,Diploma,5.4,7.8,27.1,167.2,75.7,Daily,Never,3,275.33,7.07,8.3,8,299,19,8.0,synthetic_mining_v1__glencore_sa_mining
103270,51,M,Married,2,0,Primary,8.1,20.2,31.0,174.6,94.4,Former,Occasionally,1,272.07,6.16,7.1,4,36,12,3.0,synthetic_mining_v1__glencore_sa_mining
103271,41,M,Married,2,2,Diploma,6.6,24.9,28.5,175.4,87.6,Never,Occasionally,1,238.73,7.38,10.4,11,195,18,3.0,synthetic_mining_v1__glencore_sa_mining
103272,22,F,Single,1,1,Secondary,5.5,3.9,26.0,159.2,65.7,Daily,Occasionally,3,183.32,6.32,3.9,10,50,15,1.0,synthetic_mining_v1__glencore_sa_mining
103273,33,M,Single,0,0,Tertiary,5.0,8.5,34.5,167.6,96.8,Daily,Regularly,4,187.45,6.7,14.8,8,55,9,7.0,synthetic_mining_v1__glencore_sa_mining
103274,44,M,Single,3,2,Primary,15.9,30.0,26.4,168.7,75.0,Never,Never,4,238.81,5.88,5.4,2,104,22,3.0,synthetic_mining_v1__glencore_sa_mining
103275,38,F,Married,3,0,Diploma,5.0,18.5,29.7,164.1,80.0,Daily,Heavy,3,200.69,6.31,6.3,10,68,18,17.0,synthetic_mining_v1__glencore_sa_mining
103276,52,M,Single,0,0,Tertiary,6.0,13.9,23.5,174.5,71.5,Daily,Occasionally,1,215.4,6.67,10.2,7,64,14,5.0,synthetic_mining_v1__glencore_sa_mining
103277,26,M,Single,3,0,Secondary,5.6,6.1,31.1,176.8,97.3,Daily,Occasionally,2,249.82,5.22,33.3,5,52,25,14.0,synthetic_mining_v1__glencore_sa_mining
103278,44,M,Married,1,0,Diploma,4.2,10.6,26.6,174.6,80.9,Daily,Occasionally,0,189.16,6.7,31.9,4,100,26,9.0,synthetic_mining_v1__glencore_sa_mining
103279,32,M,Single,1,0,Diploma,3.1,26.2,26.6,174.8,81.2,Former,Occasionally,3,247.81,6.43,16.0,5,71,16,2.0,synthetic_mining_v1__glencore_sa_mining
103280,50,M,Single,2,1,Primary,3.8,10.3,21.3,161.8,55.6,Occasional,Occasionally,5,228.0,6.05,8.6,3,160,19,2.0,synthetic_mining_v1__glencore_sa_mining
103281,37,M,Married,1,1,Diploma,5.7,10.5,24.6,170.1,71.2,Never,Never,3,224.83,5.33,9.9,11,101,25,2.0,synthetic_mining_v1__glencore_sa_mining
103282,47,M,Single,2,1,Primary,1.5,6.9,21.7,168.5,61.7,Never,Never,2,204.28,8.54,20.0,4,49,16,0.0,synthetic_mining_v1__glencore_sa_mining
103283,32,M,Married,0,0,Secondary,10.0,12.2,27.5,162.3,72.4,Never,Regularly,0,182.71,5.71,16.2,3,90,24,2.0,synthetic_mining_v1__glencore_sa_mining
103284,25,F,Married,4,0,Secondary,2.0,43.9,24.6,165.2,67.2,Never,Regularly,0,184.09,5.86,6.3,11,85,19,0.0,synthetic_mining_v1__glencore_sa_mining
103285,28,M,Married,2,0,Secondary,3.9,19.0,28.8,170.1,83.3,Daily,Heavy,3,192.3,5.87,9.1,6,173,18,16.0,synthetic_mining_v1__glencore_sa_mining
103286,33,M,Married,2,1,Diploma,6.2,4.0,26.3,171.1,77.1,Daily,Occasionally,0,273.64,7.41,34.9,8,42,26,0.0,synthetic_mining_v1__glencore_sa_mining
103287,29,F,Single,1,0,Diploma,11.8,34.2,23.2,151.7,53.4,Occasional,Regularly,3,224.87,5.79,13.2,8,149,25,3.0,synthetic_mining_v1__glencore_sa_mining
103288,49,F,Single,1,1,Secondary,17.5,59.4,38.5,153.5,90.7,Former,Never,2,239.73,7.11,12.8,12,249,29,40.0,synthetic_mining_v1__glencore_sa_mining
103289,50,M,Married,1,1,Tertiary,9.9,16.9,25.2,163.8,67.7,Never,Never,2,182.7,5.93,15.2,10,42,23,2.0,synthetic_mining_v1__glencore_sa_mining
103290,40,M,Divorced,2,2,Secondary,4.3,24.3,34.7,167.9,97.9,Never,Regularly,5,247.84,8.46,18.6,4,55,16,6.0,synthetic_mining_v1__glencore_sa_mining
103291,29,M,Married,0,0,Primary,11.8,3.6,27.1,164.5,73.3,Never,Never,5,173.64,5.72,35.4,7,6,22,1.0,synthetic_mining_v1__glencore_sa_mining
103292,37,M,Married,2,0,Secondary,8.5,18.2,18.6,173.1,55.9,Daily,Never,0,183.77,7.62,9.4,7,30,17,1.0,synthetic_mining_v1__glencore_sa_mining
103293,32,M,Married,3,0,Tertiary,13.6,8.3,26.2,163.8,70.2,Never,Heavy,1,206.78,7.03,3.1,3,79,18,7.0,synthetic_mining_v1__glencore_sa_mining
103294,51,M,Single,2,1,Secondary,4.3,5.5,35.4,161.4,92.1,Never,Regularly,5,183.42,6.04,5.0,8,365,18,2.0,synthetic_mining_v1__glencore_sa_mining
103295,41,M,Married,4,0,Diploma,4.3,3.3,36.7,179.3,118.0,Daily,Never,2,277.54,6.52,21.8,7,42,23,23.0,synthetic_mining_v1__glencore_sa_mining
103296,42,M,Married,1,1,Secondary,12.2,6.5,24.5,168.8,69.7,Occasional,Never,2,209.2,7.74,28.6,5,81,26,0.0,synthetic_mining_v1__glencore_sa_mining
103297,34,F,Divorced,2,1,Secondary,4.7,3.8,26.9,156.4,65.9,Never,Occasionally,3,285.87,7.85,23.7,5,76,25,1.0,synthetic_mining_v1__glencore_sa_mining
103298,20,M,Married,3,0,Secondary,4.0,18.0,28.6,159.7,72.9,Never,Never,1,250.92,7.05,6.2,4,28,12,0.0,synthetic_mining_v1__glencore_sa_mining
103299,31,M,Married,1,0,Tertiary,4.4,6.1,16.0,167.3,44.8,Former,Regularly,4,193.22,7.72,7.6,8,102,21,0.0,synthetic_mining_v1__glencore_sa_mining
103300,28,M,Single,3,1,Secondary,10.8,6.3,35.4,174.2,107.4,Never,Never,1,139.92,6.3,10.1,9,65,23,2.0,synthetic_mining_v1__glencore_sa_mining
103301,41,M,Married,1,1,Secondary,3.7,46.1,27.1,172.8,81.0,Occasional,Regularly,1,162.77,6.45,2.9,11,64,26,5.0,synthetic_mining_v1__glencore_sa_mining
103302,39,F,Single,0,0,Primary,5.5,8.1,28.5,163.9,76.6,Never,Heavy,0,286.22,8.36,35.6,8,137,24,45.0,synthetic_mining_v1__glencore_sa_mining
103303,31,F,Married,3,2,Secondary,2.9,30.6,24.1,168.6,68.5,Daily,Occasionally,5,187.78,4.51,24.7,11,59,29,5.0,synthetic_mining_v1__glencore_sa_mining
103304,35,M,Single,0,0,Diploma,4.0,15.4,26.3,166.3,72.7,Never,Never,6,155.17,7.34,13.4,7,77,13,1.0,synthetic_mining_v1__glencore_sa_mining
103305,52,M,Married,1,1,Primary,4.9,26.5,25.0,165.2,68.3,Daily,Never,2,301.38,6.93,39.6,5,223,27,59.0,synthetic_mining_v1__glencore_sa_mining
103306,29,M,Single,3,0,Tertiary,4.6,13.4,29.2,171.9,86.2,Daily,Regularly,3,307.53,6.02,6.8,8,123,24,35.0,synthetic_mining_v1__glencore_sa_mining
103307,30,F,Married,2,0,Secondary,4.6,6.7,29.5,156.4,72.3,Never,Occasionally,2,184.53,5.98,9.9,5,48,16,1.0,synthetic_mining_v1__glencore_sa_mining
103308,36,F,Single,3,2,Tertiary,4.2,25.8,29.6,153.2,69.5,Never,Never,0,298.18,6.47,10.2,10,48,20,3.0,synthetic_mining_v1__glencore_sa_mining
103309,32,M,Widowed,1,1,Primary,9.0,11.3,30.8,178.9,98.5,Occasional,Regularly,0,178.44,7.49,18.8,6,66,20,5.0,synthetic_mining_v1__glencore_sa_mining
103310,34,M,Married,0,0,Diploma,9.5,8.8,33.1,175.6,102.1,Daily,Never,2,277.47,5.66,15.3,9,309,34,110.0,synthetic_mining_v1__glencore_sa_mining
103311,43,M,Married,0,0,Secondary,1.9,1.0,23.3,168.7,66.4,Former,Occasionally,3,241.3,5.72,1.4,10,107,15,1.0,synthetic_mining_v1__glencore_sa_mining
103312,54,M,Married,0,0,Tertiary,7.3,22.7,32.3,176.9,101.3,Daily,Regularly,1,232.82,6.85,66.4,8,87,31,0.0,synthetic_mining_v1__glencore_sa_mining
103313,22,M,Married,2,2,Secondary,7.3,14.1,22.3,163.9,59.8,Occasional,Occasionally,4,156.84,6.95,6.8,4,27,16,0.0,synthetic_mining_v1__glencore_sa_mining
103314,38,M,Married,1,1,Secondary,23.4,17.5,21.6,168.4,61.2,Daily,Heavy,1,98.35,5.63,1.4,4,203,21,0.0,synthetic_mining_v1__glencore_sa_mining
103315,38,M,Married,3,2,Primary,4.9,9.6,40.0,171.0,117.0,Daily,Never,0,244.79,7.81,12.7,6,121,23,34.0,synthetic_mining_v1__glencore_sa_mining
103316,37,M,Married,2,1,Secondary,18.5,18.2,19.3,163.2,51.5,Former,Never,4,261.26,4.76,23.3,9,167,24,1.0,synthetic_mining_v1__glencore_sa_mining
103317,36,M,Married,7,1,Secondary,1.9,10.7,32.9,179.2,105.7,Never,Occasionally,4,179.99,6.1,15.6,7,56,24,3.0,synthetic_mining_v1__glencore_sa_mining
103318,35,M,Married,0,0,Primary,4.1,18.3,24.0,184.6,81.7,Former,Occasionally,2,126.67,5.79,38.4,10,30,25,2.0,synthetic_mining_v1__glencore_sa_mining
103319,47,M,Married,1,0,Secondary,7.2,8.9,30.3,170.7,88.1,Former,Heavy,1,300.6,5.17,18.6,7,109,31,0.0,synthetic_mining_v1__glencore_sa_mining
103320,34,M,Divorced,1,1,Secondary,1.9,33.7,21.1,157.7,52.4,Occasional,Never,2,242.3,4.75,5.2,7,95,27,2.0,synthetic_mining_v1__glencore_sa_mining
103321,37,M,Married,2,1,Secondary,6.0,42.5,18.9,164.8,51.3,Never,Regularly,5,197.35,6.41,13.7,6,108,20,3.0,synthetic_mining_v1__glencore_sa_mining
103322,38,M,Single,2,1,Secondary,10.2,13.2,31.9,171.9,94.1,Former,Never,2,308.12,7.62,19.9,6,58,24,13.0,synthetic_mining_v1__glencore_sa_mining
103323,39,M,Divorced,2,2,Secondary,5.7,25.5,27.4,164.6,74.1,Never,Occasionally,4,168.24,7.82,5.5,3,30,19,0.0,synthetic_mining_v1__glencore_sa_mining
103324,36,M,Single,2,2,Primary,8.3,7.7,27.0,182.1,89.6,Never,Never,2,278.22,6.6,1.3,7,184,21,9.0,synthetic_mining_v1__glencore_sa_mining
103325,47,M,Widowed,0,0,Diploma,1.9,15.6,28.5,171.4,83.8,Daily,Heavy,2,234.73,5.22,26.3,5,304,22,120.0,synthetic_mining_v1__glencore_sa_mining
103326,38,F,Widowed,2,1,Secondary,1.2,4.1,35.0,157.1,86.5,Never,Occasionally,0,97.17,4.99,5.5,7,61,21,0.0,synthetic_mining_v1__glencore_sa_mining
103327,40,M,Married,2,0,Diploma,3.3,22.2,33.1,165.1,90.4,Occasional,Occasionally,1,153.8,7.93,18.1,11,18,28,2.0,synthetic_mining_v1__glencore_sa_mining
103328,38,M,Married,3,3,Secondary,4.1,6.2,29.4,172.4,87.5,Never,Regularly,0,186.61,7.69,45.7,10,268,32,0.0,synthetic_mining_v1__glencore_sa_mining
103329,29,M,Single,0,0,Primary,7.4,7.5,20.1,179.6,64.8,Never,Occasionally,3,156.2,5.07,6.7,4,9,18,0.0,synthetic_mining_v1__glencore_sa_mining
103330,31,M,Married,3,2,Secondary,7.1,18.4,22.3,163.6,59.7,Former,Regularly,0,168.21,6.9,18.0,7,57,18,0.0,synthetic_mining_v1__glencore_sa_mining
103331,29,M,Married,0,0,Diploma,13.9,2.9,24.7,173.8,74.8,Occasional,Regularly,1,198.39,7.55,49.2,8,112,19,7.0,synthetic_mining_v1__glencore_sa_mining
103332,40,M,Single,2,1,Secondary,9.9,22.2,32.5,159.6,82.8,Occasional,Regularly,0,167.61,6.74,31.0,10,90,25,0.0,synthetic_mining_v1__glencore_sa_mining
103333,32,M,Married,3,0,Secondary,4.2,5.5,21.0,161.9,55.1,Daily,Occasionally,1,201.2,4.37,39.5,1,75,21,3.0,synthetic_mining_v1__glencore_sa_mining
103334,28,M,Married,0,0,Diploma,7.4,26.6,21.6,159.6,55.1,Occasional,Never,2,220.87,5.74,4.5,5,40,15,0.0,synthetic_mining_v1__glencore_sa_mining
103335,40,M,Married,1,1,Secondary,3.0,3.7,27.7,172.0,82.1,Never,Regularly,0,310.91,6.58,3.3,10,76,22,8.0,synthetic_mining_v1__glencore_sa_mining
103336,43,M,Married,3,0,Primary,3.6,12.5,26.2,180.8,85.7,Never,Occasionally,2,249.82,5.47,17.1,5,322,18,5.0,synthetic_mining_v1__glencore_sa_mining
103337,22,M,Married,1,1,Secondary,5.2,10.0,26.4,168.1,74.5,Former,Regularly,3,149.04,6.54,27.1,8,190,15,1.0,synthetic_mining_v1__glencore_sa_mining
103338,53,M,Married,1,0,Primary,3.2,3.6,20.4,168.5,58.0,Daily,Occasionally,1,222.17,6.58,18.2,3,180,23,10.0,synthetic_mining_v1__glencore_sa_mining
103339,38,M,Married,1,1,Tertiary,8.5,20.1,34.0,173.3,102.1,Former,Occasionally,1,272.32,6.25,24.9,4,82,19,5.0,synthetic_mining_v1__glencore_sa_mining
103340,37,M,Married,3,1,Primary,3.1,14.0,27.0,168.0,76.1,Never,Never,0,298.6,6.53,13.4,7,44,20,0.0,synthetic_mining_v1__glencore_sa_mining
103341,48,M,Married,3,2,Diploma,3.3,12.2,21.6,161.5,56.3,Daily,Occasionally,0,270.85,6.86,18.2,8,137,25,22.0,synthetic_mining_v1__glencore_sa_mining
103342,39,M,Divorced,1,1,Secondary,2.7,15.0,21.0,177.1,65.7,Never,Occasionally,0,186.14,6.35,54.4,7,120,30,2.0,synthetic_mining_v1__glencore_sa_mining
103343,33,M,Divorced,0,0,Diploma,3.6,9.5,21.4,180.1,69.3,Never,Occasionally,3,252.49,5.31,28.5,6,66,21,1.0,synthetic_mining_v1__glencore_sa_mining
103344,58,M,Single,0,0,Secondary,7.4,14.7,17.3,164.5,46.7,Daily,Never,3,240.55,4.93,65.7,5,90,27,10.0,synthetic_mining_v1__glencore_sa_mining
103345,28,M,Single,2,1,Secondary,9.2,11.5,26.4,176.6,82.4,Never,Occasionally,3,312.42,7.53,34.1,7,39,21,3.0,synthetic_mining_v1__glencore_sa_mining
103346,37,M,Single,1,1,Diploma,5.2,12.3,25.2,164.6,68.4,Never,Regularly,1,195.39,4.67,11.2,13,21,24,2.0,synthetic_mining_v1__glencore_sa_mining
103347,46,M,Single,2,0,Secondary,3.9,11.6,24.1,170.0,69.5,Daily,Never,1,261.32,5.95,6.6,5,67,22,14.0,synthetic_mining_v1__glencore_sa_mining
103348,28,F,Married,5,1,Secondary,2.2,11.8,26.2,153.5,61.8,Occasional,Occasionally,1,141.62,5.26,16.1,11,182,26,3.0,synthetic_mining_v1__glencore_sa_mining
103349,37,F,Single,3,0,Tertiary,12.5,16.1,22.7,162.2,59.7,Never,Occasionally,1,186.33,5.87,22.1,8,124,27,5.0,synthetic_mining_v1__glencore_sa_mining
103350,41,M,Married,3,3,Tertiary,8.4,50.3,30.1,173.2,90.2,Daily,Occasionally,2,196.52,6.51,73.5,4,71,25,18.0,synthetic_mining_v1__glencore_sa_mining
103351,60,F,Single,2,1,Secondary,1.7,20.2,28.5,154.2,67.9,Occasional,Heavy,4,152.61,6.71,30.2,7,136,22,17.0,synthetic_mining_v1__glencore_sa_mining
103352,30,M,Married,0,0,Secondary,4.8,8.7,27.6,170.7,80.4,Former,Never,0,278.15,6.02,7.2,5,22,18,1.0,synthetic_mining_v1__glencore_sa_mining
103353,38,M,Married,2,1,Secondary,6.6,6.6,20.2,174.1,61.1,Daily,Heavy,1,240.41,6.51,16.8,5,179,26,32.0,synthetic_mining_v1__glencore_sa_mining
103354,44,F,Single,0,0,Diploma,11.6,14.0,20.2,161.8,53.0,Daily,Never,1,217.05,5.19,33.7,7,80,23,6.0,synthetic_mining_v1__glencore_sa_mining
103355,39,M,Married,1,1,Secondary,5.5,24.7,32.3,174.0,97.9,Never,Heavy,3,182.0,6.05,9.5,10,55,24,5.0,synthetic_mining_v1__glencore_sa_mining
103356,27,M,Married,2,0,Primary,27.9,25.0,28.7,183.5,96.7,Never,Never,0,229.51,6.16,16.9,6,164,29,0.0,synthetic_mining_v1__glencore_sa_mining
103357,42,F,Single,2,0,Secondary,4.1,9.5,27.8,151.0,63.4,Daily,Occasionally,2,166.31,5.09,9.2,9,134,25,6.0,synthetic_mining_v1__glencore_sa_mining
103358,39,M,Married,4,0,Diploma,6.9,16.8,22.9,160.1,58.8,Never,Occasionally,0,282.98,6.42,58.3,7,103,25,2.0,synthetic_mining_v1__glencore_sa_mining
103359,42,F,Single,2,1,Tertiary,2.7,14.3,34.3,162.6,90.6,Daily,Never,1,271.4,6.42,17.4,6,37,26,58.0,synthetic_mining_v1__glencore_sa_mining
103360,48,F,Divorced,1,1,Primary,6.1,11.6,25.8,161.3,67.1,Occasional,Regularly,3,216.4,5.42,69.4,5,66,18,0.0,synthetic_mining_v1__glencore_sa_mining
103361,47,F,Married,2,1,Diploma,11.7,27.2,30.8,167.6,86.6,Never,Occasionally,2,211.17,7.29,17.8,8,264,25,0.0,synthetic_mining_v1__glencore_sa_mining
103362,42,M,Married,1,0,Primary,3.0,19.0,26.8,166.9,74.6,Occasional,Occasionally,0,156.23,6.9,17.8,6,61,18,1.0,synthetic_mining_v1__glencore_sa_mining
103363,41,M,Married,2,0,Secondary,3.0,4.9,27.1,163.3,72.3,Daily,Regularly,0,186.23,6.36,15.7,11,124,25,12.0,synthetic_mining_v1__glencore_sa_mining
103364,28,F,Married,0,0,Tertiary,7.1,4.6,23.1,166.2,63.9,Occasional,Occasionally,3,256.66,6.64,31.4,3,201,29,2.0,synthetic_mining_v1__glencore_sa_mining
103365,37,M,Divorced,1,1,Secondary,5.8,5.3,21.6,181.0,70.6,Occasional,Never,2,281.8,6.07,7.2,9,85,23,9.0,synthetic_mining_v1__glencore_sa_mining
103366,40,M,Married,2,1,Primary,13.3,2.1,33.2,157.4,82.2,Never,Never,1,255.91,5.01,17.1,6,19,25,4.0,synthetic_mining_v1__glencore_sa_mining
103367,34,M,Married,1,0,Secondary,28.8,17.5,28.3,174.0,85.6,Never,Heavy,0,201.96,6.64,4.0,6,91,11,5.0,synthetic_mining_v1__glencore_sa_mining
103368,39,M,Married,2,1,Secondary,10.7,9.0,19.4,174.4,58.9,Never,Occasionally,3,215.51,4.06,1.4,7,16,15,1.0,synthetic_mining_v1__glencore_sa_mining
103369,31,M,Married,2,2,Secondary,7.6,12.5,25.4,172.0,75.1,Occasional,Regularly,1,179.93,5.99,15.7,7,54,16,4.0,synthetic_mining_v1__glencore_sa_mining
103370,52,M,Married,1,1,Primary,7.0,9.5,26.3,163.0,69.7,Occasional,Never,1,210.52,5.71,7.5,8,42,16,3.0,synthetic_mining_v1__glencore_sa_mining
103371,57,F,Married,0,0,Secondary,2.2,28.0,29.2,166.1,80.7,Never,Heavy,4,176.75,6.39,3.9,3,260,17,0.0,synthetic_mining_v1__glencore_sa_mining
103372,34,M,Divorced,0,0,Secondary,21.6,19.8,18.6,151.2,42.5,Daily,Never,2,193.94,6.03,43.0,9,84,25,4.0,synthetic_mining_v1__glencore_sa_mining
103373,42,M,Single,1,0,Diploma,9.5,13.0,27.8,159.6,71.0,Occasional,Occasionally,3,224.64,5.95,1.6,5,212,25,3.0,synthetic_mining_v1__glencore_sa_mining
103374,36,M,Married,2,2,Primary,7.5,6.8,32.3,169.1,92.4,Never,Never,1,243.41,7.28,16.1,5,120,21,5.0,synthetic_mining_v1__glencore_sa_mining
103375,49,M,Single,5,0,Secondary,3.7,9.1,33.1,159.3,83.8,Daily,Occasionally,4,174.57,5.31,9.3,5,28,25,8.0,synthetic_mining_v1__glencore_sa_mining
103376,42,M,Divorced,0,0,Diploma,4.3,8.7,26.2,168.8,74.7,Never,Never,4,276.16,4.98,4.3,8,58,23,1.0,synthetic_mining_v1__glencore_sa_mining
103377,39,F,Single,6,1,Secondary,25.9,11.0,25.5,158.1,63.6,Never,Occasionally,1,204.13,6.18,18.2,10,359,21,0.0,synthetic_mining_v1__glencore_sa_mining
103378,36,M,Married,5,3,Secondary,13.8,5.8,27.3,165.9,75.1,Never,Never,0,199.83,4.54,18.5,8,34,23,2.0,synthetic_mining_v1__glencore_sa_mining
103379,39,M,Married,0,0,Secondary,7.0,14.2,29.7,172.7,88.5,Occasional,Regularly,2,241.16,7.52,8.8,7,75,17,6.0,synthetic_mining_v1__glencore_sa_mining
103380,29,M,Single,0,0,Primary,5.6,32.2,28.1,167.1,78.3,Daily,Never,2,208.8,5.76,10.7,8,99,21,6.0,synthetic_mining_v1__glencore_sa_mining
103381,44,M,Married,1,0,Secondary,6.3,13.8,20.9,175.0,63.9,Former,Regularly,0,150.45,7.0,4.5,7,67,8,0.0,synthetic_mining_v1__glencore_sa_mining
103382,32,M,Married,2,2,Primary,9.4,24.3,26.9,160.8,69.6,Never,Regularly,4,139.37,6.53,6.7,3,131,20,2.0,synthetic_mining_v1__glencore_sa_mining
103383,43,M,Single,1,1,Tertiary,3.4,3.9,26.3,167.1,73.5,Never,Heavy,1,198.24,4.47,8.4,6,97,24,10.0,synthetic_mining_v1__glencore_sa_mining
103384,39,M,Married,3,2,Primary,7.4,17.8,31.0,158.2,77.5,Daily,Occasionally,3,228.17,5.19,18.8,7,91,21,11.0,synthetic_mining_v1__glencore_sa_mining
103385,48,F,Married,1,0,Secondary,4.5,13.2,24.8,160.7,64.0,Former,Occasionally,1,215.01,7.15,8.2,7,17,14,0.0,synthetic_mining_v1__glencore_sa_mining
103386,38,M,Married,4,1,Secondary,7.5,2.5,36.1,158.4,90.7,Former,Regularly,0,248.37,5.97,33.1,6,102,28,20.0,synthetic_mining_v1__glencore_sa_mining
103387,47,M,Married,1,0,Diploma,9.3,14.4,26.1,173.6,78.7,Never,Occasionally,0,198.69,7.53,21.1,10,133,26,3.0,synthetic_mining_v1__glencore_sa_mining
103388,30,M,Divorced,1,0,Secondary,10.6,26.9,30.4,157.1,75.0,Daily,Occasionally,2,204.53,7.11,24.5,7,8,22,0.0,synthetic_mining_v1__glencore_sa_mining
103389,43,M,Single,1,1,Secondary,10.6,11.3,31.7,166.8,88.2,Occasional,Heavy,1,198.92,4.72,63.1,7,78,26,57.0,synthetic_mining_v1__glencore_sa_mining
103390,36,M,Married,1,0,Secondary,7.0,3.2,27.0,168.6,76.6,Former,Never,2,143.65,4.69,24.6,7,165,23,3.0,synthetic_mining_v1__glencore_sa_mining
103391,40,F,Single,3,2,Diploma,10.3,17.3,31.2,158.8,78.8,Former,Regularly,4,107.31,5.21,17.9,5,165,26,3.0,synthetic_mining_v1__glencore_sa_mining
103392,39,M,Divorced,2,0,Diploma,11.0,32.1,25.8,172.5,76.9,Never,Never,2,276.0,4.15,12.3,4,80,18,10.0,synthetic_mining_v1__glencore_sa_mining
103393,46,M,Divorced,4,1,Secondary,10.5,1.6,22.6,166.8,62.8,Daily,Occasionally,0,235.56,6.74,29.2,9,190,24,10.0,synthetic_mining_v1__glencore_sa_mining
103394,20,F,Married,2,1,Primary,3.4,7.5,26.5,151.7,60.9,Former,Occasionally,2,218.16,6.68,9.3,10,150,19,1.0,synthetic_mining_v1__glencore_sa_mining
103395,41,M,Single,1,0,Secondary,17.9,17.7,18.1,173.8,54.6,Former,Heavy,3,255.11,5.54,6.2,5,361,21,30.0,synthetic_mining_v1__glencore_sa_mining
103396,25,M,Divorced,1,1,Primary,24.6,47.6,29.2,183.2,98.0,Former,Occasionally,3,260.92,6.97,4.1,6,115,20,1.0,synthetic_mining_v1__glencore_sa_mining
103397,49,F,Married,0,0,Secondary,2.1,61.4,21.3,160.5,54.9,Former,Occasionally,2,213.76,4.51,28.7,3,66,24,0.0,synthetic_mining_v1__glencore_sa_mining
103398,20,M,Married,1,1,Primary,1.6,3.5,23.2,176.8,72.5,Former,Never,4,231.61,6.75,14.1,4,43,30,1.0,synthetic_mining_v1__glencore_sa_mining
103399,29,M,Married,0,0,Primary,3.2,21.6,26.2,166.1,72.3,Former,Heavy,0,141.46,6.99,4.6,5,142,19,2.0,synthetic_mining_v1__glencore_sa_mining
103400,23,M,Divorced,4,3,Secondary,8.8,42.2,29.9,161.8,78.3,Never,Occasionally,2,214.15,3.93,14.9,8,99,23,4.0,synthetic_mining_v1__glencore_sa_mining
103401,53,M,Married,1,0,Secondary,4.7,3.6,27.1,172.2,80.3,Never,Never,1,208.77,6.16,16.8,6,85,23,5.0,synthetic_mining_v1__glencore_sa_mining
103402,26,M,Married,1,1,Secondary,8.5,13.8,31.0,176.9,97.1,Never,Occasionally,4,208.94,6.19,26.1,3,216,28,2.0,synthetic_mining_v1__glencore_sa_mining
103403,39,M,Single,2,2,Diploma,4.9,32.4,26.7,168.2,75.5,Never,Never,5,208.01,7.42,67.7,4,43,21,2.0,synthetic_mining_v1__glencore_sa_mining
103404,33,M,Divorced,0,0,Secondary,1.4,5.8,25.8,170.0,74.4,Occasional,Occasionally,0,218.16,6.75,37.3,12,13,25,3.0,synthetic_mining_v1__glencore_sa_mining
103405,22,M,Married,0,0,Secondary,6.3,10.2,16.0,173.1,47.9,Daily,Occasionally,0,177.27,4.5,27.1,7,47,21,1.0,synthetic_mining_v1__glencore_sa_mining
103406,35,M,Single,2,1,Secondary,8.5,24.1,29.5,175.7,91.2,Never,Occasionally,2,207.11,8.26,10.1,7,104,14,1.0,synthetic_mining_v1__glencore_sa_mining
103407,44,M,Married,1,1,Secondary,9.7,1.7,24.8,165.4,67.9,Daily,Heavy,3,118.95,5.9,20.0,7,48,19,9.0,synthetic_mining_v1__glencore_sa_mining
103408,36,M,Single,2,2,Diploma,5.9,8.4,25.9,171.2,76.0,Former,Never,3,192.5,5.94,10.0,6,259,28,1.0,synthetic_mining_v1__glencore_sa_mining
103409,46,M,Married,2,2,Secondary,4.6,22.8,29.6,165.2,80.6,Never,Regularly,3,190.59,4.4,3.0,8,19,21,2.0,synthetic_mining_v1__glencore_sa_mining
103410,35,M,Married,0,0,Primary,9.6,10.2,28.8,172.9,86.1,Never,Regularly,2,225.11,7.31,5.4,7,46,10,1.0,synthetic_mining_v1__glencore_sa_mining
103411,38,F,Single,5,1,Secondary,9.1,9.3,27.6,169.6,79.4,Never,Regularly,1,139.72,7.82,10.8,9,344,18,3.0,synthetic_mining_v1__glencore_sa_mining
103412,35,M,Single,2,1,Primary,17.8,22.7,26.0,176.7,81.1,Former,Never,6,220.78,7.32,31.8,7,77,27,1.0,synthetic_mining_v1__glencore_sa_mining
103413,41,M,Married,1,1,Diploma,9.3,14.5,30.1,170.7,87.8,Never,Never,1,210.85,5.72,8.2,5,43,22,7.0,synthetic_mining_v1__glencore_sa_mining
103414,55,M,Married,1,1,Secondary,13.2,5.7,21.8,168.6,62.1,Daily,Never,2,229.85,7.06,13.8,8,45,26,6.0,synthetic_mining_v1__glencore_sa_mining
103415,41,F,Married,1,1,Primary,10.9,9.2,32.0,157.2,79.2,Never,Regularly,3,246.28,6.55,5.7,7,132,18,5.0,synthetic_mining_v1__glencore_sa_mining
103416,40,M,Divorced,5,2,Secondary,2.1,4.1,28.0,180.5,91.2,Daily,Heavy,3,216.03,7.44,12.8,7,58,19,18.0,synthetic_mining_v1__glencore_sa_mining
103417,32,M,Single,3,1,Primary,3.6,22.0,23.0,165.9,63.2,Daily,Occasionally,0,192.03,7.35,44.2,13,201,23,13.0,synthetic_mining_v1__glencore_sa_mining
103418,31,M,Married,1,1,Secondary,8.2,9.1,25.0,176.0,77.6,Daily,Never,3,253.71,6.69,20.9,6,47,11,1.0,synthetic_mining_v1__glencore_sa_mining
103419,51,M,Single,3,1,Diploma,11.8,2.8,24.5,172.1,72.4,Former,Heavy,4,214.95,6.96,0.4,5,178,20,3.0,synthetic_mining_v1__glencore_sa_mining
103420,28,M,Divorced,2,2,Secondary,8.3,12.4,20.3,180.9,66.6,Never,Never,1,194.92,5.77,10.1,5,133,18,1.0,synthetic_mining_v1__glencore_sa_mining
103421,30,M,Married,3,2,Secondary,5.6,6.2,28.1,170.7,81.9,Former,Occasionally,1,233.65,6.11,19.5,14,19,18,0.0,synthetic_mining_v1__glencore_sa_mining
103422,37,M,Married,0,0,Secondary,3.4,18.1,24.4,169.3,69.8,Never,Heavy,1,280.58,8.2,15.1,7,96,22,7.0,synthetic_mining_v1__glencore_sa_mining
103423,34,M,Married,1,1,Secondary,1.6,12.5,25.0,163.2,66.5,Daily,Never,4,250.22,6.96,73.6,6,338,21,8.0,synthetic_mining_v1__glencore_sa_mining
103424,56,M,Married,5,0,Secondary,15.1,28.8,30.5,174.4,92.7,Never,Occasionally,4,253.38,6.68,3.4,8,35,16,2.0,synthetic_mining_v1__glencore_sa_mining
103425,19,F,Married,3,0,Secondary,3.2,9.4,27.5,162.7,72.8,Never,Occasionally,4,306.2,6.69,22.6,3,100,18,2.0,synthetic_mining_v1__glencore_sa_mining
103426,41,M,Married,0,0,Secondary,4.9,7.8,25.8,183.9,87.3,Daily,Never,0,273.64,7.21,2.1,9,123,26,10.0,synthetic_mining_v1__glencore_sa_mining
103427,44,M,Single,1,0,Secondary,5.4,6.1,27.6,178.8,88.2,Daily,Occasionally,1,185.85,7.35,18.4,5,65,23,8.0,synthetic_mining_v1__glencore_sa_mining
103428,28,M,Married,1,1,Secondary,9.0,17.7,31.2,173.1,93.7,Never,Occasionally,4,253.07,6.86,18.9,4,39,19,0.0,synthetic_mining_v1__glencore_sa_mining
103429,32,M,Married,2,2,Diploma,1.2,42.1,33.9,183.3,113.9,Never,Occasionally,1,237.47,6.74,10.1,4,80,24,7.0,synthetic_mining_v1__glencore_sa_mining
103430,42,F,Married,1,1,Secondary,4.4,1.8,25.7,159.7,65.5,Occasional,Never,3,166.44,4.22,10.5,9,44,31,14.0,synthetic_mining_v1__glencore_sa_mining
103431,53,M,Married,2,1,Secondary,3.3,9.5,29.6,170.1,85.6,Never,Regularly,3,281.18,7.21,16.7,7,162,24,7.0,synthetic_mining_v1__glencore_sa_mining
103432,30,M,Married,3,0,Secondary,3.5,42.1,21.1,167.6,59.3,Never,Occasionally,0,159.66,6.91,3.6,9,110,24,0.0,synthetic_mining_v1__glencore_sa_mining
103433,24,M,Married,1,1,Secondary,13.7,13.6,23.2,178.8,74.3,Former,Regularly,5,253.85,7.17,19.1,13,64,18,1.0,synthetic_mining_v1__glencore_sa_mining
103434,47,M,Divorced,2,2,Primary,2.8,3.8,26.5,171.0,77.6,Never,Occasionally,0,227.0,6.19,11.1,8,22,20,2.0,synthetic_mining_v1__glencore_sa_mining
103435,52,F,Single,1,0,Secondary,6.6,21.3,18.1,160.3,46.4,Never,Occasionally,2,228.27,6.42,15.3,9,46,19,0.0,synthetic_mining_v1__glencore_sa_mining
103436,35,M,Married,2,0,Diploma,12.6,15.8,20.4,181.9,67.5,Daily,Regularly,2,255.6,5.0,18.8,10,120,21,13.0,synthetic_mining_v1__glencore_sa_mining
103437,19,M,Married,1,1,Secondary,3.5,16.6,28.5,171.4,83.7,Occasional,Never,0,234.96,5.62,4.3,9,88,18,4.0,synthetic_mining_v1__glencore_sa_mining
103438,51,M,Married,1,1,Diploma,5.0,29.4,28.4,170.0,82.0,Daily,Occasionally,2,210.34,5.23,18.0,5,106,17,26.0,synthetic_mining_v1__glencore_sa_mining
103439,36,M,Single,3,0,Primary,6.9,2.6,28.4,178.5,90.4,Never,Occasionally,2,116.75,6.55,6.9,8,46,17,1.0,synthetic_mining_v1__glencore_sa_mining
103440,48,M,Married,0,0,Secondary,6.2,19.9,29.4,176.7,91.9,Never,Occasionally,2,265.59,5.75,26.9,6,28,20,8.0,synthetic_mining_v1__glencore_sa_mining
103441,38,M,Married,0,0,Diploma,4.6,12.8,23.2,172.1,68.8,Never,Occasionally,2,189.33,6.03,10.8,9,261,27,1.0,synthetic_mining_v1__glencore_sa_mining
103442,35,F,Single,4,1,Primary,9.9,8.7,32.4,151.1,74.0,Never,Never,3,121.62,6.59,22.4,8,47,19,1.0,synthetic_mining_v1__glencore_sa_mining
103443,34,M,Married,1,1,Secondary,12.3,19.1,26.7,165.5,73.2,Never,Occasionally,7,199.71,6.85,6.2,7,103,16,0.0,synthetic_mining_v1__glencore_sa_mining
103444,51,M,Married,2,2,Primary,2.4,15.2,23.2,170.6,67.4,Former,Occasionally,3,269.05,6.04,36.1,4,90,26,3.0,synthetic_mining_v1__glencore_sa_mining
103445,51,M,Single,1,0,Diploma,15.4,9.9,22.2,162.3,58.4,Former,Occasionally,1,277.33,7.49,4.5,4,365,20,4.0,synthetic_mining_v1__glencore_sa_mining
103446,19,M,Married,1,1,Primary,7.2,13.4,24.2,150.7,55.0,Daily,Occasionally,5,229.03,5.84,23.4,6,100,25,3.0,synthetic_mining_v1__glencore_sa_mining
103447,30,M,Married,4,2,Diploma,4.0,13.3,30.7,177.4,96.6,Never,Regularly,3,207.45,6.25,4.7,2,33,7,1.0,synthetic_mining_v1__glencore_sa_mining
103448,54,M,Single,2,0,Diploma,9.6,36.4,26.7,164.1,71.8,Never,Occasionally,2,258.26,7.2,11.3,9,212,29,14.0,synthetic_mining_v1__glencore_sa_mining
103449,35,M,Married,2,2,Primary,2.0,3.2,26.8,164.1,72.1,Former,Never,4,262.79,5.85,10.6,6,196,25,4.0,synthetic_mining_v1__glencore_sa_mining
103450,26,M,Single,0,0,Secondary,8.1,32.0,19.9,177.7,62.8,Daily,Never,0,135.97,7.61,4.9,4,148,16,1.0,synthetic_mining_v1__glencore_sa_mining
103451,38,F,Married,0,0,Secondary,4.1,19.5,28.2,149.7,63.2,Daily,Never,1,235.63,5.08,24.6,4,111,22,0.0,synthetic_mining_v1__glencore_sa_mining
103452,37,M,Married,1,0,Secondary,1.5,9.2,23.7,162.5,62.7,Daily,Never,2,293.15,6.41,23.3,5,151,18,10.0,synthetic_mining_v1__glencore_sa_mining
103453,37,M,Single,1,1,Primary,4.3,12.7,32.3,174.3,98.1,Occasional,Regularly,2,147.79,4.34,11.2,5,68,19,6.0,synthetic_mining_v1__glencore_sa_mining
103454,34,M,Single,1,1,Secondary,4.5,14.1,25.7,178.8,82.2,Daily,Occasionally,1,293.77,7.58,53.0,7,74,25,48.0,synthetic_mining_v1__glencore_sa_mining
103455,35,M,Single,4,2,Diploma,9.1,12.5,26.2,167.2,73.3,Daily,Never,1,257.26,8.73,39.0,11,73,28,21.0,synthetic_mining_v1__glencore_sa_mining
103456,34,M,Married,3,1,Secondary,1.6,11.4,31.5,173.8,95.3,Never,Never,1,202.58,7.17,11.9,5,46,16,5.0,synthetic_mining_v1__glencore_sa_mining
103457,41,F,Married,1,1,Secondary,9.2,34.2,20.9,160.6,54.0,Former,Occasionally,0,239.53,5.8,1.3,7,93,21,3.0,synthetic_mining_v1__glencore_sa_mining
103458,31,M,Married,4,0,Secondary,3.3,25.2,23.6,170.9,69.0,Occasional,Occasionally,0,114.01,7.48,0.8,6,139,18,4.0,synthetic_mining_v1__glencore_sa_mining
103459,35,F,Married,2,2,Secondary,13.0,12.8,29.5,160.3,75.8,Daily,Never,0,208.97,6.73,12.9,7,207,22,9.0,synthetic_mining_v1__glencore_sa_mining
103460,37,M,Married,0,0,Primary,12.8,32.0,22.7,177.8,71.8,Never,Never,2,242.2,5.27,59.8,7,65,27,5.0,synthetic_mining_v1__glencore_sa_mining
103461,50,M,Divorced,5,0,Primary,6.3,31.2,32.2,173.6,97.0,Never,Never,3,280.71,8.21,22.5,6,137,27,0.0,synthetic_mining_v1__glencore_sa_mining
103462,41,M,Single,2,2,Secondary,18.3,27.9,29.2,162.1,76.6,Never,Occasionally,0,277.63,5.44,45.5,5,94,26,16.0,synthetic_mining_v1__glencore_sa_mining
103463,37,M,Single,5,1,Primary,4.2,13.1,30.4,167.3,85.0,Former,Occasionally,3,186.33,6.48,9.6,7,18,21,7.0,synthetic_mining_v1__glencore_sa_mining
103464,43,M,Married,2,0,Secondary,5.0,30.2,28.6,165.7,78.5,Never,Never,3,249.81,5.63,35.5,6,235,26,5.0,synthetic_mining_v1__glencore_sa_mining
103465,42,M,Married,5,0,Secondary,14.7,5.6,39.9,167.9,112.4,Daily,Never,3,234.96,5.19,30.8,5,8,23,88.0,synthetic_mining_v1__glencore_sa_mining
103466,48,M,Single,1,1,Secondary,1.7,1.8,34.6,173.8,104.4,Never,Regularly,2,188.43,6.56,12.8,4,156,15,4.0,synthetic_mining_v1__glencore_sa_mining
103467,43,M,Married,2,0,Tertiary,9.3,36.6,31.1,164.1,83.8,Never,Never,3,289.16,6.04,13.1,6,101,30,11.0,synthetic_mining_v1__glencore_sa_mining
103468,54,M,Single,2,1,Secondary,22.6,6.8,32.0,146.3,68.5,Never,Regularly,2,280.62,6.51,14.7,8,47,15,0.0,synthetic_mining_v1__glencore_sa_mining
103469,50,F,Divorced,2,2,Primary,5.8,8.9,22.3,152.8,52.1,Never,Regularly,4,260.3,6.32,18.8,13,30,18,1.0,synthetic_mining_v1__glencore_sa_mining
103470,38,M,Married,2,0,Primary,1.4,18.4,34.5,179.7,111.3,Former,Never,2,270.09,7.0,10.5,10,34,18,15.0,synthetic_mining_v1__glencore_sa_mining
103471,34,F,Married,1,0,Secondary,13.0,36.2,27.6,154.1,65.5,Former,Never,4,226.02,7.32,16.5,8,80,21,4.0,synthetic_mining_v1__glencore_sa_mining
103472,46,F,Married,4,1,Diploma,7.0,20.9,28.2,161.5,73.6,Never,Regularly,2,302.12,7.45,2.9,7,208,22,0.0,synthetic_mining_v1__glencore_sa_mining
103473,43,M,Married,2,0,Secondary,5.0,3.7,25.4,175.1,77.9,Never,Never,3,206.14,6.73,18.0,3,113,24,2.0,synthetic_mining_v1__glencore_sa_mining
103474,37,M,Married,1,1,Secondary,4.7,3.9,22.6,176.8,70.7,Never,Occasionally,2,230.17,6.02,36.3,6,34,26,2.0,synthetic_mining_v1__glencore_sa_mining
103475,25,M,Single,3,0,Secondary,9.6,4.0,23.8,168.2,67.4,Never,Never,5,223.29,6.39,17.2,9,73,21,1.0,synthetic_mining_v1__glencore_sa_mining
103476,22,M,Single,1,0,Secondary,1.9,39.2,27.1,175.9,83.9,Daily,Never,0,194.24,5.71,18.7,9,63,18,8.0,synthetic_mining_v1__glencore_sa_mining
103477,41,M,Married,1,1,Secondary,4.8,9.2,24.5,161.0,63.5,Never,Regularly,0,180.66,4.73,11.2,5,290,28,3.0,synthetic_mining_v1__glencore_sa_mining
103478,45,M,Single,1,1,Secondary,4.6,2.1,27.3,181.5,90.0,Daily,Regularly,2,259.79,8.07,23.6,9,75,28,58.0,synthetic_mining_v1__glencore_sa_mining
103479,45,M,Single,1,1,Secondary,11.2,19.0,16.0,171.2,46.9,Daily,Never,2,226.67,5.55,11.0,10,55,14,4.0,synthetic_mining_v1__glencore_sa_mining
103480,26,M,Single,0,0,Secondary,2.9,4.0,29.1,155.9,70.7,Never,Occasionally,5,211.07,6.78,6.0,3,155,18,0.0,synthetic_mining_v1__glencore_sa_mining
103481,47,F,Single,0,0,Primary,23.8,31.8,31.5,157.4,78.1,Never,Occasionally,3,216.74,6.0,39.0,6,98,32,28.0,synthetic_mining_v1__glencore_sa_mining
103482,33,M,Married,2,1,Secondary,5.0,15.0,26.9,166.1,74.2,Never,Occasionally,0,279.01,7.55,6.6,9,111,18,4.0,synthetic_mining_v1__glencore_sa_mining
103483,41,M,Married,1,0,Primary,3.3,12.3,20.5,162.8,54.4,Never,Occasionally,0,305.93,8.17,2.8,5,116,16,1.0,synthetic_mining_v1__glencore_sa_mining
103484,42,F,Married,4,0,Diploma,5.0,1.3,29.4,159.8,75.0,Former,Never,2,148.83,6.63,9.1,1,62,13,0.0,synthetic_mining_v1__glencore_sa_mining
103485,31,M,Divorced,2,1,Secondary,7.7,6.0,24.3,178.2,77.1,Never,Regularly,3,228.35,6.66,5.1,4,122,16,0.0,synthetic_mining_v1__glencore_sa_mining
103486,33,M,Single,2,0,Secondary,4.0,3.9,23.8,161.6,62.2,Never,Never,3,183.67,7.77,25.3,7,7,20,1.0,synthetic_mining_v1__glencore_sa_mining
103487,19,M,Divorced,2,2,Primary,9.3,9.7,34.0,169.8,98.0,Daily,Regularly,2,244.74,6.41,11.7,10,108,19,5.0,synthetic_mining_v1__glencore_sa_mining
103488,30,M,Married,1,0,Secondary,4.3,21.8,27.5,166.2,76.1,Occasional,Never,0,155.05,5.41,17.4,5,90,20,0.0,synthetic_mining_v1__glencore_sa_mining
103489,22,M,Married,0,0,Diploma,12.3,6.1,31.0,175.0,94.9,Former,Never,1,219.43,8.6,9.5,6,194,25,1.0,synthetic_mining_v1__glencore_sa_mining
103490,42,M,Divorced,3,2,Secondary,12.2,15.6,19.9,170.5,57.9,Never,Occasionally,1,241.8,3.5,7.9,6,193,26,2.0,synthetic_mining_v1__glencore_sa_mining
103491,39,M,Married,1,1,Secondary,15.5,8.3,26.0,173.1,77.9,Never,Regularly,3,150.29,4.45,10.3,7,83,26,2.0,synthetic_mining_v1__glencore_sa_mining
103492,46,M,Single,1,0,Secondary,1.9,11.6,23.3,171.5,68.4,Former,Regularly,2,234.19,7.92,5.7,8,36,20,1.0,synthetic_mining_v1__glencore_sa_mining
103493,41,M,Single,1,1,Diploma,17.2,17.6,24.3,175.6,75.1,Daily,Never,3,138.74,8.21,15.9,6,91,20,4.0,synthetic_mining_v1__glencore_sa_mining
103494,32,M,Married,1,1,Secondary,5.3,8.4,30.1,171.3,88.2,Never,Never,3,259.22,5.0,22.0,12,58,28,2.0,synthetic_mining_v1__glencore_sa_mining
103495,41,M,Single,4,3,Secondary,9.7,9.0,22.7,173.0,67.9,Never,Heavy,1,228.25,3.83,3.9,6,76,28,8.0,synthetic_mining_v1__glencore_sa_mining
103496,34,M,Single,2,1,Secondary,14.5,3.8,19.6,173.3,59.0,Never,Regularly,4,212.23,5.73,8.1,9,63,31,1.0,synthetic_mining_v1__glencore_sa_mining
103497,43,M,Married,0,0,Primary,10.0,7.3,23.7,170.8,69.0,Former,Heavy,0,278.68,7.33,26.4,12,12,26,21.0,synthetic_mining_v1__glencore_sa_mining
103498,41,M,Divorced,2,2,Tertiary,1.0,17.2,27.3,172.2,80.9,Never,Occasionally,1,345.61,7.64,7.2,5,156,16,22.0,synthetic_mining_v1__glencore_sa_mining
103499,29,M,Married,1,1,Secondary,6.7,13.5,37.6,173.4,113.2,Occasional,Occasionally,1,193.11,4.96,32.1,6,221,29,54.0,synthetic_mining_v1__glencore_sa_mining
103500,38,M,Married,3,0,Diploma,9.2,55.8,29.9,163.9,80.3,Never,Occasionally,4,251.49,8.0,30.4,4,39,28,11.0,synthetic_mining_v1__glencore_sa_mining
103501,38,M,Married,4,0,Primary,10.1,12.1,24.4,165.0,66.4,Former,Occasionally,2,234.77,5.84,35.4,8,53,16,2.0,synthetic_mining_v1__glencore_sa_mining
103502,35,M,Married,0,0,Primary,1.7,22.2,24.8,174.5,75.6,Former,Regularly,2,312.18,5.88,16.3,5,67,22,0.0,synthetic_mining_v1__glencore_sa_mining
103503,46,M,Divorced,2,2,Diploma,11.5,14.6,27.3,175.7,84.2,Daily,Occasionally,5,213.45,6.78,42.4,8,114,26,8.0,synthetic_mining_v1__glencore_sa_mining
103504,53,M,Married,0,0,Secondary,5.3,16.9,28.1,178.6,89.5,Daily,Occasionally,2,158.97,6.69,30.8,7,114,21,20.0,synthetic_mining_v1__glencore_sa_mining
103505,35,M,Single,1,0,Primary,18.7,23.9,29.1,159.2,73.8,Former,Never,3,266.12,6.02,21.6,9,31,17,6.0,synthetic_mining_v1__glencore_sa_mining
103506,35,M,Single,1,1,Secondary,8.1,16.1,23.0,172.2,68.2,Daily,Never,3,211.62,6.48,26.0,5,183,24,4.0,synthetic_mining_v1__glencore_sa_mining
103507,19,M,Divorced,1,0,Secondary,6.2,16.2,30.0,175.4,92.5,Never,Regularly,0,249.3,4.18,20.4,6,98,36,0.0,synthetic_mining_v1__glencore_sa_mining
103508,37,M,Married,2,2,Secondary,9.9,17.7,25.2,171.6,74.0,Daily,Occasionally,2,229.14,6.74,8.2,8,180,18,4.0,synthetic_mining_v1__glencore_sa_mining
103509,34,M,Divorced,1,1,Diploma,6.6,16.6,20.8,162.6,55.0,Daily,Regularly,2,239.23,7.75,11.9,7,210,18,5.0,synthetic_mining_v1__glencore_sa_mining
103510,19,M,Divorced,1,1,Primary,7.8,17.4,29.6,175.8,91.5,Daily,Never,1,231.7,5.02,0.7,7,158,27,0.0,synthetic_mining_v1__glencore_sa_mining
103511,41,M,Married,2,0,Primary,3.0,10.9,40.2,171.5,118.1,Daily,Never,3,291.23,6.18,6.7,8,365,26,65.0,synthetic_mining_v1__glencore_sa_mining
103512,43,M,Single,1,0,Secondary,8.3,44.7,30.6,166.4,84.7,Never,Occasionally,1,249.47,6.44,6.7,5,49,22,3.0,synthetic_mining_v1__glencore_sa_mining
103513,31,F,Married,4,1,Diploma,14.5,39.3,31.3,168.0,88.4,Daily,Occasionally,0,207.15,6.46,2.6,4,199,19,8.0,synthetic_mining_v1__glencore_sa_mining
103514,35,M,Single,2,1,Secondary,4.6,5.9,27.0,175.9,83.5,Never,Never,0,310.32,7.27,37.8,12,95,37,30.0,synthetic_mining_v1__glencore_sa_mining
103515,29,M,Single,2,0,Secondary,1.6,4.2,29.3,168.8,83.6,Former,Regularly,4,237.68,6.23,24.2,7,14,25,7.0,synthetic_mining_v1__glencore_sa_mining
103516,45,M,Single,2,0,Tertiary,5.7,10.6,29.6,166.3,81.7,Never,Heavy,3,303.7,5.8,12.9,7,45,26,25.0,synthetic_mining_v1__glencore_sa_mining
103517,24,M,Married,1,1,Secondary,3.4,9.0,28.8,164.2,77.8,Never,Never,1,200.37,6.12,25.7,5,127,21,1.0,synthetic_mining_v1__glencore_sa_mining
103518,35,M,Married,1,0,Diploma,3.1,4.1,29.9,169.5,85.9,Former,Never,4,127.9,4.92,4.4,6,79,20,0.0,synthetic_mining_v1__glencore_sa_mining
103519,56,M,Married,1,1,Diploma,6.5,14.7,32.6,179.1,104.7,Never,Occasionally,2,244.69,6.48,11.1,8,45,15,0.0,synthetic_mining_v1__glencore_sa_mining
103520,38,M,Divorced,1,0,Secondary,2.9,25.3,23.1,166.6,64.2,Never,Regularly,6,177.89,4.92,19.0,6,55,28,0.0,synthetic_mining_v1__glencore_sa_mining
103521,42,M,Single,0,0,Secondary,4.3,7.6,20.0,163.2,53.2,Former,Heavy,1,267.21,5.7,12.1,2,79,21,0.0,synthetic_mining_v1__glencore_sa_mining
103522,37,F,Married,2,0,Secondary,12.1,15.7,22.3,152.0,51.4,Former,Occasionally,4,336.21,6.79,25.7,9,113,26,8.0,synthetic_mining_v1__glencore_sa_mining
103523,27,M,Married,3,3,Primary,4.1,22.0,40.7,160.8,105.2,Never,Occasionally,1,173.01,6.7,9.5,6,88,24,0.0,synthetic_mining_v1__glencore_sa_mining
103524,38,F,Married,2,2,Diploma,7.3,2.0,23.7,165.5,65.0,Former,Occasionally,3,219.62,5.61,6.4,7,122,22,0.0,synthetic_mining_v1__glencore_sa_mining
103525,42,F,Married,1,1,Secondary,3.4,20.5,34.0,162.9,90.3,Daily,Never,3,168.27,6.89,2.4,8,32,20,5.0,synthetic_mining_v1__glencore_sa_mining
103526,29,M,Single,1,1,Primary,5.3,5.2,23.6,169.5,67.8,Former,Occasionally,1,259.02,6.35,21.8,5,80,17,2.0,synthetic_mining_v1__glencore_sa_mining
103527,41,M,Married,2,2,Diploma,5.5,11.7,30.8,175.7,95.3,Never,Never,1,279.52,7.43,31.0,7,11,16,17.0,synthetic_mining_v1__glencore_sa_mining
103528,49,M,Single,2,1,Secondary,6.5,8.9,22.6,155.7,54.8,Former,Occasionally,1,261.23,7.72,29.7,8,77,29,0.0,synthetic_mining_v1__glencore_sa_mining
103529,48,M,Divorced,0,0,Secondary,7.2,7.7,32.9,161.6,86.0,Daily,Never,1,304.87,6.36,3.1,2,221,26,8.0,synthetic_mining_v1__glencore_sa_mining
103530,24,M,Married,4,1,Secondary,1.4,11.6,36.2,159.3,91.9,Never,Heavy,0,299.86,6.49,3.4,2,94,24,48.0,synthetic_mining_v1__glencore_sa_mining
103531,29,M,Divorced,0,0,Diploma,1.7,9.3,19.7,178.8,63.0,Former,Never,3,217.55,5.74,11.1,5,40,12,0.0,synthetic_mining_v1__glencore_sa_mining
103532,23,M,Married,1,1,Tertiary,3.1,0.7,22.3,171.0,65.3,Former,Never,1,228.86,6.5,35.5,1,116,24,0.0,synthetic_mining_v1__glencore_sa_mining
103533,48,M,Single,2,0,Secondary,7.5,8.2,19.7,162.8,52.2,Daily,Regularly,2,205.58,4.51,8.6,7,218,20,4.0,synthetic_mining_v1__glencore_sa_mining
103534,43,M,Married,2,1,Secondary,5.6,48.4,21.5,175.8,66.4,Former,Occasionally,2,184.9,5.19,4.3,6,28,20,1.0,synthetic_mining_v1__glencore_sa_mining
103535,44,F,Married,4,1,Secondary,12.7,22.4,21.4,166.0,58.8,Never,Occasionally,1,264.37,5.67,9.7,5,45,26,0.0,synthetic_mining_v1__glencore_sa_mining
103536,30,M,Married,1,1,Primary,7.1,21.5,24.5,172.9,73.2,Never,Occasionally,5,278.81,7.0,5.7,8,156,21,4.0,synthetic_mining_v1__glencore_sa_mining
103537,28,M,Married,3,3,Primary,4.1,9.8,32.6,163.7,87.4,Daily,Occasionally,4,312.16,5.6,3.0,7,195,25,59.0,synthetic_mining_v1__glencore_sa_mining
103538,39,M,Married,0,0,Secondary,3.6,17.5,23.7,160.4,61.0,Never,Occasionally,0,179.29,5.8,7.7,7,161,21,0.0,synthetic_mining_v1__glencore_sa_mining
103539,39,M,Single,3,0,Secondary,10.8,16.5,25.7,172.3,76.3,Former,Never,0,244.61,4.81,22.5,5,51,18,4.0,synthetic_mining_v1__glencore_sa_mining
103540,30,M,Divorced,2,2,Tertiary,9.2,9.1,26.8,164.7,72.7,Never,Never,5,161.61,5.77,32.3,4,52,18,0.0,synthetic_mining_v1__glencore_sa_mining
103541,39,M,Married,2,2,Primary,5.4,36.6,28.4,169.6,81.7,Daily,Never,1,310.92,7.31,14.4,10,66,20,29.0,synthetic_mining_v1__glencore_sa_mining
103542,44,M,Divorced,3,1,Diploma,11.5,18.1,31.0,162.4,81.9,Occasional,Regularly,4,221.32,7.17,9.2,10,190,25,9.0,synthetic_mining_v1__glencore_sa_mining
103543,40,M,Divorced,2,0,Diploma,13.3,15.3,19.4,164.6,52.6,Former,Never,1,165.36,8.52,8.7,6,160,22,0.0,synthetic_mining_v1__glencore_sa_mining
103544,29,F,Married,0,0,Secondary,10.1,28.0,34.6,157.2,85.4,Occasional,Occasionally,3,237.15,7.72,25.1,7,79,19,12.0,synthetic_mining_v1__glencore_sa_mining
103545,19,F,Single,1,0,Primary,15.9,13.1,23.9,171.8,70.6,Never,Never,1,154.69,6.63,26.6,3,26,16,0.0,synthetic_mining_v1__glencore_sa_mining
103546,36,F,Married,2,1,Secondary,4.5,6.1,32.4,161.0,84.1,Daily,Regularly,3,238.92,8.02,6.9,5,9,9,10.0,synthetic_mining_v1__glencore_sa_mining
103547,39,M,Married,1,1,Diploma,7.4,2.9,32.6,160.0,83.6,Occasional,Occasionally,2,210.57,7.12,8.3,13,227,19,4.0,synthetic_mining_v1__glencore_sa_mining
103548,36,M,Single,2,0,Secondary,2.9,8.6,22.1,176.7,68.9,Never,Regularly,3,208.71,6.76,2.4,2,155,24,1.0,synthetic_mining_v1__glencore_sa_mining
103549,34,M,Single,1,0,Secondary,9.8,23.4,17.9,158.4,44.8,Former,Occasionally,3,223.64,7.66,18.2,8,203,26,1.0,synthetic_mining_v1__glencore_sa_mining
103550,32,F,Divorced,0,0,Secondary,5.0,20.2,26.9,152.2,62.4,Never,Regularly,6,151.44,6.9,16.1,8,44,14,0.0,synthetic_mining_v1__glencore_sa_mining
103551,44,M,Married,1,1,Secondary,4.2,6.6,29.8,164.0,80.1,Daily,Regularly,2,272.29,7.23,15.2,10,90,20,17.0,synthetic_mining_v1__glencore_sa_mining
103552,38,M,Married,3,2,Secondary,6.3,13.7,16.0,175.4,49.2,Daily,Occasionally,0,171.25,7.28,10.9,4,87,25,1.0,synthetic_mining_v1__glencore_sa_mining
103553,39,M,Single,6,2,Secondary,2.3,8.3,24.0,177.5,75.7,Former,Occasionally,5,165.51,9.58,30.9,7,129,23,1.0,synthetic_mining_v1__glencore_sa_mining
103554,29,M,Married,3,3,Primary,9.1,5.8,28.1,175.9,87.0,Former,Occasionally,1,281.88,6.93,29.6,5,96,29,0.0,synthetic_mining_v1__glencore_sa_mining
103555,32,M,Married,2,1,Diploma,0.2,28.1,23.0,185.8,79.3,Never,Regularly,4,329.9,5.48,5.9,11,110,30,0.0,synthetic_mining_v1__glencore_sa_mining
103556,39,M,Single,3,1,Secondary,2.2,3.7,31.7,170.4,92.0,Daily,Occasionally,0,218.11,6.55,23.0,7,275,23,49.0,synthetic_mining_v1__glencore_sa_mining
103557,29,M,Divorced,1,1,Diploma,9.1,22.2,24.8,177.8,78.3,Former,Regularly,2,139.29,6.75,18.0,4,10,20,1.0,synthetic_mining_v1__glencore_sa_mining
103558,27,F,Single,1,0,Diploma,10.0,27.6,24.5,160.5,63.2,Daily,Occasionally,2,216.95,8.66,20.6,9,187,20,3.0,synthetic_mining_v1__glencore_sa_mining
103559,35,M,Single,3,2,Primary,10.2,22.8,26.2,159.5,66.5,Never,Never,0,204.65,5.05,6.9,8,101,15,3.0,synthetic_mining_v1__glencore_sa_mining
103560,49,M,Married,3,3,Primary,4.1,24.1,25.4,171.2,74.5,Never,Never,3,195.8,7.28,53.0,6,85,23,5.0,synthetic_mining_v1__glencore_sa_mining
103561,40,M,Single,1,1,Secondary,2.1,15.8,21.5,169.3,61.7,Occasional,Regularly,4,190.02,7.21,3.1,7,240,21,2.0,synthetic_mining_v1__glencore_sa_mining
103562,51,M,Divorced,1,1,Primary,11.9,6.4,20.7,174.6,63.2,Former,Never,3,244.69,7.09,29.3,6,156,23,2.0,synthetic_mining_v1__glencore_sa_mining
103563,37,M,Single,3,3,Secondary,18.1,9.7,26.8,159.5,68.2,Former,Regularly,3,120.85,7.91,8.4,7,52,32,3.0,synthetic_mining_v1__glencore_sa_mining
103564,35,M,Single,0,0,Secondary,7.1,23.4,22.0,176.6,68.6,Never,Occasionally,4,175.13,5.07,5.9,6,162,19,0.0,synthetic_mining_v1__glencore_sa_mining
103565,25,M,Married,1,1,Diploma,3.4,30.7,24.1,177.6,76.1,Daily,Never,4,194.72,6.26,22.6,8,31,20,4.0,synthetic_mining_v1__glencore_sa_mining
103566,33,M,Single,7,0,Secondary,17.0,22.4,26.1,173.5,78.7,Never,Never,3,176.15,5.79,60.5,4,94,33,3.0,synthetic_mining_v1__glencore_sa_mining
103567,51,M,Single,0,0,Primary,5.1,21.1,36.0,159.4,91.3,Never,Occasionally,3,140.82,5.83,16.3,4,214,12,3.0,synthetic_mining_v1__glencore_sa_mining
103568,41,M,Married,0,0,Diploma,7.6,8.9,28.3,173.9,85.5,Never,Occasionally,3,267.02,6.97,5.8,6,190,22,2.0,synthetic_mining_v1__glencore_sa_mining
103569,45,M,Married,3,1,Secondary,5.0,25.6,24.5,179.0,78.7,Never,Occasionally,4,269.29,6.63,24.1,8,11,23,4.0,synthetic_mining_v1__glencore_sa_mining
103570,44,M,Married,2,2,Secondary,6.4,37.5,32.2,165.1,87.7,Never,Occasionally,3,223.15,6.0,21.8,6,228,16,3.0,synthetic_mining_v1__glencore_sa_mining
103571,38,M,Married,1,1,Diploma,4.2,26.8,36.2,179.0,116.0,Former,Occasionally,3,179.51,6.81,8.3,6,146,14,4.0,synthetic_mining_v1__glencore_sa_mining
103572,36,M,Single,2,0,Secondary,4.9,10.9,22.8,161.8,59.7,Former,Occasionally,2,162.56,5.55,2.9,5,151,15,1.0,synthetic_mining_v1__glencore_sa_mining
103573,39,F,Married,3,1,Secondary,3.6,25.1,23.1,156.9,56.7,Daily,Never,2,189.39,7.76,15.9,5,15,17,6.0,synthetic_mining_v1__glencore_sa_mining
103574,44,M,Married,2,1,Secondary,6.6,7.8,26.7,171.9,78.8,Never,Never,2,193.52,6.04,30.9,3,36,18,1.0,synthetic_mining_v1__glencore_sa_mining
103575,42,M,Divorced,2,2,Diploma,9.0,5.3,27.1,177.2,85.0,Never,Never,3,240.55,6.09,22.7,11,147,24,0.0,synthetic_mining_v1__glencore_sa_mining
103576,42,M,Single,0,0,Secondary,6.8,17.0,23.3,162.7,61.6,Former,Heavy,4,194.09,6.78,22.3,15,16,26,8.0,synthetic_mining_v1__glencore_sa_mining
103577,39,F,Married,2,1,Secondary,8.6,22.7,35.0,153.8,82.8,Occasional,Never,1,193.62,4.66,23.4,5,67,26,11.0,synthetic_mining_v1__glencore_sa_mining
103578,31,M,Single,2,1,Diploma,1.3,10.2,20.1,165.7,55.3,Never,Regularly,2,239.83,4.54,13.3,5,29,26,1.0,synthetic_mining_v1__glencore_sa_mining
103579,36,M,Single,1,1,Diploma,12.8,11.0,23.6,167.4,66.0,Occasional,Occasionally,3,227.99,6.41,54.1,4,103,21,1.0,synthetic_mining_v1__glencore_sa_mining
103580,30,M,Married,1,1,Secondary,1.8,4.7,27.5,167.3,77.0,Never,Never,4,244.12,7.97,17.4,4,37,25,1.0,synthetic_mining_v1__glencore_sa_mining
103581,47,M,Married,1,1,Secondary,3.1,15.7,30.8,172.4,91.5,Never,Regularly,5,200.03,5.23,32.9,5,34,22,9.0,synthetic_mining_v1__glencore_sa_mining
103582,19,M,Married,2,2,Diploma,1.6,20.6,30.0,163.9,80.6,Former,Occasionally,4,249.46,6.77,14.9,9,49,17,1.0,synthetic_mining_v1__glencore_sa_mining
103583,36,M,Single,2,1,Tertiary,3.6,7.5,32.2,170.9,94.1,Daily,Occasionally,0,204.23,5.19,5.8,8,9,23,24.0,synthetic_mining_v1__glencore_sa_mining
103584,59,M,Married,2,1,Diploma,4.1,15.7,37.4,180.7,122.2,Never,Heavy,4,242.13,5.63,21.1,4,123,27,22.0,synthetic_mining_v1__glencore_sa_mining
103585,35,F,Divorced,1,1,Secondary,16.3,31.1,25.7,151.4,58.9,Occasional,Occasionally,2,192.7,7.51,17.5,10,246,22,5.0,synthetic_mining_v1__glencore_sa_mining
103586,28,M,Single,3,1,Primary,10.3,12.0,28.1,170.9,82.2,Former,Never,0,239.77,6.05,3.2,6,126,25,2.0,synthetic_mining_v1__glencore_sa_mining
103587,38,M,Married,3,2,Diploma,5.8,10.4,23.2,173.9,70.3,Former,Never,2,250.96,5.62,38.9,10,74,34,4.0,synthetic_mining_v1__glencore_sa_mining
103588,50,M,Married,4,0,Diploma,4.2,11.6,27.6,166.9,76.8,Daily,Never,1,300.57,8.65,20.6,7,14,13,0.0,synthetic_mining_v1__glencore_sa_mining
103589,37,M,Married,3,1,Diploma,1.3,4.5,24.9,171.9,73.7,Daily,Never,2,141.62,6.98,25.7,5,57,19,2.0,synthetic_mining_v1__glencore_sa_mining
103590,44,M,Married,1,1,Secondary,9.0,6.6,31.8,165.1,86.8,Never,Never,1,260.73,3.6,27.2,9,91,29,11.0,synthetic_mining_v1__glencore_sa_mining
103591,39,M,Single,1,1,Diploma,1.2,1.4,30.4,169.1,86.9,Never,Never,3,219.18,5.38,28.2,7,72,28,1.0,synthetic_mining_v1__glencore_sa_mining
103592,35,M,Single,1,0,Secondary,6.4,4.6,21.4,174.9,65.4,Never,Never,0,253.21,6.87,13.7,6,18,17,0.0,synthetic_mining_v1__glencore_sa_mining
103593,62,M,Widowed,3,1,Secondary,3.1,19.7,29.4,168.0,82.8,Daily,Heavy,0,244.04,6.47,16.6,5,81,23,109.0,synthetic_mining_v1__glencore_sa_mining
103594,39,M,Married,3,0,Secondary,2.2,15.5,22.4,177.0,70.2,Daily,Never,2,203.4,7.37,5.8,6,115,18,1.0,synthetic_mining_v1__glencore_sa_mining
103595,33,M,Single,1,1,Tertiary,7.2,16.9,31.6,170.8,92.1,Daily,Never,3,273.88,5.37,18.7,14,123,24,0.0,synthetic_mining_v1__glencore_sa_mining
103596,34,M,Divorced,2,2,Secondary,4.3,36.1,32.2,176.6,100.4,Former,Occasionally,2,259.28,5.91,16.7,6,59,19,0.0,synthetic_mining_v1__glencore_sa_mining
103597,41,M,Married,0,0,Secondary,3.9,22.5,28.2,164.1,76.0,Never,Occasionally,3,160.11,5.98,30.3,4,157,18,5.0,synthetic_mining_v1__glencore_sa_mining
103598,42,M,Married,2,0,Diploma,3.8,4.9,29.9,171.4,87.8,Never,Never,3,107.36,7.61,3.7,7,56,15,1.0,synthetic_mining_v1__glencore_sa_mining
103599,45,M,Single,2,2,Secondary,10.7,14.3,30.4,171.1,88.9,Former,Occasionally,0,264.69,7.6,15.5,7,28,15,4.0,synthetic_mining_v1__glencore_sa_mining
103600,39,M,Married,1,1,Secondary,9.3,9.3,25.8,162.8,68.5,Never,Never,3,263.59,6.61,30.3,5,120,25,6.0,synthetic_mining_v1__glencore_sa_mining
103601,25,M,Married,1,0,Secondary,1.3,29.7,29.3,186.3,101.7,Never,Heavy,3,271.82,5.8,39.9,7,108,25,0.0,synthetic_mining_v1__glencore_sa_mining
103602,43,F,Single,2,2,Secondary,4.6,18.8,29.7,168.4,84.2,Daily,Heavy,3,336.06,6.84,24.4,14,213,33,0.0,synthetic_mining_v1__glencore_sa_mining
103603,35,M,Divorced,0,0,Secondary,8.3,11.9,26.4,159.3,67.0,Never,Regularly,2,240.92,6.46,16.9,7,140,18,2.0,synthetic_mining_v1__glencore_sa_mining
103604,35,M,Married,2,1,Diploma,2.3,5.9,19.0,161.0,49.3,Daily,Occasionally,0,244.94,5.08,21.9,2,82,18,4.0,synthetic_mining_v1__glencore_sa_mining
103605,25,M,Married,1,0,Secondary,9.9,13.4,26.4,182.3,87.8,Never,Heavy,1,222.84,6.29,18.4,10,114,22,3.0,synthetic_mining_v1__glencore_sa_mining
103606,33,F,Married,3,2,Diploma,4.5,8.3,34.5,161.4,89.8,Never,Never,6,168.58,6.07,49.5,8,146,33,3.0,synthetic_mining_v1__glencore_sa_mining
103607,31,F,Single,1,1,Secondary,6.1,9.8,26.0,165.4,71.0,Daily,Never,4,238.99,5.93,20.7,8,107,22,6.0,synthetic_mining_v1__glencore_sa_mining
103608,38,M,Married,1,1,Secondary,9.9,17.9,16.4,169.9,47.3,Occasional,Regularly,4,163.87,5.76,19.5,6,29,18,1.0,synthetic_mining_v1__glencore_sa_mining
103609,25,M,Married,1,1,Secondary,6.1,26.4,27.4,167.9,77.1,Daily,Occasionally,0,193.12,5.19,68.6,5,272,27,0.0,synthetic_mining_v1__glencore_sa_mining
103610,38,M,Single,1,1,Diploma,10.0,6.6,27.8,171.4,81.8,Never,Never,3,224.08,5.74,4.1,6,81,23,1.0,synthetic_mining_v1__glencore_sa_mining
103611,39,M,Single,4,0,Diploma,5.3,13.5,26.6,177.1,83.3,Never,Heavy,0,184.73,5.44,14.1,4,83,21,5.0,synthetic_mining_v1__glencore_sa_mining
103612,28,M,Single,2,1,Secondary,8.8,2.1,30.1,174.8,91.9,Never,Heavy,3,233.38,5.62,28.1,15,128,28,16.0,synthetic_mining_v1__glencore_sa_mining
103613,32,F,Married,1,1,Diploma,1.3,4.7,35.4,162.5,93.5,Daily,Never,2,210.0,5.16,20.3,6,44,18,3.0,synthetic_mining_v1__glencore_sa_mining
103614,30,F,Married,3,2,Secondary,12.4,8.9,25.8,162.6,68.3,Former,Occasionally,1,167.89,7.03,6.5,11,20,19,3.0,synthetic_mining_v1__glencore_sa_mining
103615,46,F,Single,3,1,Diploma,6.3,21.7,18.2,157.4,45.2,Occasional,Heavy,0,294.96,5.64,11.2,7,225,31,39.0,synthetic_mining_v1__glencore_sa_mining
103616,19,M,Married,2,2,Secondary,4.5,20.2,27.6,165.8,75.8,Never,Regularly,1,220.14,6.47,20.3,3,41,15,0.0,synthetic_mining_v1__glencore_sa_mining
103617,35,M,Single,1,0,Diploma,9.2,22.0,28.3,174.5,86.1,Occasional,Occasionally,3,209.44,5.31,4.1,8,76,18,2.0,synthetic_mining_v1__glencore_sa_mining
103618,23,M,Married,1,0,Diploma,16.1,2.2,29.3,177.9,92.7,Occasional,Occasionally,1,238.98,6.68,8.4,6,110,17,5.0,synthetic_mining_v1__glencore_sa_mining
103619,34,M,Single,2,1,Secondary,6.3,14.0,27.9,178.6,89.1,Never,Never,2,176.93,5.08,24.5,6,122,25,0.0,synthetic_mining_v1__glencore_sa_mining
103620,46,M,Single,1,1,Secondary,28.1,23.6,27.8,169.8,80.0,Never,Occasionally,2,288.51,6.21,22.5,5,303,32,8.0,synthetic_mining_v1__glencore_sa_mining
103621,32,M,Married,1,1,Secondary,5.6,12.7,32.2,164.3,86.9,Daily,Occasionally,2,153.2,6.05,3.3,14,168,26,18.0,synthetic_mining_v1__glencore_sa_mining
103622,39,F,Married,1,0,Diploma,4.0,5.9,22.9,154.7,54.9,Never,Regularly,3,248.62,5.12,14.3,6,31,20,2.0,synthetic_mining_v1__glencore_sa_mining
103623,30,M,Divorced,1,1,Secondary,8.4,17.2,35.3,162.9,93.7,Former,Occasionally,1,206.69,6.94,31.7,3,43,27,12.0,synthetic_mining_v1__glencore_sa_mining
103624,55,M,Married,1,1,Secondary,13.8,7.7,28.8,166.6,80.0,Never,Heavy,2,237.15,4.31,14.1,5,217,28,32.0,synthetic_mining_v1__glencore_sa_mining
103625,46,M,Married,2,2,Secondary,3.6,6.2,28.5,181.8,94.2,Never,Regularly,2,175.01,6.27,19.2,5,199,20,0.0,synthetic_mining_v1__glencore_sa_mining
103626,48,F,Married,3,1,Diploma,8.0,9.7,29.6,150.5,67.1,Former,Occasionally,2,177.32,7.03,28.2,8,165,27,7.0,synthetic_mining_v1__glencore_sa_mining
103627,26,M,Married,4,0,Diploma,5.0,22.4,31.6,177.5,99.7,Former,Regularly,2,218.45,6.94,33.6,4,93,24,7.0,synthetic_mining_v1__glencore_sa_mining
103628,28,M,Married,1,1,Secondary,1.1,21.0,18.5,159.4,47.0,Daily,Heavy,2,242.24,6.57,15.3,10,184,22,8.0,synthetic_mining_v1__glencore_sa_mining
103629,48,M,Married,1,0,Secondary,2.4,10.2,22.1,173.9,66.9,Former,Heavy,2,196.22,7.41,0.7,5,9,16,1.0,synthetic_mining_v1__glencore_sa_mining
103630,36,M,Single,1,1,Primary,20.6,10.6,31.3,165.6,85.9,Occasional,Occasionally,3,221.77,7.4,31.6,5,156,24,6.0,synthetic_mining_v1__glencore_sa_mining
103631,36,M,Married,0,0,Primary,12.2,13.2,25.7,170.1,74.4,Occasional,Regularly,2,179.99,7.65,30.4,4,59,16,0.0,synthetic_mining_v1__glencore_sa_mining
103632,41,M,Married,2,2,Tertiary,7.6,36.3,26.0,150.7,59.1,Former,Occasionally,2,253.43,4.98,7.7,7,21,23,13.0,synthetic_mining_v1__glencore_sa_mining
103633,27,M,Married,1,1,Primary,10.2,31.8,33.1,170.0,95.8,Occasional,Never,3,243.39,6.03,13.9,5,5,20,3.0,synthetic_mining_v1__glencore_sa_mining
103634,45,M,Single,1,1,Secondary,1.1,14.9,27.6,171.5,81.3,Never,Never,1,240.76,5.02,10.2,10,80,24,2.0,synthetic_mining_v1__glencore_sa_mining
103635,38,M,Married,2,1,Secondary,16.6,2.4,21.2,180.3,68.8,Never,Never,5,162.81,6.12,4.2,4,176,23,0.0,synthetic_mining_v1__glencore_sa_mining
103636,42,M,Married,0,0,Diploma,1.3,30.0,30.2,164.2,81.6,Daily,Occasionally,3,216.08,3.5,55.8,10,11,34,25.0,synthetic_mining_v1__glencore_sa_mining
103637,32,M,Married,1,1,Primary,9.4,34.3,23.4,155.7,56.7,Daily,Occasionally,3,194.91,6.68,59.3,3,288,24,12.0,synthetic_mining_v1__glencore_sa_mining
103638,43,M,Married,1,1,Secondary,12.8,7.1,21.0,175.2,64.4,Former,Occasionally,2,217.46,6.11,8.4,8,215,27,2.0,synthetic_mining_v1__glencore_sa_mining
103639,32,M,Divorced,2,1,Primary,12.9,13.4,29.3,180.9,95.9,Occasional,Never,2,224.01,8.01,20.2,5,23,8,2.0,synthetic_mining_v1__glencore_sa_mining
103640,47,M,Married,0,0,Primary,4.4,36.0,34.0,159.4,86.3,Former,Regularly,0,325.93,4.52,3.6,2,270,30,89.0,synthetic_mining_v1__glencore_sa_mining
103641,48,F,Married,0,0,Secondary,14.5,2.9,33.5,157.3,83.0,Former,Regularly,3,204.59,5.78,25.6,6,159,32,0.0,synthetic_mining_v1__glencore_sa_mining
103642,46,M,Widowed,2,2,Primary,4.0,11.8,24.3,169.5,69.8,Daily,Never,2,241.57,8.26,14.4,5,220,19,0.0,synthetic_mining_v1__glencore_sa_mining
103643,43,F,Married,1,0,Secondary,3.6,11.7,31.4,163.1,83.4,Daily,Never,2,290.81,7.63,10.2,6,52,16,14.0,synthetic_mining_v1__glencore_sa_mining
103644,44,M,Married,1,1,Diploma,5.4,4.8,27.3,159.7,69.5,Former,Occasionally,1,206.76,4.87,15.4,6,178,31,4.0,synthetic_mining_v1__glencore_sa_mining
103645,19,M,Divorced,2,0,Secondary,4.5,26.0,31.8,162.2,83.8,Former,Never,3,220.82,6.48,41.0,7,45,22,2.0,synthetic_mining_v1__glencore_sa_mining
103646,46,M,Single,2,1,Tertiary,4.9,15.2,18.9,183.5,63.6,Never,Occasionally,1,232.16,5.82,21.6,2,49,16,1.0,synthetic_mining_v1__glencore_sa_mining
103647,36,M,Married,0,0,Diploma,6.9,44.2,23.6,166.2,65.1,Former,Regularly,2,261.86,6.46,55.9,6,18,25,6.0,synthetic_mining_v1__glencore_sa_mining
103648,39,M,Married,0,0,Diploma,5.4,2.6,30.6,175.0,93.7,Occasional,Heavy,4,247.63,5.87,4.7,4,49,17,11.0,synthetic_mining_v1__glencore_sa_mining
103649,35,M,Widowed,3,0,Secondary,0.6,36.8,24.7,159.9,63.2,Never,Occasionally,5,218.57,6.12,21.1,12,71,19,1.0,synthetic_mining_v1__glencore_sa_mining
103650,25,F,Single,3,1,Secondary,7.1,7.0,28.6,157.0,70.6,Never,Occasionally,0,124.07,5.62,12.7,12,204,33,3.0,synthetic_mining_v1__glencore_sa_mining
103651,33,M,Single,1,1,Diploma,16.0,20.3,24.3,163.7,65.0,Occasional,Occasionally,0,243.1,6.33,15.0,7,154,31,5.0,synthetic_mining_v1__glencore_sa_mining
103652,44,M,Divorced,4,3,Secondary,5.7,11.6,23.2,172.1,68.8,Former,Occasionally,2,211.92,4.85,52.8,4,34,28,2.0,synthetic_mining_v1__glencore_sa_mining
103653,51,M,Married,2,1,Secondary,4.5,14.6,31.0,168.5,88.1,Never,Regularly,5,167.66,6.36,5.7,6,112,16,0.0,synthetic_mining_v1__glencore_sa_mining
103654,32,M,Single,1,0,Secondary,16.0,5.4,27.7,178.6,88.6,Never,Never,1,185.38,6.47,21.6,11,98,27,2.0,synthetic_mining_v1__glencore_sa_mining
103655,30,M,Married,3,3,Secondary,6.7,17.2,33.7,169.3,96.7,Never,Heavy,4,285.21,6.92,10.2,8,23,25,33.0,synthetic_mining_v1__glencore_sa_mining
103656,51,M,Married,0,0,Secondary,11.5,20.1,25.3,170.5,73.6,Former,Occasionally,2,111.84,7.77,13.6,9,19,25,1.0,synthetic_mining_v1__glencore_sa_mining
103657,30,M,Married,1,0,Primary,9.2,8.8,20.4,177.1,64.0,Never,Occasionally,1,249.65,6.3,5.7,5,60,25,2.0,synthetic_mining_v1__glencore_sa_mining
103658,57,M,Single,1,1,Secondary,1.4,18.8,27.4,166.7,76.1,Never,Regularly,3,210.46,8.32,3.1,8,224,16,2.0,synthetic_mining_v1__glencore_sa_mining
103659,38,F,Single,1,1,Secondary,7.0,9.7,23.5,161.2,61.2,Daily,Never,1,338.45,7.25,15.6,7,194,31,0.0,synthetic_mining_v1__glencore_sa_mining
103660,30,M,Divorced,6,1,Secondary,4.1,17.1,28.0,164.0,75.4,Former,Regularly,1,258.62,7.51,15.1,5,38,25,14.0,synthetic_mining_v1__glencore_sa_mining
103661,47,M,Married,1,1,Secondary,8.1,7.6,27.1,163.4,72.3,Occasional,Never,1,192.55,5.71,4.7,10,97,24,0.0,synthetic_mining_v1__glencore_sa_mining
103662,53,M,Divorced,2,2,Secondary,9.4,2.3,29.6,173.7,89.4,Never,Never,6,264.59,7.09,7.0,8,111,17,2.0,synthetic_mining_v1__glencore_sa_mining
103663,25,F,Married,1,1,Secondary,4.6,1.3,30.1,152.8,70.2,Occasional,Heavy,1,197.18,8.34,7.7,6,35,29,4.0,synthetic_mining_v1__glencore_sa_mining
103664,52,M,Single,2,1,Primary,5.6,14.6,29.9,181.2,98.2,Daily,Never,1,157.79,7.11,35.5,6,14,25,19.0,synthetic_mining_v1__glencore_sa_mining
103665,35,F,Single,2,1,Diploma,5.8,26.4,28.2,159.2,71.6,Never,Regularly,4,246.76,4.96,17.8,5,109,25,7.0,synthetic_mining_v1__glencore_sa_mining
103666,51,M,Married,0,0,Secondary,8.2,14.0,22.8,157.0,56.2,Daily,Never,2,247.54,6.4,4.6,8,153,21,10.0,synthetic_mining_v1__glencore_sa_mining
103667,35,F,Married,2,0,Primary,14.0,31.5,30.8,172.6,91.8,Never,Never,4,213.52,7.09,0.8,7,68,16,0.0,synthetic_mining_v1__glencore_sa_mining
103668,24,M,Divorced,1,1,Secondary,11.5,5.9,26.1,181.1,85.7,Never,Heavy,2,140.1,6.44,17.7,6,70,20,1.0,synthetic_mining_v1__glencore_sa_mining
103669,43,M,Married,0,0,Diploma,14.6,12.4,27.9,163.0,74.1,Former,Never,1,259.14,6.25,64.4,8,91,27,6.0,synthetic_mining_v1__glencore_sa_mining
103670,46,M,Single,0,0,Secondary,4.2,25.9,30.6,177.3,96.1,Daily,Never,3,289.01,7.45,16.7,1,285,24,0.0,synthetic_mining_v1__glencore_sa_mining
103671,57,M,Single,4,3,Secondary,1.4,21.2,40.4,174.2,122.7,Never,Never,6,186.35,6.7,16.2,6,234,19,15.0,synthetic_mining_v1__glencore_sa_mining
103672,54,M,Divorced,0,0,Primary,7.9,11.1,26.8,165.1,73.2,Never,Never,1,176.4,5.44,90.0,8,249,36,14.0,synthetic_mining_v1__glencore_sa_mining
103673,44,M,Married,2,1,Diploma,11.1,7.7,27.7,176.9,86.7,Daily,Occasionally,3,214.06,6.49,62.7,7,118,26,6.0,synthetic_mining_v1__glencore_sa_mining
103674,36,F,Married,1,0,Secondary,0.4,29.3,22.6,163.6,60.6,Never,Occasionally,1,237.25,8.54,23.6,6,75,12,0.0,synthetic_mining_v1__glencore_sa_mining
103675,33,M,Divorced,4,0,Secondary,7.2,10.1,26.9,168.8,76.7,Former,Regularly,5,161.48,7.06,24.3,5,114,16,0.0,synthetic_mining_v1__glencore_sa_mining
103676,35,F,Married,1,1,Secondary,5.0,20.5,22.9,155.9,55.6,Never,Occasionally,2,223.4,4.81,25.0,6,87,26,4.0,synthetic_mining_v1__glencore_sa_mining
103677,31,M,Married,1,1,Secondary,22.8,5.3,28.2,162.7,74.7,Never,Regularly,3,228.55,6.32,7.8,2,109,23,4.0,synthetic_mining_v1__glencore_sa_mining
103678,36,M,Married,1,1,Diploma,6.6,17.6,26.0,169.7,74.8,Daily,Occasionally,0,183.62,5.46,7.7,4,99,26,14.0,synthetic_mining_v1__glencore_sa_mining
103679,19,M,Married,0,0,Secondary,5.2,9.3,29.2,163.4,78.0,Never,Occasionally,2,209.72,8.33,10.9,0,39,22,1.0,synthetic_mining_v1__glencore_sa_mining
103680,40,M,Married,0,0,Secondary,1.8,11.7,28.7,176.5,89.4,Occasional,Occasionally,1,299.27,6.65,7.5,8,90,21,0.0,synthetic_mining_v1__glencore_sa_mining
103681,38,F,Married,5,0,Tertiary,3.7,15.2,26.2,151.4,60.0,Never,Occasionally,0,207.3,3.5,9.9,6,41,28,2.0,synthetic_mining_v1__glencore_sa_mining
103682,61,M,Married,2,1,Secondary,1.6,17.7,25.2,179.6,81.3,Former,Regularly,2,214.49,7.05,20.5,3,60,21,6.0,synthetic_mining_v1__glencore_sa_mining
103683,45,F,Single,3,2,Primary,8.8,48.4,28.7,145.0,60.3,Never,Regularly,3,238.34,6.38,16.6,4,165,19,7.0,synthetic_mining_v1__glencore_sa_mining
103684,34,M,Single,2,1,Primary,1.6,12.3,37.1,174.5,113.0,Former,Regularly,4,190.16,5.06,6.7,15,57,20,7.0,synthetic_mining_v1__glencore_sa_mining
103685,43,M,Married,4,0,Tertiary,10.4,13.6,38.9,184.4,132.1,Former,Occasionally,4,253.02,6.61,31.2,3,271,28,32.0,synthetic_mining_v1__glencore_sa_mining
103686,27,M,Married,2,1,Secondary,5.2,17.0,26.0,173.6,78.4,Daily,Regularly,2,169.24,9.14,21.2,4,100,28,6.0,synthetic_mining_v1__glencore_sa_mining
103687,33,M,Single,0,0,Secondary,9.8,13.3,27.3,180.3,88.6,Daily,Regularly,6,200.97,4.0,10.7,5,116,24,4.0,synthetic_mining_v1__glencore_sa_mining
103688,21,M,Divorced,0,0,Secondary,5.0,5.9,22.5,189.4,80.7,Never,Never,2,230.9,6.71,1.7,10,38,18,0.0,synthetic_mining_v1__glencore_sa_mining
103689,51,M,Married,2,0,Tertiary,1.7,10.3,29.4,154.9,70.4,Occasional,Regularly,0,280.84,6.24,36.7,5,31,26,0.0,synthetic_mining_v1__glencore_sa_mining
103690,43,M,Married,1,1,Secondary,13.3,1.5,20.6,166.7,57.2,Never,Regularly,5,208.96,5.1,10.7,9,27,21,1.0,synthetic_mining_v1__glencore_sa_mining
103691,27,M,Divorced,2,1,Diploma,7.9,6.0,24.9,169.8,71.8,Former,Regularly,4,331.75,5.15,25.7,4,103,31,23.0,synthetic_mining_v1__glencore_sa_mining
103692,37,M,Married,2,1,Diploma,11.4,0.9,27.9,164.1,75.1,Former,Regularly,0,277.59,6.34,1.2,9,107,17,12.0,synthetic_mining_v1__glencore_sa_mining
103693,47,M,Married,2,2,Primary,6.1,14.0,16.5,169.2,47.4,Daily,Occasionally,0,213.67,7.17,55.2,7,167,29,10.0,synthetic_mining_v1__glencore_sa_mining
103694,42,M,Single,2,2,Secondary,4.7,11.6,25.3,175.6,78.1,Former,Occasionally,5,240.26,7.77,7.4,9,170,11,1.0,synthetic_mining_v1__glencore_sa_mining
103695,41,M,Single,1,1,Secondary,16.4,10.2,17.4,170.8,50.9,Never,Never,2,270.43,5.51,24.5,4,266,32,0.0,synthetic_mining_v1__glencore_sa_mining
103696,30,M,Married,2,1,Secondary,1.1,6.5,19.1,166.0,52.6,Never,Never,5,198.66,7.06,8.0,5,98,8,0.0,synthetic_mining_v1__glencore_sa_mining
103697,32,M,Married,0,0,Tertiary,8.5,15.3,31.8,174.1,96.5,Daily,Occasionally,2,245.19,5.62,11.2,12,101,18,10.0,synthetic_mining_v1__glencore_sa_mining
103698,39,M,Married,1,1,Diploma,18.7,20.0,22.1,170.7,64.3,Never,Occasionally,4,245.55,4.74,25.1,7,149,25,11.0,synthetic_mining_v1__glencore_sa_mining
103699,46,F,Married,2,1,Secondary,2.9,15.4,24.9,168.2,70.5,Never,Occasionally,0,228.04,6.04,6.6,4,76,14,2.0,synthetic_mining_v1__glencore_sa_mining
103700,31,M,Single,2,1,Primary,5.0,23.8,33.0,164.1,88.8,Occasional,Occasionally,0,222.71,7.2,27.4,7,28,23,13.0,synthetic_mining_v1__glencore_sa_mining
103701,28,M,Divorced,1,0,Secondary,8.6,26.2,32.3,179.8,104.4,Former,Occasionally,0,165.58,5.46,21.2,3,40,20,0.0,synthetic_mining_v1__glencore_sa_mining
103702,48,M,Married,2,1,Diploma,7.4,31.5,31.1,157.7,77.5,Occasional,Heavy,1,241.29,7.66,16.6,7,54,18,41.0,synthetic_mining_v1__glencore_sa_mining
103703,30,M,Married,2,2,Secondary,1.8,19.4,31.6,175.5,97.2,Never,Regularly,1,200.94,7.43,26.0,6,47,32,6.0,synthetic_mining_v1__glencore_sa_mining
103704,48,F,Single,1,1,Diploma,4.3,18.9,25.5,161.4,66.3,Former,Occasionally,2,175.2,8.08,13.2,5,365,22,0.0,synthetic_mining_v1__glencore_sa_mining
103705,40,M,Married,2,0,Primary,15.6,27.8,29.5,165.7,81.0,Never,Never,3,213.32,5.31,6.2,8,115,26,3.0,synthetic_mining_v1__glencore_sa_mining
103706,46,M,Married,3,2,Primary,8.8,11.3,25.0,181.5,82.5,Occasional,Never,1,172.27,6.0,5.0,5,44,16,5.0,synthetic_mining_v1__glencore_sa_mining
103707,54,M,Single,0,0,Secondary,4.0,3.7,23.0,167.1,64.3,Daily,Never,4,225.33,6.38,13.9,9,37,21,3.0,synthetic_mining_v1__glencore_sa_mining
103708,44,M,Single,1,0,Secondary,12.3,33.5,19.8,178.0,62.6,Never,Never,2,198.12,7.41,27.1,7,100,30,1.0,synthetic_mining_v1__glencore_sa_mining
103709,45,F,Single,3,0,Diploma,6.2,7.6,29.7,166.0,81.9,Daily,Occasionally,4,283.03,7.41,2.2,7,46,20,0.0,synthetic_mining_v1__glencore_sa_mining
103710,30,M,Married,3,1,Secondary,14.0,13.0,23.2,159.4,59.1,Occasional,Occasionally,5,241.65,6.58,14.3,10,116,23,0.0,synthetic_mining_v1__glencore_sa_mining
103711,32,M,Divorced,0,0,Secondary,6.8,15.1,20.6,174.5,62.6,Former,Occasionally,3,196.29,5.91,5.8,7,160,10,1.0,synthetic_mining_v1__glencore_sa_mining
103712,44,M,Married,2,0,Tertiary,3.9,26.1,30.2,164.3,81.5,Former,Regularly,2,207.38,6.81,3.4,2,203,22,4.0,synthetic_mining_v1__glencore_sa_mining
103713,52,M,Married,2,2,Secondary,6.2,16.8,29.9,168.1,84.3,Former,Heavy,2,97.42,6.64,0.3,3,113,20,3.0,synthetic_mining_v1__glencore_sa_mining
103714,51,M,Married,0,0,Secondary,9.7,13.3,27.0,176.6,84.3,Never,Occasionally,4,176.21,5.23,26.2,10,116,22,4.0,synthetic_mining_v1__glencore_sa_mining
103715,59,M,Married,5,3,Secondary,6.0,26.1,20.5,167.4,57.4,Occasional,Never,3,221.02,6.55,20.9,5,59,29,2.0,synthetic_mining_v1__glencore_sa_mining
103716,41,M,Married,1,1,Secondary,14.6,15.6,21.6,162.5,57.1,Former,Never,0,221.3,5.04,16.1,7,60,22,2.0,synthetic_mining_v1__glencore_sa_mining
103717,40,M,Married,6,1,Secondary,10.0,17.1,22.5,161.4,58.8,Former,Occasionally,0,254.53,6.33,6.7,10,325,25,0.0,synthetic_mining_v1__glencore_sa_mining
103718,47,M,Single,1,1,Primary,4.7,27.1,17.0,174.5,51.9,Never,Heavy,3,242.32,6.0,22.6,6,92,10,2.0,synthetic_mining_v1__glencore_sa_mining
103719,38,M,Married,4,2,Primary,6.6,5.9,31.6,181.0,103.5,Never,Regularly,0,194.39,6.3,8.9,7,22,14,7.0,synthetic_mining_v1__glencore_sa_mining
103720,37,M,Single,1,1,Diploma,1.5,15.2,29.0,165.4,79.3,Never,Never,3,137.67,5.55,12.0,8,49,20,1.0,synthetic_mining_v1__glencore_sa_mining
103721,29,M,Married,2,0,Secondary,8.7,11.8,21.8,170.4,63.4,Never,Occasionally,0,173.85,8.55,23.4,10,173,25,1.0,synthetic_mining_v1__glencore_sa_mining
103722,47,F,Single,2,1,Diploma,1.1,1.9,29.5,148.9,65.5,Never,Occasionally,4,159.34,5.9,15.0,5,45,14,1.0,synthetic_mining_v1__glencore_sa_mining
103723,28,M,Married,0,0,Secondary,9.1,12.9,19.1,166.3,52.7,Never,Never,0,255.81,5.9,3.5,2,76,24,0.0,synthetic_mining_v1__glencore_sa_mining
103724,43,F,Married,3,3,Secondary,3.2,22.2,31.2,160.9,80.6,Former,Heavy,3,228.76,4.32,3.4,8,63,21,13.0,synthetic_mining_v1__glencore_sa_mining
103725,25,M,Married,0,0,Secondary,8.6,20.6,21.9,173.2,65.7,Never,Occasionally,1,221.11,5.69,30.9,12,129,27,1.0,synthetic_mining_v1__glencore_sa_mining
103726,48,M,Married,0,0,Secondary,7.1,17.0,25.4,167.0,70.9,Never,Never,3,296.64,6.89,20.1,3,34,24,5.0,synthetic_mining_v1__glencore_sa_mining
103727,29,M,Married,3,0,Diploma,7.6,30.4,23.6,177.3,74.2,Never,Occasionally,2,165.25,7.95,16.9,7,34,17,0.0,synthetic_mining_v1__glencore_sa_mining
103728,46,M,Single,0,0,Diploma,5.5,8.4,24.5,167.3,68.5,Never,Occasionally,0,265.03,9.14,2.9,5,129,15,1.0,synthetic_mining_v1__glencore_sa_mining
103729,24,M,Married,0,0,Diploma,9.9,31.8,27.5,174.9,84.3,Never,Regularly,3,237.74,5.92,7.2,9,58,15,2.0,synthetic_mining_v1__glencore_sa_mining
103730,34,M,Married,2,2,Secondary,3.6,8.2,27.2,176.4,84.8,Daily,Occasionally,1,258.07,6.33,47.7,6,57,25,24.0,synthetic_mining_v1__glencore_sa_mining
103731,49,M,Married,1,1,Diploma,5.2,4.5,28.9,173.9,87.3,Former,Regularly,1,223.97,6.09,25.0,7,151,24,22.0,synthetic_mining_v1__glencore_sa_mining
103732,31,M,Married,1,0,Secondary,9.2,12.7,29.9,179.1,95.9,Daily,Never,2,202.36,6.76,19.9,5,134,22,19.0,synthetic_mining_v1__glencore_sa_mining
103733,39,M,Married,1,0,Secondary,5.7,34.9,33.0,172.0,97.5,Daily,Heavy,3,247.25,5.5,7.0,7,68,18,0.0,synthetic_mining_v1__glencore_sa_mining
103734,34,M,Single,0,0,Secondary,4.4,10.8,29.7,171.8,87.7,Former,Never,0,183.6,6.73,29.8,1,48,25,2.0,synthetic_mining_v1__glencore_sa_mining
103735,19,F,Single,1,1,Secondary,7.7,2.0,31.7,159.9,80.9,Never,Occasionally,3,264.14,7.25,3.3,4,190,22,3.0,synthetic_mining_v1__glencore_sa_mining
103736,41,M,Married,1,0,Secondary,1.3,29.3,30.1,158.3,75.5,Daily,Never,1,199.12,7.62,19.5,4,20,20,12.0,synthetic_mining_v1__glencore_sa_mining
103737,42,M,Single,0,0,Secondary,2.3,11.4,25.2,166.1,69.6,Former,Occasionally,1,297.19,6.28,20.7,6,27,29,10.0,synthetic_mining_v1__glencore_sa_mining
103738,28,M,Married,1,1,Secondary,11.9,3.3,28.3,167.1,79.1,Former,Occasionally,1,160.12,6.22,5.7,5,77,19,0.0,synthetic_mining_v1__glencore_sa_mining
103739,43,M,Married,1,1,Secondary,5.4,15.6,24.1,178.9,77.1,Daily,Occasionally,1,317.47,5.11,19.9,8,81,24,39.0,synthetic_mining_v1__glencore_sa_mining
103740,31,M,Married,1,0,Secondary,4.7,31.6,25.5,185.5,87.6,Never,Heavy,3,150.7,7.29,16.7,9,73,20,1.0,synthetic_mining_v1__glencore_sa_mining
103741,29,M,Divorced,3,1,Secondary,13.1,11.2,23.2,176.8,72.5,Never,Occasionally,1,163.09,6.36,16.4,10,106,20,2.0,synthetic_mining_v1__glencore_sa_mining
103742,38,F,Single,2,1,Primary,7.2,12.3,23.0,155.5,55.5,Never,Occasionally,2,238.94,6.47,18.4,6,133,28,2.0,synthetic_mining_v1__glencore_sa_mining
103743,32,M,Single,0,0,Primary,8.8,20.4,22.5,182.1,74.6,Never,Regularly,3,237.99,5.13,8.3,3,185,29,4.0,synthetic_mining_v1__glencore_sa_mining
103744,59,M,Married,0,0,Secondary,3.4,12.3,20.9,168.8,59.6,Former,Never,1,255.33,5.07,5.2,9,124,21,6.0,synthetic_mining_v1__glencore_sa_mining
103745,24,M,Married,1,1,Secondary,8.9,15.1,33.0,167.3,92.4,Never,Regularly,2,254.23,6.14,8.7,3,11,9,0.0,synthetic_mining_v1__glencore_sa_mining
103746,45,M,Divorced,3,0,Secondary,5.4,3.9,23.8,181.5,78.5,Daily,Never,3,244.53,5.62,14.6,6,250,19,8.0,synthetic_mining_v1__glencore_sa_mining
103747,47,M,Single,1,1,Secondary,14.6,32.5,33.8,181.7,111.7,Never,Regularly,1,178.07,7.68,17.7,6,107,15,0.0,synthetic_mining_v1__glencore_sa_mining
103748,20,M,Single,2,1,Primary,5.0,13.1,29.7,165.2,81.2,Daily,Occasionally,3,198.35,4.81,14.9,7,63,23,2.0,synthetic_mining_v1__glencore_sa_mining
103749,22,M,Married,2,2,Diploma,5.1,9.0,25.5,180.7,83.3,Never,Occasionally,5,256.08,6.95,56.4,2,30,12,1.0,synthetic_mining_v1__glencore_sa_mining
103750,43,M,Single,4,0,Secondary,6.9,6.2,32.6,166.1,89.9,Former,Occasionally,3,237.18,5.76,17.1,9,216,33,16.0,synthetic_mining_v1__glencore_sa_mining
103751,34,M,Single,3,0,Primary,7.1,22.4,25.5,171.2,74.9,Never,Occasionally,4,298.31,5.9,2.7,5,34,15,2.0,synthetic_mining_v1__glencore_sa_mining
103752,41,M,Single,2,1,Secondary,3.5,8.8,29.7,172.9,88.9,Daily,Heavy,4,239.17,5.87,1.1,7,15,21,13.0,synthetic_mining_v1__glencore_sa_mining
103753,48,F,Married,0,0,Primary,1.9,10.7,33.5,145.0,70.4,Never,Occasionally,4,254.68,9.23,25.6,15,82,24,0.0,synthetic_mining_v1__glencore_sa_mining
103754,35,M,Divorced,0,0,Tertiary,2.1,17.3,22.9,172.8,68.3,Occasional,Occasionally,1,278.98,6.68,18.4,10,32,21,13.0,synthetic_mining_v1__glencore_sa_mining
103755,28,M,Married,2,1,Secondary,3.3,15.8,21.8,170.5,63.5,Former,Never,4,199.68,7.07,5.8,9,25,15,0.0,synthetic_mining_v1__glencore_sa_mining
103756,19,M,Married,2,2,Tertiary,5.1,20.5,29.7,173.9,89.8,Never,Never,0,219.26,5.75,16.7,6,81,13,0.0,synthetic_mining_v1__glencore_sa_mining
103757,40,M,Single,2,2,Secondary,17.1,8.4,28.8,171.3,84.4,Never,Regularly,3,221.62,7.47,7.0,6,268,24,4.0,synthetic_mining_v1__glencore_sa_mining
103758,30,M,Married,1,1,Diploma,3.1,23.8,24.6,173.3,73.9,Former,Never,3,246.72,6.65,7.6,6,50,27,1.0,synthetic_mining_v1__glencore_sa_mining
103759,41,M,Single,3,0,Diploma,5.0,6.4,32.5,170.3,94.3,Occasional,Occasionally,2,254.3,6.08,11.9,5,265,27,7.0,synthetic_mining_v1__glencore_sa_mining
103760,40,F,Single,1,1,Diploma,7.7,29.1,32.1,153.4,75.6,Occasional,Occasionally,1,196.02,4.44,25.9,2,83,29,16.0,synthetic_mining_v1__glencore_sa_mining
103761,26,M,Married,1,1,Secondary,8.8,8.1,24.2,170.4,70.1,Former,Occasionally,3,274.8,5.19,1.4,6,79,15,1.0,synthetic_mining_v1__glencore_sa_mining
103762,54,M,Married,2,0,Primary,6.6,20.7,23.7,183.3,79.5,Daily,Occasionally,1,268.16,7.0,4.2,4,232,17,7.0,synthetic_mining_v1__glencore_sa_mining
103763,48,M,Married,2,0,Secondary,9.9,22.0,27.7,161.7,72.3,Daily,Never,2,195.56,6.03,11.3,13,115,18,36.0,synthetic_mining_v1__glencore_sa_mining
103764,46,M,Single,2,2,Secondary,10.1,15.9,26.9,176.4,83.6,Never,Occasionally,4,239.12,6.33,8.0,7,260,21,4.0,synthetic_mining_v1__glencore_sa_mining
103765,27,M,Single,0,0,Primary,7.5,13.8,31.6,160.7,81.7,Daily,Occasionally,2,198.03,3.5,23.1,9,39,28,12.0,synthetic_mining_v1__glencore_sa_mining
103766,34,M,Widowed,0,0,Primary,3.4,16.8,33.5,186.6,116.8,Former,Regularly,0,266.78,6.75,0.3,6,116,11,12.0,synthetic_mining_v1__glencore_sa_mining
103767,33,M,Married,2,2,Diploma,3.9,14.8,33.4,156.3,81.5,Never,Never,3,223.01,7.19,11.6,5,78,16,1.0,synthetic_mining_v1__glencore_sa_mining
103768,34,F,Single,0,0,Secondary,5.3,17.9,23.4,166.0,64.6,Former,Occasionally,2,147.68,6.12,4.7,3,107,15,0.0,synthetic_mining_v1__glencore_sa_mining
103769,28,M,Divorced,2,2,Diploma,15.8,17.5,26.9,162.5,71.1,Never,Never,1,213.11,7.58,25.2,8,8,9,0.0,synthetic_mining_v1__glencore_sa_mining
103770,42,M,Single,3,2,Secondary,1.5,18.8,23.2,180.2,75.4,Occasional,Never,4,250.11,5.5,1.5,4,125,15,3.0,synthetic_mining_v1__glencore_sa_mining
103771,40,M,Married,3,1,Secondary,16.5,29.8,23.3,174.6,71.2,Never,Never,4,220.44,7.87,32.7,5,74,23,3.0,synthetic_mining_v1__glencore_sa_mining
103772,41,M,Married,2,0,Secondary,6.2,13.6,23.9,174.5,72.8,Occasional,Occasionally,1,175.97,5.75,60.5,9,259,34,12.0,synthetic_mining_v1__glencore_sa_mining
103773,33,M,Divorced,1,1,Primary,5.7,5.6,31.4,167.2,87.7,Former,Occasionally,2,281.81,6.15,16.8,8,71,29,7.0,synthetic_mining_v1__glencore_sa_mining
103774,50,M,Divorced,1,1,Primary,2.3,33.2,24.6,174.7,75.1,Never,Never,1,265.9,7.39,10.0,7,141,21,9.0,synthetic_mining_v1__glencore_sa_mining
103775,40,M,Divorced,2,1,Primary,11.8,22.9,31.5,171.7,92.8,Former,Never,0,287.34,6.34,3.0,11,72,20,6.0,synthetic_mining_v1__glencore_sa_mining
103776,19,M,Married,1,0,Primary,2.4,7.0,28.5,178.8,91.0,Daily,Regularly,2,239.03,7.78,5.4,3,67,12,0.0,synthetic_mining_v1__glencore_sa_mining
103777,32,M,Divorced,3,0,Secondary,13.1,7.5,32.2,165.0,87.7,Daily,Regularly,4,149.5,6.97,11.8,8,114,20,0.0,synthetic_mining_v1__glencore_sa_mining
103778,37,M,Single,2,1,Diploma,5.8,29.3,22.7,164.1,61.1,Never,Occasionally,3,199.54,7.18,12.2,9,51,21,2.0,synthetic_mining_v1__glencore_sa_mining
103779,47,M,Married,1,1,Primary,3.6,12.1,30.0,168.4,85.0,Former,Occasionally,1,131.26,5.36,18.2,10,59,22,1.0,synthetic_mining_v1__glencore_sa_mining
103780,35,F,Married,3,2,Secondary,9.6,11.6,27.7,160.2,71.1,Daily,Occasionally,3,264.33,7.44,6.3,7,136,12,12.0,synthetic_mining_v1__glencore_sa_mining
103781,36,F,Married,0,0,Diploma,15.5,8.0,27.3,168.5,77.5,Occasional,Occasionally,0,198.57,5.91,11.6,7,155,18,0.0,synthetic_mining_v1__glencore_sa_mining
103782,32,F,Married,3,2,Diploma,7.9,20.7,26.8,157.1,66.1,Never,Never,4,187.64,8.18,15.0,5,52,18,1.0,synthetic_mining_v1__glencore_sa_mining
103783,44,M,Single,1,0,Secondary,12.0,9.6,27.0,167.6,75.8,Occasional,Occasionally,1,235.46,6.15,6.3,8,243,18,0.0,synthetic_mining_v1__glencore_sa_mining
103784,34,M,Married,2,0,Secondary,4.3,27.6,34.4,175.4,105.8,Never,Regularly,4,140.34,7.49,55.0,2,21,18,0.0,synthetic_mining_v1__glencore_sa_mining
103785,33,M,Married,2,1,Diploma,12.2,22.1,25.1,166.7,69.8,Former,Regularly,5,194.56,7.03,26.7,4,79,24,0.0,synthetic_mining_v1__glencore_sa_mining
103786,31,M,Single,1,0,Secondary,11.1,26.4,28.4,175.4,87.4,Daily,Heavy,3,183.7,6.33,16.0,8,213,33,60.0,synthetic_mining_v1__glencore_sa_mining
103787,43,M,Married,1,1,Diploma,16.1,3.9,25.8,168.4,73.1,Daily,Never,1,306.49,6.08,14.0,4,89,21,28.0,synthetic_mining_v1__glencore_sa_mining
103788,33,M,Divorced,1,1,Primary,23.5,8.4,23.3,166.6,64.6,Never,Occasionally,0,193.65,7.34,16.5,8,206,26,0.0,synthetic_mining_v1__glencore_sa_mining
103789,23,M,Single,2,2,Tertiary,2.3,16.9,25.2,176.0,78.0,Occasional,Occasionally,2,220.86,6.59,21.1,9,164,23,2.0,synthetic_mining_v1__glencore_sa_mining
103790,44,M,Married,0,0,Secondary,12.9,6.0,32.0,162.8,84.9,Never,Occasionally,2,182.72,7.87,4.8,4,47,21,2.0,synthetic_mining_v1__glencore_sa_mining
103791,32,M,Married,1,1,Diploma,1.9,26.9,16.0,164.3,43.2,Occasional,Regularly,0,312.3,6.84,49.4,5,34,19,18.0,synthetic_mining_v1__glencore_sa_mining
103792,41,M,Married,1,1,Diploma,18.5,11.0,36.8,165.7,101.0,Former,Regularly,3,165.67,5.29,43.3,10,106,28,17.0,synthetic_mining_v1__glencore_sa_mining
103793,41,M,Single,2,2,Primary,1.5,25.2,24.8,179.5,79.9,Never,Heavy,0,224.04,5.11,53.6,4,94,24,47.0,synthetic_mining_v1__glencore_sa_mining
103794,49,M,Married,3,0,Primary,9.1,20.2,36.6,174.4,111.2,Daily,Never,0,255.74,5.33,14.3,5,135,26,120.0,synthetic_mining_v1__glencore_sa_mining
103795,47,M,Married,2,1,Secondary,6.0,40.2,29.2,174.2,88.5,Former,Never,2,270.72,7.62,73.5,10,40,24,13.0,synthetic_mining_v1__glencore_sa_mining
103796,33,M,Married,4,2,Primary,1.8,20.0,29.7,166.0,81.8,Former,Never,0,218.58,5.89,11.0,7,155,29,3.0,synthetic_mining_v1__glencore_sa_mining
103797,37,M,Single,0,0,Secondary,4.5,0.5,22.5,153.1,52.7,Never,Occasionally,1,265.13,6.67,18.6,8,96,23,2.0,synthetic_mining_v1__glencore_sa_mining
103798,26,M,Married,1,0,Secondary,0.7,7.7,23.1,170.7,67.4,Never,Occasionally,3,115.86,6.09,24.7,8,66,28,0.0,synthetic_mining_v1__glencore_sa_mining
103799,53,M,Divorced,0,0,Primary,7.7,32.4,20.5,159.3,52.0,Daily,Regularly,1,199.87,4.75,25.0,11,188,34,0.0,synthetic_mining_v1__glencore_sa_mining
103800,42,M,Divorced,3,3,Secondary,2.9,29.1,33.6,172.1,99.6,Never,Occasionally,1,219.86,6.91,3.7,10,261,23,12.0,synthetic_mining_v1__glencore_sa_mining
103801,51,M,Widowed,2,1,Primary,9.9,14.6,29.0,166.5,80.5,Never,Occasionally,1,205.23,7.87,19.2,7,35,20,3.0,synthetic_mining_v1__glencore_sa_mining
103802,35,M,Single,2,2,Primary,7.2,25.3,25.8,164.9,70.1,Never,Occasionally,3,236.07,5.98,16.6,6,57,18,3.0,synthetic_mining_v1__glencore_sa_mining
103803,20,M,Married,3,0,Secondary,13.0,13.9,23.5,169.1,67.1,Former,Never,3,205.86,7.15,5.8,8,115,28,2.0,synthetic_mining_v1__glencore_sa_mining
103804,52,M,Single,0,0,Secondary,2.0,20.2,35.6,165.3,97.3,Daily,Occasionally,2,236.94,6.97,25.9,9,9,19,10.0,synthetic_mining_v1__glencore_sa_mining
103805,39,M,Single,1,1,Secondary,4.4,4.2,24.7,162.0,64.8,Occasional,Never,2,248.75,4.02,17.8,4,319,37,3.0,synthetic_mining_v1__glencore_sa_mining
103806,39,M,Married,1,1,Secondary,3.5,9.3,29.4,164.6,79.5,Daily,Heavy,3,186.73,6.3,5.0,7,126,18,0.0,synthetic_mining_v1__glencore_sa_mining
103807,38,M,Divorced,2,2,Secondary,2.5,8.6,28.7,185.5,98.6,Daily,Occasionally,1,286.95,6.26,14.4,3,159,24,29.0,synthetic_mining_v1__glencore_sa_mining
103808,44,M,Single,3,1,Secondary,5.8,1.7,25.1,174.4,76.3,Occasional,Heavy,4,292.05,5.75,17.4,8,209,24,0.0,synthetic_mining_v1__glencore_sa_mining
103809,43,M,Single,2,0,Secondary,13.2,25.0,22.2,157.2,54.9,Former,Occasionally,2,197.4,6.28,19.7,8,64,15,0.0,synthetic_mining_v1__glencore_sa_mining
103810,24,F,Married,2,2,Secondary,8.4,25.2,26.6,158.2,66.6,Never,Occasionally,2,231.3,6.12,9.6,8,77,18,1.0,synthetic_mining_v1__glencore_sa_mining
103811,48,M,Divorced,2,2,Secondary,2.0,17.5,28.6,168.5,81.3,Occasional,Occasionally,1,188.39,7.24,41.0,4,80,26,0.0,synthetic_mining_v1__glencore_sa_mining
103812,33,M,Married,0,0,Primary,3.9,11.5,30.4,163.3,81.0,Never,Never,4,246.15,7.05,9.0,6,158,20,0.0,synthetic_mining_v1__glencore_sa_mining
103813,34,M,Single,1,1,Diploma,16.3,4.2,29.0,152.4,67.3,Former,Never,1,274.29,5.89,30.4,5,114,25,13.0,synthetic_mining_v1__glencore_sa_mining
103814,54,M,Married,1,1,Diploma,10.3,9.4,28.7,172.3,85.1,Daily,Never,4,244.67,6.19,14.5,4,31,19,12.0,synthetic_mining_v1__glencore_sa_mining
103815,46,F,Divorced,3,2,Primary,6.9,5.4,22.2,159.3,56.2,Daily,Regularly,3,290.13,7.43,12.1,11,133,25,13.0,synthetic_mining_v1__glencore_sa_mining
103816,35,M,Single,0,0,Secondary,11.7,9.3,33.0,168.0,93.0,Daily,Occasionally,1,299.91,4.51,10.4,5,184,28,35.0,synthetic_mining_v1__glencore_sa_mining
103817,21,M,Married,1,1,Primary,5.2,32.4,36.3,173.7,109.6,Never,Never,0,238.1,6.09,11.5,7,50,15,0.0,synthetic_mining_v1__glencore_sa_mining
103818,39,M,Divorced,3,1,Primary,9.3,4.1,22.5,169.0,64.4,Never,Never,0,190.17,5.69,16.5,7,73,25,0.0,synthetic_mining_v1__glencore_sa_mining
103819,43,F,Married,1,1,Tertiary,6.0,29.4,34.3,158.9,86.6,Never,Regularly,1,199.25,5.14,17.3,10,46,27,0.0,synthetic_mining_v1__glencore_sa_mining
103820,37,F,Married,1,0,Diploma,9.7,14.9,24.0,156.5,58.8,Daily,Regularly,1,161.87,7.11,10.9,4,58,15,1.0,synthetic_mining_v1__glencore_sa_mining
103821,27,M,Married,2,0,Diploma,3.2,10.0,21.5,170.9,62.9,Never,Never,2,145.73,6.24,27.4,8,17,23,1.0,synthetic_mining_v1__glencore_sa_mining
103822,31,M,Widowed,3,3,Diploma,7.6,11.4,29.7,171.7,87.6,Occasional,Occasionally,2,213.89,6.69,1.8,9,55,11,0.0,synthetic_mining_v1__glencore_sa_mining
103823,27,M,Married,1,0,Secondary,6.0,3.5,22.2,167.4,62.2,Never,Occasionally,0,225.61,8.31,13.6,6,84,10,1.0,synthetic_mining_v1__glencore_sa_mining
103824,40,M,Single,0,0,Primary,5.5,9.4,23.4,168.3,66.3,Never,Occasionally,3,210.31,5.17,12.9,6,24,12,4.0,synthetic_mining_v1__glencore_sa_mining
103825,45,F,Married,1,0,Secondary,8.6,3.2,26.1,145.0,54.8,Never,Occasionally,2,262.72,3.52,35.3,2,277,33,20.0,synthetic_mining_v1__glencore_sa_mining
103826,47,M,Married,5,0,Secondary,14.7,4.1,30.0,165.2,81.9,Never,Regularly,0,197.8,4.85,10.2,14,36,21,28.0,synthetic_mining_v1__glencore_sa_mining
103827,31,M,Married,0,0,Secondary,9.5,16.1,21.0,168.7,59.9,Never,Occasionally,2,168.45,5.78,12.7,10,139,30,0.0,synthetic_mining_v1__glencore_sa_mining
103828,40,M,Single,1,1,Secondary,2.2,13.7,36.5,171.3,107.2,Daily,Regularly,2,195.64,6.91,49.7,5,48,24,56.0,synthetic_mining_v1__glencore_sa_mining
103829,43,F,Single,2,1,Diploma,10.5,30.8,33.4,151.4,76.5,Never,Regularly,2,271.85,5.65,1.6,5,22,20,8.0,synthetic_mining_v1__glencore_sa_mining
103830,33,F,Single,1,0,Tertiary,3.8,35.9,24.9,151.8,57.3,Former,Occasionally,1,174.44,5.75,2.2,9,159,24,4.0,synthetic_mining_v1__glencore_sa_mining
103831,37,M,Married,5,0,Secondary,7.5,19.8,22.7,174.8,69.5,Daily,Occasionally,2,309.97,7.07,5.9,9,120,31,74.0,synthetic_mining_v1__glencore_sa_mining
103832,57,M,Married,4,2,Secondary,0.7,8.5,35.3,169.9,102.0,Never,Regularly,2,175.46,7.11,32.8,10,154,21,13.0,synthetic_mining_v1__glencore_sa_mining
103833,40,M,Married,0,0,Secondary,1.7,21.3,32.3,176.3,100.5,Former,Never,2,200.77,7.92,20.4,2,185,20,1.0,synthetic_mining_v1__glencore_sa_mining
103834,46,M,Married,1,1,Tertiary,7.1,11.1,20.6,168.2,58.3,Former,Never,3,281.9,7.91,5.8,16,32,21,1.0,synthetic_mining_v1__glencore_sa_mining
103835,34,F,Married,2,1,Primary,2.8,21.3,33.2,165.6,91.1,Never,Occasionally,3,269.31,5.78,12.2,7,144,20,14.0,synthetic_mining_v1__glencore_sa_mining
103836,38,M,Married,2,2,Secondary,9.9,10.1,24.8,162.7,65.8,Never,Never,1,200.23,4.1,36.2,5,160,31,9.0,synthetic_mining_v1__glencore_sa_mining
103837,23,F,Married,1,1,Secondary,3.5,10.7,26.5,160.9,68.6,Occasional,Never,0,186.97,7.43,23.3,9,63,23,2.0,synthetic_mining_v1__glencore_sa_mining
103838,38,M,Married,2,0,Secondary,6.9,8.1,28.6,173.4,85.9,Occasional,Regularly,7,205.83,8.35,6.6,4,35,17,3.0,synthetic_mining_v1__glencore_sa_mining
103839,49,M,Married,1,1,Secondary,7.8,8.0,28.4,165.8,78.1,Never,Regularly,3,301.14,7.5,19.2,7,64,18,14.0,synthetic_mining_v1__glencore_sa_mining
103840,57,M,Married,0,0,Secondary,2.7,14.2,25.8,173.2,77.5,Former,Never,5,284.74,5.17,18.8,9,134,29,14.0,synthetic_mining_v1__glencore_sa_mining
103841,49,M,Widowed,4,1,Secondary,11.6,4.7,26.3,171.5,77.5,Daily,Occasionally,3,217.67,4.13,61.5,10,206,32,31.0,synthetic_mining_v1__glencore_sa_mining
103842,44,M,Widowed,0,0,Primary,3.5,31.3,39.4,168.4,111.6,Daily,Never,1,209.95,5.53,4.2,6,159,17,37.0,synthetic_mining_v1__glencore_sa_mining
103843,38,M,Divorced,4,0,Primary,11.3,9.0,28.0,160.6,72.4,Daily,Regularly,2,183.49,5.92,24.1,8,34,18,8.0,synthetic_mining_v1__glencore_sa_mining
103844,33,M,Single,1,0,Secondary,14.5,20.2,31.9,173.5,95.9,Never,Occasionally,4,322.91,5.54,14.0,6,77,22,5.0,synthetic_mining_v1__glencore_sa_mining
103845,37,M,Married,2,1,Secondary,0.8,6.1,24.7,169.1,70.7,Daily,Never,3,231.54,7.28,10.7,7,194,25,3.0,synthetic_mining_v1__glencore_sa_mining
103846,44,M,Single,0,0,Secondary,17.5,6.1,29.4,175.9,90.9,Former,Occasionally,3,223.04,6.6,7.4,10,107,17,4.0,synthetic_mining_v1__glencore_sa_mining
103847,31,F,Widowed,3,2,Secondary,21.1,9.9,25.2,158.7,63.6,Former,Occasionally,1,220.39,5.1,17.6,7,40,21,4.0,synthetic_mining_v1__glencore_sa_mining
103848,46,M,Married,1,1,Secondary,3.5,23.6,20.9,174.7,63.8,Daily,Never,1,149.21,5.05,13.2,6,77,19,8.0,synthetic_mining_v1__glencore_sa_mining
103849,29,M,Single,3,1,Secondary,3.4,32.9,29.2,170.6,85.1,Occasional,Never,3,222.23,5.06,11.8,2,31,21,3.0,synthetic_mining_v1__glencore_sa_mining
103850,22,M,Single,5,0,Secondary,6.8,2.4,20.2,171.8,59.8,Never,Occasionally,1,232.45,6.66,16.5,5,348,13,1.0,synthetic_mining_v1__glencore_sa_mining
103851,29,F,Married,3,0,Secondary,10.8,24.8,24.3,155.2,58.5,Former,Never,4,201.33,6.0,38.4,6,49,16,1.0,synthetic_mining_v1__glencore_sa_mining
103852,23,F,Married,2,1,Secondary,10.1,18.6,25.9,149.7,58.0,Former,Never,0,267.82,6.3,7.9,5,142,21,0.0,synthetic_mining_v1__glencore_sa_mining
103853,26,F,Married,0,0,Diploma,4.7,16.6,29.4,157.0,72.5,Daily,Regularly,4,286.58,6.74,32.0,6,22,29,0.0,synthetic_mining_v1__glencore_sa_mining
103854,48,F,Married,1,1,Primary,3.3,9.7,31.9,158.1,79.9,Never,Never,3,182.5,5.95,52.4,7,20,16,3.0,synthetic_mining_v1__glencore_sa_mining
103855,36,M,Married,2,0,Primary,17.3,19.2,25.4,168.4,72.1,Never,Never,2,216.92,7.1,34.2,8,248,29,6.0,synthetic_mining_v1__glencore_sa_mining
103856,40,M,Married,0,0,Secondary,9.6,3.8,23.1,178.2,73.4,Daily,Occasionally,2,282.15,5.44,8.6,6,148,25,4.0,synthetic_mining_v1__glencore_sa_mining
103857,48,M,Married,2,0,Secondary,16.6,50.5,28.1,163.2,74.7,Occasional,Occasionally,2,245.69,5.65,11.6,4,60,26,5.0,synthetic_mining_v1__glencore_sa_mining
103858,49,M,Married,1,0,Secondary,11.8,23.2,26.6,154.4,63.3,Never,Never,1,293.75,7.86,10.3,10,148,25,25.0,synthetic_mining_v1__glencore_sa_mining
103859,33,M,Married,1,0,Secondary,16.8,21.5,25.1,172.8,75.0,Former,Never,0,210.42,6.2,8.1,5,27,14,3.0,synthetic_mining_v1__glencore_sa_mining
103860,50,M,Married,2,2,Diploma,3.3,10.1,24.3,168.2,68.8,Never,Never,3,236.98,7.81,34.1,10,39,22,2.0,synthetic_mining_v1__glencore_sa_mining
103861,41,F,Single,2,1,Secondary,14.4,38.6,27.1,161.0,70.3,Never,Never,2,121.6,8.65,32.3,6,169,28,2.0,synthetic_mining_v1__glencore_sa_mining
103862,38,M,Married,0,0,Primary,14.2,0.6,22.9,174.6,69.9,Occasional,Never,2,244.53,5.12,2.1,5,217,22,4.0,synthetic_mining_v1__glencore_sa_mining
103863,42,F,Married,3,1,Secondary,17.0,12.9,24.5,153.2,57.4,Never,Regularly,2,181.14,6.94,16.8,6,6,21,0.0,synthetic_mining_v1__glencore_sa_mining
103864,25,M,Married,1,1,Secondary,3.5,12.7,31.6,174.4,96.0,Former,Occasionally,1,239.04,7.19,4.1,10,35,20,0.0,synthetic_mining_v1__glencore_sa_mining
103865,31,M,Single,1,1,Tertiary,8.6,6.7,31.2,160.4,80.2,Never,Never,3,238.58,6.2,15.8,9,181,30,2.0,synthetic_mining_v1__glencore_sa_mining
103866,37,F,Married,2,2,Secondary,4.5,7.2,30.6,173.3,91.9,Never,Regularly,4,228.17,6.77,42.4,12,37,24,3.0,synthetic_mining_v1__glencore_sa_mining
103867,43,M,Single,3,1,Tertiary,2.9,6.6,34.2,159.8,87.3,Former,Occasionally,0,212.42,7.13,7.9,10,22,18,3.0,synthetic_mining_v1__glencore_sa_mining
103868,35,M,Married,2,0,Tertiary,14.4,8.0,28.4,171.0,83.0,Never,Never,1,141.45,7.37,15.8,6,28,18,0.0,synthetic_mining_v1__glencore_sa_mining
103869,37,M,Married,1,1,Secondary,11.0,24.4,37.8,166.9,105.2,Former,Never,0,235.49,6.4,14.4,11,66,23,8.0,synthetic_mining_v1__glencore_sa_mining
103870,47,M,Married,1,1,Diploma,12.2,6.9,32.2,173.2,96.6,Never,Heavy,3,251.93,8.61,2.0,6,33,16,0.0,synthetic_mining_v1__glencore_sa_mining
103871,51,M,Divorced,1,1,Secondary,5.9,3.4,25.4,172.2,75.3,Daily,Regularly,1,279.69,6.59,6.3,6,39,13,7.0,synthetic_mining_v1__glencore_sa_mining
103872,45,F,Married,2,0,Diploma,4.3,3.2,21.9,157.9,54.5,Occasional,Never,2,221.36,5.96,18.2,6,74,19,1.0,synthetic_mining_v1__glencore_sa_mining
103873,49,M,Married,0,0,Diploma,9.7,9.3,26.7,171.7,78.8,Daily,Occasionally,0,232.94,5.24,42.8,7,168,29,48.0,synthetic_mining_v1__glencore_sa_mining
103874,34,F,Divorced,2,0,Secondary,9.5,2.9,32.1,169.7,92.6,Former,Occasionally,2,161.06,5.26,8.0,5,97,11,1.0,synthetic_mining_v1__glencore_sa_mining
103875,35,M,Married,4,0,Diploma,7.6,25.4,26.3,168.0,74.2,Never,Regularly,1,125.37,7.01,27.9,5,61,21,0.0,synthetic_mining_v1__glencore_sa_mining
103876,41,M,Single,2,2,Secondary,10.6,8.7,29.4,164.6,79.5,Never,Heavy,2,217.3,8.09,4.4,6,85,17,21.0,synthetic_mining_v1__glencore_sa_mining
103877,35,M,Married,0,0,Secondary,4.8,6.8,27.3,171.5,80.2,Never,Occasionally,2,228.02,5.73,30.7,6,109,21,0.0,synthetic_mining_v1__glencore_sa_mining
103878,33,M,Single,3,1,Secondary,11.8,19.3,28.8,170.5,83.6,Daily,Regularly,3,177.74,6.27,33.3,5,97,18,7.0,synthetic_mining_v1__glencore_sa_mining
103879,53,M,Married,4,1,Secondary,2.0,11.7,24.4,167.3,68.3,Occasional,Heavy,2,224.81,5.92,90.0,7,116,31,31.0,synthetic_mining_v1__glencore_sa_mining
103880,36,M,Married,2,1,Secondary,6.2,14.4,23.4,175.8,72.4,Never,Occasionally,0,187.71,6.15,8.6,10,81,20,0.0,synthetic_mining_v1__glencore_sa_mining
103881,29,M,Married,3,1,Secondary,4.1,5.6,27.5,175.2,84.3,Never,Heavy,1,209.13,6.25,33.9,6,180,21,9.0,synthetic_mining_v1__glencore_sa_mining
103882,42,M,Married,1,0,Secondary,4.5,5.7,29.8,176.6,93.1,Never,Regularly,2,245.66,8.74,19.0,7,122,18,4.0,synthetic_mining_v1__glencore_sa_mining
103883,55,M,Single,1,1,Primary,2.0,16.7,32.6,163.6,87.2,Daily,Never,2,243.42,6.25,7.1,13,164,28,104.0,synthetic_mining_v1__glencore_sa_mining
103884,39,M,Married,1,1,Tertiary,3.7,6.3,26.5,182.4,88.3,Occasional,Occasionally,2,152.1,4.67,20.5,3,34,22,0.0,synthetic_mining_v1__glencore_sa_mining
103885,49,M,Married,0,0,Secondary,14.0,42.7,29.6,171.8,87.2,Never,Never,5,255.31,6.81,10.0,9,39,21,3.0,synthetic_mining_v1__glencore_sa_mining
103886,34,F,Single,1,1,Secondary,3.6,13.5,33.4,160.6,86.0,Former,Never,4,218.68,6.71,24.5,9,242,24,9.0,synthetic_mining_v1__glencore_sa_mining
103887,34,M,Married,2,2,Tertiary,9.7,23.2,21.0,168.7,59.6,Daily,Heavy,2,202.28,6.68,2.9,11,100,15,6.0,synthetic_mining_v1__glencore_sa_mining
103888,32,M,Married,0,0,Secondary,4.7,14.8,23.3,169.1,66.6,Never,Occasionally,2,211.3,7.49,15.8,16,48,26,1.0,synthetic_mining_v1__glencore_sa_mining
103889,37,M,Single,3,2,Secondary,6.6,19.1,35.0,171.3,102.7,Never,Occasionally,3,229.57,6.22,16.3,6,211,14,3.0,synthetic_mining_v1__glencore_sa_mining
103890,55,M,Married,0,0,Primary,18.7,16.1,24.5,176.7,76.6,Never,Occasionally,3,187.34,5.94,7.5,4,167,20,0.0,synthetic_mining_v1__glencore_sa_mining
103891,28,M,Married,0,0,Diploma,6.0,21.9,31.2,177.5,98.3,Never,Regularly,3,307.05,6.88,16.2,6,169,28,18.0,synthetic_mining_v1__glencore_sa_mining
103892,53,M,Married,2,2,Secondary,5.1,9.3,28.9,163.3,77.1,Daily,Heavy,1,218.71,7.7,30.7,10,170,30,120.0,synthetic_mining_v1__glencore_sa_mining
103893,29,M,Married,1,0,Diploma,4.7,51.9,32.0,170.6,93.2,Occasional,Occasionally,3,218.81,5.99,3.2,7,54,12,4.0,synthetic_mining_v1__glencore_sa_mining
103894,36,M,Divorced,2,0,Secondary,16.7,6.0,26.4,167.4,73.9,Never,Never,2,203.44,7.17,12.5,9,86,23,1.0,synthetic_mining_v1__glencore_sa_mining
103895,46,M,Married,2,0,Primary,4.1,11.5,28.4,159.4,72.1,Never,Regularly,2,190.55,6.62,12.5,5,189,20,7.0,synthetic_mining_v1__glencore_sa_mining
103896,44,F,Single,2,1,Secondary,5.5,14.8,32.4,160.7,83.8,Former,Regularly,1,264.42,5.21,9.9,9,35,21,13.0,synthetic_mining_v1__glencore_sa_mining
103897,41,F,Single,3,0,Diploma,2.8,6.8,30.8,157.2,76.1,Former,Regularly,1,157.23,7.43,13.0,7,90,16,3.0,synthetic_mining_v1__glencore_sa_mining
103898,23,M,Married,3,1,Secondary,16.4,14.7,23.1,170.7,67.2,Never,Never,3,226.98,5.85,5.8,3,149,27,1.0,synthetic_mining_v1__glencore_sa_mining
103899,41,M,Single,4,1,Primary,9.6,15.6,25.8,161.6,67.2,Former,Never,3,254.96,6.64,9.1,5,58,12,4.0,synthetic_mining_v1__glencore_sa_mining
103900,29,M,Married,6,3,Diploma,1.8,38.5,22.2,169.2,63.5,Never,Never,3,231.93,5.15,21.1,11,10,28,1.0,synthetic_mining_v1__glencore_sa_mining
103901,61,M,Single,1,0,Secondary,3.1,27.8,24.3,165.2,66.3,Daily,Never,2,130.0,6.02,47.6,9,31,28,13.0,synthetic_mining_v1__glencore_sa_mining
103902,36,M,Divorced,1,1,Secondary,11.4,8.2,22.7,179.2,72.8,Never,Never,2,170.07,8.24,14.8,7,105,23,0.0,synthetic_mining_v1__glencore_sa_mining
103903,40,M,Married,1,1,Secondary,5.1,6.2,29.8,174.8,91.2,Daily,Regularly,1,183.77,6.81,1.1,4,82,18,6.0,synthetic_mining_v1__glencore_sa_mining
103904,28,M,Single,0,0,Secondary,5.7,22.1,29.1,174.4,88.6,Occasional,Occasionally,3,190.34,5.96,33.9,8,260,24,8.0,synthetic_mining_v1__glencore_sa_mining
103905,34,M,Divorced,2,1,Secondary,20.2,10.0,31.8,165.0,86.4,Occasional,Occasionally,0,250.65,8.15,1.0,7,60,12,8.0,synthetic_mining_v1__glencore_sa_mining
103906,26,M,Married,1,1,Secondary,8.6,55.7,29.4,176.4,91.5,Occasional,Never,1,213.4,6.2,13.3,7,58,20,1.0,synthetic_mining_v1__glencore_sa_mining
103907,47,M,Married,0,0,Primary,12.0,6.5,22.1,176.3,68.5,Never,Occasionally,3,88.27,6.53,12.0,3,43,21,0.0,synthetic_mining_v1__glencore_sa_mining
103908,36,M,Divorced,0,0,Diploma,6.7,8.3,18.8,173.7,56.6,Never,Never,0,267.92,6.18,9.1,3,87,21,0.0,synthetic_mining_v1__glencore_sa_mining
103909,43,F,Married,2,0,Secondary,8.7,35.9,31.3,158.7,78.8,Former,Never,6,211.27,8.39,14.3,5,72,23,4.0,synthetic_mining_v1__glencore_sa_mining
103910,32,M,Single,0,0,Secondary,6.1,3.6,16.0,165.4,43.8,Former,Occasionally,3,258.45,5.24,11.2,3,129,23,2.0,synthetic_mining_v1__glencore_sa_mining
103911,33,F,Divorced,0,0,Secondary,0.9,7.1,26.1,170.3,75.6,Former,Regularly,2,188.25,7.8,20.9,8,45,18,2.0,synthetic_mining_v1__glencore_sa_mining
103912,50,M,Single,0,0,Secondary,6.3,23.3,30.8,172.4,91.4,Daily,Regularly,2,217.98,6.04,3.4,9,48,25,11.0,synthetic_mining_v1__glencore_sa_mining
103913,29,F,Married,2,1,Primary,6.6,20.8,25.0,158.1,62.5,Never,Regularly,0,223.8,5.15,7.9,6,123,19,3.0,synthetic_mining_v1__glencore_sa_mining
103914,22,M,Married,0,0,Secondary,12.8,12.9,26.2,172.4,77.9,Daily,Never,0,163.76,5.52,9.2,5,36,12,0.0,synthetic_mining_v1__glencore_sa_mining
103915,42,M,Single,2,0,Secondary,5.8,23.1,28.1,155.3,67.8,Daily,Heavy,4,165.16,8.46,25.8,8,86,17,10.0,synthetic_mining_v1__glencore_sa_mining
103916,28,M,Married,3,2,Secondary,3.9,19.7,31.5,174.6,96.1,Daily,Occasionally,3,172.59,6.96,32.4,9,9,19,0.0,synthetic_mining_v1__glencore_sa_mining
103917,34,M,Single,0,0,Secondary,9.7,1.7,24.5,169.3,70.1,Daily,Occasionally,2,122.22,6.88,20.7,6,36,28,3.0,synthetic_mining_v1__glencore_sa_mining
103918,46,M,Married,0,0,Secondary,10.4,3.0,21.5,160.1,55.0,Never,Occasionally,3,196.13,3.5,3.7,7,308,26,3.0,synthetic_mining_v1__glencore_sa_mining
103919,31,M,Single,3,2,Secondary,4.8,11.7,20.1,165.6,55.0,Occasional,Regularly,0,270.87,5.43,0.2,4,20,21,5.0,synthetic_mining_v1__glencore_sa_mining
103920,46,M,Married,2,0,Diploma,8.4,32.9,33.4,169.6,96.0,Daily,Occasionally,0,191.63,5.54,5.4,3,161,20,0.0,synthetic_mining_v1__glencore_sa_mining
103921,32,M,Single,1,0,Primary,2.9,21.6,23.0,175.0,70.4,Daily,Never,1,205.9,5.87,3.1,7,94,7,11.0,synthetic_mining_v1__glencore_sa_mining
103922,51,M,Single,2,0,Secondary,8.2,23.1,22.6,172.8,67.6,Daily,Occasionally,1,216.75,6.66,6.9,6,18,23,3.0,synthetic_mining_v1__glencore_sa_mining
103923,50,F,Single,3,1,Secondary,1.2,4.1,33.5,155.8,81.4,Occasional,Never,1,160.09,5.85,18.0,5,96,16,8.0,synthetic_mining_v1__glencore_sa_mining
103924,34,M,Married,5,1,Secondary,0.2,19.0,27.0,170.7,78.5,Never,Never,5,163.91,6.3,30.0,10,49,23,1.0,synthetic_mining_v1__glencore_sa_mining
103925,36,M,Married,0,0,Primary,4.0,11.5,28.8,160.5,74.3,Daily,Heavy,2,201.4,5.86,5.0,2,122,21,35.0,synthetic_mining_v1__glencore_sa_mining
103926,31,F,Married,4,1,Secondary,5.4,3.6,30.3,169.2,86.9,Daily,Occasionally,2,264.15,6.13,3.6,6,233,27,22.0,synthetic_mining_v1__glencore_sa_mining
103927,40,F,Married,1,1,Secondary,3.8,3.0,18.2,172.2,53.9,Daily,Never,3,242.49,6.96,11.9,6,122,17,2.0,synthetic_mining_v1__glencore_sa_mining
103928,48,M,Married,3,1,Diploma,8.2,5.8,26.5,176.2,82.1,Daily,Regularly,2,259.35,5.86,12.2,8,58,18,18.0,synthetic_mining_v1__glencore_sa_mining
103929,25,F,Married,3,0,Tertiary,6.4,8.4,24.7,158.7,62.3,Daily,Regularly,3,259.47,7.87,23.9,9,74,30,0.0,synthetic_mining_v1__glencore_sa_mining
103930,46,M,Single,1,1,Primary,4.2,43.1,20.3,173.9,61.4,Former,Regularly,5,330.3,5.45,7.0,6,278,23,7.0,synthetic_mining_v1__glencore_sa_mining
103931,26,M,Married,2,2,Diploma,3.0,42.8,23.9,163.0,63.6,Never,Regularly,2,133.87,8.69,31.2,7,117,19,3.0,synthetic_mining_v1__glencore_sa_mining
103932,30,M,Married,3,1,Secondary,8.5,9.9,28.1,166.1,77.7,Never,Occasionally,2,145.71,7.97,48.3,10,39,29,0.0,synthetic_mining_v1__glencore_sa_mining
103933,22,M,Widowed,0,0,Primary,3.3,24.4,29.3,168.7,83.3,Occasional,Occasionally,5,262.18,7.29,14.5,2,66,16,6.0,synthetic_mining_v1__glencore_sa_mining
103934,57,M,Married,4,0,Secondary,4.1,5.9,25.4,181.4,83.7,Occasional,Never,0,233.98,6.48,22.8,10,244,21,0.0,synthetic_mining_v1__glencore_sa_mining
103935,39,F,Married,4,0,Primary,6.9,5.9,22.6,159.3,57.4,Daily,Regularly,2,188.76,6.18,3.0,7,106,14,3.0,synthetic_mining_v1__glencore_sa_mining
103936,40,M,Divorced,4,0,Secondary,5.4,4.4,32.4,151.7,74.6,Occasional,Regularly,1,214.45,5.75,3.3,7,31,18,11.0,synthetic_mining_v1__glencore_sa_mining
103937,32,F,Married,3,0,Diploma,3.4,11.2,24.7,164.1,66.5,Never,Occasionally,0,264.07,5.48,8.8,7,156,16,4.0,synthetic_mining_v1__glencore_sa_mining
103938,48,M,Single,0,0,Secondary,2.8,7.4,31.5,174.0,95.5,Former,Never,4,201.92,5.97,11.1,12,114,16,0.0,synthetic_mining_v1__glencore_sa_mining
103939,19,M,Single,1,1,Secondary,8.0,8.9,26.2,177.0,82.0,Never,Never,3,238.74,6.1,24.1,3,24,15,0.0,synthetic_mining_v1__glencore_sa_mining
103940,38,F,Married,2,2,Secondary,2.3,3.8,26.6,157.4,65.9,Never,Regularly,2,228.54,5.62,11.9,12,21,19,0.0,synthetic_mining_v1__glencore_sa_mining
103941,58,M,Single,2,2,Secondary,6.5,11.6,20.7,165.4,56.5,Never,Occasionally,2,201.93,6.57,22.1,14,56,24,0.0,synthetic_mining_v1__glencore_sa_mining
103942,35,M,Married,2,1,Secondary,1.5,37.6,30.7,177.0,96.0,Never,Regularly,3,211.72,7.55,18.6,6,44,22,5.0,synthetic_mining_v1__glencore_sa_mining
103943,38,M,Divorced,4,2,Secondary,7.8,26.4,27.6,168.7,78.6,Never,Occasionally,4,211.61,4.12,6.0,12,39,28,0.0,synthetic_mining_v1__glencore_sa_mining
103944,44,F,Married,0,0,Primary,8.8,27.1,17.1,162.0,44.7,Former,Never,1,177.54,5.14,7.4,15,365,23,1.0,synthetic_mining_v1__glencore_sa_mining
103945,31,M,Married,0,0,Diploma,16.2,3.4,27.7,179.6,89.4,Never,Occasionally,0,227.44,6.75,47.3,5,14,18,2.0,synthetic_mining_v1__glencore_sa_mining
103946,38,M,Married,2,1,Secondary,8.1,25.5,25.7,151.9,59.4,Never,Regularly,1,222.41,7.4,3.6,9,41,24,2.0,synthetic_mining_v1__glencore_sa_mining
103947,47,M,Married,1,1,Secondary,3.2,17.5,20.3,173.5,61.2,Daily,Never,0,143.04,8.07,10.1,8,29,9,5.0,synthetic_mining_v1__glencore_sa_mining
103948,40,M,Married,3,1,Primary,1.7,22.3,23.8,178.6,75.8,Never,Occasionally,3,223.6,5.18,51.1,10,58,20,3.0,synthetic_mining_v1__glencore_sa_mining
103949,41,M,Single,2,0,Secondary,14.5,7.3,23.4,164.4,63.4,Former,Occasionally,1,140.76,6.56,9.3,9,8,18,2.0,synthetic_mining_v1__glencore_sa_mining
103950,35,M,Married,2,1,Secondary,16.2,6.3,20.2,168.9,57.6,Never,Occasionally,0,176.89,5.68,23.4,11,278,26,1.0,synthetic_mining_v1__glencore_sa_mining
103951,41,M,Single,3,3,Secondary,6.9,16.4,29.3,153.1,68.7,Daily,Occasionally,4,140.93,5.25,80.1,8,119,32,16.0,synthetic_mining_v1__glencore_sa_mining
103952,39,M,Single,1,1,Secondary,5.6,23.4,23.1,175.1,70.9,Occasional,Occasionally,6,254.31,6.43,32.2,8,29,26,1.0,synthetic_mining_v1__glencore_sa_mining
103953,51,M,Married,1,1,Secondary,7.2,5.7,18.6,176.0,57.5,Never,Heavy,4,245.4,5.78,42.3,4,32,19,3.0,synthetic_mining_v1__glencore_sa_mining
103954,45,M,Married,1,1,Diploma,8.9,7.9,19.8,170.2,57.3,Never,Never,3,215.71,6.47,3.2,7,134,4,0.0,synthetic_mining_v1__glencore_sa_mining
103955,36,F,Single,0,0,Secondary,8.4,16.6,30.3,157.6,75.2,Never,Regularly,2,235.89,7.22,6.2,6,82,17,2.0,synthetic_mining_v1__glencore_sa_mining
103956,19,M,Married,1,1,Secondary,8.2,10.6,27.9,170.6,81.1,Never,Occasionally,3,197.81,6.04,8.6,8,134,24,1.0,synthetic_mining_v1__glencore_sa_mining
103957,44,M,Married,3,2,Secondary,3.6,4.5,33.6,172.2,99.7,Never,Occasionally,5,113.56,5.76,5.5,8,121,16,2.0,synthetic_mining_v1__glencore_sa_mining
103958,45,M,Married,4,0,Secondary,10.3,19.8,22.4,173.2,67.4,Never,Never,2,177.97,7.08,15.0,6,65,20,0.0,synthetic_mining_v1__glencore_sa_mining
103959,30,M,Married,0,0,Primary,12.6,14.6,30.8,168.3,87.3,Daily,Regularly,1,235.87,6.63,25.4,8,322,32,20.0,synthetic_mining_v1__glencore_sa_mining
103960,20,M,Married,1,1,Tertiary,8.0,11.7,21.9,170.8,63.8,Never,Occasionally,4,190.59,5.8,25.4,10,76,17,0.0,synthetic_mining_v1__glencore_sa_mining
103961,28,F,Married,4,1,Diploma,7.2,21.7,26.3,172.5,78.4,Never,Occasionally,0,153.03,4.46,43.6,10,28,37,10.0,synthetic_mining_v1__glencore_sa_mining
103962,46,M,Married,1,1,Secondary,2.3,15.3,24.3,162.3,64.1,Never,Occasionally,3,256.63,4.73,57.5,10,147,28,12.0,synthetic_mining_v1__glencore_sa_mining
103963,28,M,Married,2,0,Diploma,7.6,3.5,31.9,170.5,92.7,Daily,Regularly,3,130.79,6.6,32.8,9,208,32,8.0,synthetic_mining_v1__glencore_sa_mining
103964,34,M,Married,1,0,Primary,7.4,9.0,31.4,164.4,84.8,Never,Heavy,2,273.47,6.81,18.6,6,48,17,4.0,synthetic_mining_v1__glencore_sa_mining
103965,40,F,Married,1,0,Secondary,8.1,3.0,22.2,156.2,54.0,Daily,Never,2,207.82,5.68,1.7,6,68,21,2.0,synthetic_mining_v1__glencore_sa_mining
103966,49,M,Single,2,0,Secondary,3.7,21.8,28.6,180.5,93.2,Never,Regularly,2,151.61,4.88,8.7,6,146,27,6.0,synthetic_mining_v1__glencore_sa_mining
103967,38,F,Married,4,1,Secondary,9.0,6.8,22.5,171.8,66.5,Occasional,Never,2,273.04,5.65,8.5,7,142,21,6.0,synthetic_mining_v1__glencore_sa_mining
103968,37,M,Married,1,1,Secondary,6.6,15.5,24.4,170.7,71.1,Occasional,Occasionally,3,277.0,7.2,2.8,8,66,14,2.0,synthetic_mining_v1__glencore_sa_mining
103969,33,F,Divorced,0,0,Secondary,2.6,11.6,24.8,159.0,62.8,Daily,Occasionally,2,138.93,6.68,52.0,6,14,21,4.0,synthetic_mining_v1__glencore_sa_mining
103970,53,M,Married,3,3,Diploma,7.3,14.8,30.9,173.8,93.3,Daily,Occasionally,4,306.71,7.41,6.4,6,46,23,20.0,synthetic_mining_v1__glencore_sa_mining
103971,48,M,Single,0,0,Secondary,7.9,30.1,30.7,165.2,83.9,Occasional,Occasionally,2,243.8,4.64,33.2,7,107,23,0.0,synthetic_mining_v1__glencore_sa_mining
103972,37,M,Married,2,1,Secondary,3.4,9.1,29.9,172.5,89.0,Never,Occasionally,0,313.5,6.19,49.0,7,47,33,8.0,synthetic_mining_v1__glencore_sa_mining
103973,25,M,Married,2,1,Secondary,5.9,10.6,19.9,171.0,58.2,Never,Never,3,224.36,6.87,3.5,6,45,16,0.0,synthetic_mining_v1__glencore_sa_mining
103974,31,M,Married,1,0,Secondary,1.5,6.9,25.6,181.6,84.5,Occasional,Regularly,1,206.56,5.49,1.2,10,39,10,1.0,synthetic_mining_v1__glencore_sa_mining
103975,43,M,Single,4,2,Secondary,2.7,38.3,28.6,178.8,91.5,Former,Regularly,1,250.24,5.01,3.8,6,51,17,0.0,synthetic_mining_v1__glencore_sa_mining
103976,32,M,Married,3,1,Secondary,10.5,28.1,28.8,167.6,80.8,Never,Heavy,4,266.35,6.32,17.3,15,55,20,14.0,synthetic_mining_v1__glencore_sa_mining
103977,46,F,Divorced,1,0,Secondary,6.5,27.7,29.8,161.7,77.8,Never,Occasionally,6,197.5,6.24,11.0,7,365,21,0.0,synthetic_mining_v1__glencore_sa_mining
103978,41,M,Married,2,2,Secondary,1.5,19.0,23.9,180.4,77.9,Daily,Occasionally,4,219.32,6.18,5.6,1,46,16,1.0,synthetic_mining_v1__glencore_sa_mining
103979,41,M,Married,0,0,Secondary,6.0,49.7,34.2,166.2,94.4,Daily,Occasionally,3,202.01,6.06,15.3,7,101,24,55.0,synthetic_mining_v1__glencore_sa_mining
103980,44,M,Married,2,0,Secondary,7.7,19.8,29.3,173.6,88.3,Never,Never,2,191.33,5.07,0.5,6,56,22,4.0,synthetic_mining_v1__glencore_sa_mining
103981,42,M,Married,0,0,Secondary,8.3,40.0,25.0,174.2,75.8,Occasional,Never,1,237.88,5.12,1.1,11,44,25,14.0,synthetic_mining_v1__glencore_sa_mining
103982,30,M,Widowed,1,0,Secondary,2.0,1.6,30.5,163.6,81.7,Never,Occasionally,3,148.96,7.72,10.4,10,99,24,0.0,synthetic_mining_v1__glencore_sa_mining
103983,35,M,Married,2,0,Primary,7.4,13.2,26.7,166.2,73.8,Never,Never,2,221.82,4.93,8.6,7,68,19,1.0,synthetic_mining_v1__glencore_sa_mining
103984,59,M,Married,1,1,Secondary,6.8,29.1,27.6,168.2,78.1,Daily,Occasionally,3,286.41,5.75,27.1,4,43,22,45.0,synthetic_mining_v1__glencore_sa_mining
103985,27,M,Single,0,0,Secondary,35.0,1.8,28.0,166.2,77.4,Never,Regularly,0,143.39,5.05,5.5,10,82,10,4.0,synthetic_mining_v1__glencore_sa_mining
103986,34,M,Single,1,1,Secondary,3.4,19.7,24.5,183.2,82.3,Former,Occasionally,2,224.53,6.16,22.6,6,21,24,5.0,synthetic_mining_v1__glencore_sa_mining
103987,48,F,Married,1,1,Secondary,15.2,31.0,24.7,151.3,56.6,Never,Occasionally,2,263.06,7.1,6.4,7,55,15,1.0,synthetic_mining_v1__glencore_sa_mining
103988,37,F,Married,1,1,Secondary,15.8,19.1,29.1,150.1,65.5,Daily,Occasionally,2,211.31,6.32,44.2,5,122,28,0.0,synthetic_mining_v1__glencore_sa_mining
103989,31,F,Single,3,1,Secondary,2.8,14.4,23.0,169.6,66.1,Daily,Occasionally,2,143.72,5.88,8.6,11,48,19,1.0,synthetic_mining_v1__glencore_sa_mining
103990,26,M,Married,5,5,Secondary,1.0,25.5,22.3,181.9,73.8,Never,Regularly,3,252.29,5.06,39.0,6,93,24,7.0,synthetic_mining_v1__glencore_sa_mining
103991,43,M,Single,1,1,Secondary,8.1,26.8,26.1,164.1,70.4,Daily,Never,1,189.53,5.36,14.7,7,32,15,0.0,synthetic_mining_v1__glencore_sa_mining
103992,47,F,Single,5,1,Secondary,2.4,44.2,33.6,161.4,87.6,Daily,Occasionally,2,256.82,6.98,17.5,6,45,19,81.0,synthetic_mining_v1__glencore_sa_mining
103993,51,M,Married,0,0,Secondary,8.5,8.5,23.9,180.5,77.8,Occasional,Never,3,152.89,6.64,17.4,8,77,21,4.0,synthetic_mining_v1__glencore_sa_mining
103994,38,M,Divorced,1,1,Secondary,12.1,14.4,28.6,159.7,72.8,Occasional,Never,0,271.06,4.66,13.5,5,85,31,18.0,synthetic_mining_v1__glencore_sa_mining
103995,47,M,Single,1,1,Primary,1.1,4.5,26.4,164.4,71.3,Former,Occasionally,1,130.94,6.14,16.8,4,167,23,1.0,synthetic_mining_v1__glencore_sa_mining
103996,29,F,Married,4,1,Secondary,1.2,29.1,16.0,160.3,41.1,Daily,Never,2,242.55,8.08,1.3,5,111,13,2.0,synthetic_mining_v1__glencore_sa_mining
103997,40,M,Single,1,1,Secondary,2.8,21.2,23.6,154.7,56.4,Daily,Never,4,197.2,8.1,23.7,8,32,18,2.0,synthetic_mining_v1__glencore_sa_mining
103998,32,F,Divorced,4,2,Tertiary,5.8,14.4,33.1,153.6,78.1,Never,Regularly,4,246.76,8.61,9.3,4,142,18,4.0,synthetic_mining_v1__glencore_sa_mining
103999,40,M,Single,1,0,Secondary,2.0,35.8,29.2,176.6,91.1,Daily,Heavy,4,231.85,5.95,22.8,10,343,20,76.0,synthetic_mining_v1__glencore_sa_mining
104000,45,M,Single,1,1,Secondary,11.2,7.3,20.5,164.6,55.6,Never,Heavy,0,189.0,6.12,1.0,14,38,20,6.0,synthetic_mining_v1__glencore_sa_mining
104001,48,M,Divorced,0,0,Primary,6.2,9.5,22.1,167.5,62.1,Never,Regularly,2,230.8,5.89,34.5,11,205,29,5.0,synthetic_mining_v1__glencore_sa_mining
104002,29,M,Married,5,4,Primary,7.4,7.5,32.8,172.1,97.2,Never,Never,1,211.59,4.76,23.2,8,49,20,4.0,synthetic_mining_v1__glencore_sa_mining
104003,49,M,Single,2,0,Diploma,13.0,5.3,26.7,158.0,66.7,Daily,Occasionally,3,224.7,7.82,46.3,6,104,30,14.0,synthetic_mining_v1__glencore_sa_mining
104004,34,M,Married,0,0,Secondary,7.3,13.3,29.2,172.4,86.8,Former,Occasionally,0,155.54,7.01,6.9,8,62,21,0.0,synthetic_mining_v1__glencore_sa_mining
104005,29,M,Married,1,0,Secondary,3.6,12.8,23.2,170.4,67.3,Former,Never,3,261.06,6.81,5.0,3,103,19,1.0,synthetic_mining_v1__glencore_sa_mining
104006,36,M,Married,2,2,Secondary,5.4,8.5,29.3,177.3,92.1,Former,Occasionally,1,237.05,5.53,8.2,6,80,19,4.0,synthetic_mining_v1__glencore_sa_mining
104007,25,M,Married,2,1,Primary,5.8,9.1,29.3,175.8,90.6,Never,Never,3,195.81,6.4,3.7,8,100,26,1.0,synthetic_mining_v1__glencore_sa_mining
104008,38,M,Married,3,2,Secondary,3.3,17.4,27.4,173.1,82.1,Occasional,Never,1,290.53,7.54,20.5,9,77,25,13.0,synthetic_mining_v1__glencore_sa_mining
104009,41,M,Single,3,0,Secondary,11.1,9.5,35.6,171.0,104.2,Daily,Occasionally,1,257.52,6.31,4.9,6,205,16,19.0,synthetic_mining_v1__glencore_sa_mining
104010,36,M,Divorced,2,2,Secondary,8.8,19.9,21.1,162.3,55.5,Daily,Occasionally,3,308.56,4.12,7.8,4,163,21,15.0,synthetic_mining_v1__glencore_sa_mining
104011,43,F,Married,3,2,Primary,6.0,4.2,26.4,157.7,65.6,Former,Regularly,1,114.5,6.74,23.5,9,48,17,3.0,synthetic_mining_v1__glencore_sa_mining
104012,35,M,Married,0,0,Secondary,13.7,15.1,27.1,173.3,81.3,Daily,Occasionally,1,224.85,8.35,28.2,5,71,20,6.0,synthetic_mining_v1__glencore_sa_mining
104013,38,F,Married,0,0,Secondary,8.0,59.9,30.1,158.2,75.4,Daily,Occasionally,2,234.91,8.63,23.8,7,49,21,37.0,synthetic_mining_v1__glencore_sa_mining
104014,25,M,Widowed,4,1,Secondary,2.8,12.9,31.6,159.7,80.5,Never,Never,2,86.27,5.84,26.8,7,245,19,1.0,synthetic_mining_v1__glencore_sa_mining
104015,38,M,Single,1,1,Diploma,2.0,5.2,29.4,169.9,85.0,Never,Heavy,1,224.79,6.69,25.7,4,79,20,9.0,synthetic_mining_v1__glencore_sa_mining
104016,30,M,Single,3,3,Diploma,9.9,34.3,32.7,173.3,98.1,Never,Occasionally,4,175.46,4.98,26.5,9,99,29,6.0,synthetic_mining_v1__glencore_sa_mining
104017,34,M,Married,1,0,Secondary,9.0,7.4,31.2,175.9,96.7,Daily,Regularly,2,220.23,7.73,43.5,8,60,26,17.0,synthetic_mining_v1__glencore_sa_mining
104018,37,F,Married,4,0,Diploma,4.5,18.6,25.0,154.6,59.8,Daily,Never,1,201.46,7.54,9.2,10,88,23,3.0,synthetic_mining_v1__glencore_sa_mining
104019,40,M,Single,1,1,Secondary,2.7,19.6,26.2,171.7,77.2,Occasional,Occasionally,3,272.91,6.13,34.4,3,64,12,8.0,synthetic_mining_v1__glencore_sa_mining
104020,23,F,Married,1,1,Secondary,3.6,4.4,26.0,154.2,61.9,Former,Never,2,170.36,6.42,2.9,11,117,20,0.0,synthetic_mining_v1__glencore_sa_mining
104021,24,F,Married,1,0,Primary,6.6,29.9,26.1,159.2,66.0,Daily,Never,2,247.38,5.17,20.7,11,74,22,6.0,synthetic_mining_v1__glencore_sa_mining
104022,35,M,Married,1,0,Primary,10.8,12.3,21.7,163.0,57.6,Never,Occasionally,3,280.04,8.43,6.8,5,137,22,5.0,synthetic_mining_v1__glencore_sa_mining
104023,42,M,Married,2,1,Secondary,5.8,6.9,26.7,175.5,82.3,Never,Occasionally,3,234.53,7.87,6.2,4,102,22,0.0,synthetic_mining_v1__glencore_sa_mining
104024,41,M,Married,1,0,Primary,11.9,17.7,30.0,173.8,90.7,Daily,Never,2,331.34,7.68,15.1,7,116,16,21.0,synthetic_mining_v1__glencore_sa_mining
104025,46,M,Single,1,1,Secondary,1.8,6.4,31.0,174.1,94.0,Former,Regularly,2,253.52,7.23,13.0,9,175,30,0.0,synthetic_mining_v1__glencore_sa_mining
104026,50,M,Married,0,0,Primary,7.8,12.4,25.8,175.4,79.5,Former,Regularly,3,239.07,6.97,2.9,11,48,17,4.0,synthetic_mining_v1__glencore_sa_mining
104027,42,M,Single,0,0,Primary,1.7,6.3,32.5,161.4,84.8,Occasional,Regularly,2,212.92,7.09,16.7,9,289,23,22.0,synthetic_mining_v1__glencore_sa_mining
104028,38,M,Married,2,2,Secondary,2.7,6.2,26.9,164.2,72.4,Daily,Occasionally,3,283.65,6.75,32.4,10,15,25,0.0,synthetic_mining_v1__glencore_sa_mining
104029,29,M,Married,1,1,Secondary,15.5,21.6,19.8,163.8,53.2,Occasional,Occasionally,2,166.75,7.27,37.9,8,51,23,3.0,synthetic_mining_v1__glencore_sa_mining
104030,29,M,Single,2,2,Secondary,2.5,5.4,29.0,172.6,86.3,Former,Occasionally,1,304.05,5.8,51.6,12,305,27,14.0,synthetic_mining_v1__glencore_sa_mining
104031,34,M,Married,1,1,Primary,2.4,12.2,17.8,168.9,50.9,Never,Occasionally,0,300.35,7.18,4.8,5,85,21,0.0,synthetic_mining_v1__glencore_sa_mining
104032,40,M,Married,4,0,Secondary,14.6,31.4,28.7,177.4,90.4,Daily,Occasionally,2,296.12,6.66,11.6,6,144,23,22.0,synthetic_mining_v1__glencore_sa_mining
104033,40,M,Single,2,1,Secondary,13.7,15.2,30.7,163.3,81.8,Daily,Occasionally,1,215.5,6.82,31.3,7,87,21,24.0,synthetic_mining_v1__glencore_sa_mining
104034,38,M,Single,1,1,Diploma,3.7,59.8,20.6,174.8,62.9,Daily,Never,1,297.96,6.04,31.1,5,200,31,0.0,synthetic_mining_v1__glencore_sa_mining
104035,37,M,Single,2,1,Secondary,7.8,12.4,29.4,184.6,100.1,Former,Occasionally,3,241.32,5.49,17.6,5,79,20,4.0,synthetic_mining_v1__glencore_sa_mining
104036,44,M,Married,0,0,Diploma,9.1,16.9,27.0,171.5,79.4,Never,Never,3,217.04,7.45,49.5,13,186,28,3.0,synthetic_mining_v1__glencore_sa_mining
104037,40,M,Married,1,1,Primary,5.4,3.1,21.0,162.6,55.5,Never,Regularly,4,227.3,5.26,4.6,5,35,17,0.0,synthetic_mining_v1__glencore_sa_mining
104038,41,M,Single,0,0,Diploma,4.0,8.7,25.7,168.6,73.1,Former,Regularly,1,234.05,10.0,18.6,9,134,21,8.0,synthetic_mining_v1__glencore_sa_mining
104039,41,F,Married,2,1,Primary,1.8,7.2,18.0,158.2,45.2,Occasional,Heavy,1,160.26,4.4,20.9,6,77,28,0.0,synthetic_mining_v1__glencore_sa_mining
104040,33,F,Divorced,1,0,Secondary,5.9,20.4,32.8,147.8,71.8,Daily,Occasionally,3,237.43,8.16,9.3,5,29,23,8.0,synthetic_mining_v1__glencore_sa_mining
104041,29,M,Single,1,1,Primary,0.4,7.8,21.8,179.2,70.1,Never,Occasionally,4,204.71,7.63,20.3,5,184,21,0.0,synthetic_mining_v1__glencore_sa_mining
104042,42,M,Married,3,3,Secondary,11.8,15.2,26.4,174.5,80.3,Daily,Never,2,158.17,6.9,18.3,10,140,22,4.0,synthetic_mining_v1__glencore_sa_mining
104043,42,M,Married,5,2,Tertiary,3.2,10.1,30.6,168.5,86.9,Former,Never,2,146.79,4.95,9.0,4,87,13,2.0,synthetic_mining_v1__glencore_sa_mining
104044,36,F,Single,4,1,Primary,15.1,13.5,27.9,164.6,75.7,Occasional,Regularly,3,208.58,7.31,5.2,6,266,18,3.0,synthetic_mining_v1__glencore_sa_mining
104045,34,M,Divorced,0,0,Primary,7.3,28.2,26.7,171.3,78.3,Occasional,Regularly,5,239.27,6.87,1.4,7,236,23,1.0,synthetic_mining_v1__glencore_sa_mining
104046,59,M,Married,2,0,Secondary,4.0,27.9,26.9,169.3,77.1,Daily,Occasionally,1,232.8,6.45,13.3,5,67,23,34.0,synthetic_mining_v1__glencore_sa_mining
104047,31,M,Married,3,0,Secondary,2.5,23.3,32.1,164.1,86.3,Former,Occasionally,2,245.49,6.82,9.3,5,176,24,5.0,synthetic_mining_v1__glencore_sa_mining
104048,36,M,Divorced,0,0,Diploma,11.7,23.4,27.8,170.5,80.8,Never,Occasionally,0,200.76,6.8,74.9,6,20,13,3.0,synthetic_mining_v1__glencore_sa_mining
104049,40,M,Single,1,0,Primary,4.2,11.0,23.8,162.9,63.2,Never,Never,2,193.57,6.17,9.7,6,116,21,0.0,synthetic_mining_v1__glencore_sa_mining
104050,28,M,Divorced,0,0,Secondary,5.7,28.3,25.9,175.9,80.0,Never,Never,0,168.53,5.87,11.8,5,175,24,2.0,synthetic_mining_v1__glencore_sa_mining
104051,39,M,Divorced,3,1,Primary,24.4,20.0,22.2,157.8,55.1,Former,Never,1,151.84,5.25,63.7,6,175,26,3.0,synthetic_mining_v1__glencore_sa_mining
104052,54,F,Single,0,0,Secondary,10.6,65.1,26.1,161.2,67.8,Former,Regularly,3,243.62,5.31,20.4,9,100,25,23.0,synthetic_mining_v1__glencore_sa_mining
104053,46,M,Divorced,0,0,Secondary,9.3,2.0,22.3,173.3,66.9,Former,Occasionally,0,172.54,4.72,22.5,9,35,30,2.0,synthetic_mining_v1__glencore_sa_mining
104054,44,M,Married,2,1,Primary,28.8,13.2,28.9,178.2,91.9,Former,Occasionally,1,211.69,6.27,38.6,9,141,28,27.0,synthetic_mining_v1__glencore_sa_mining
104055,43,M,Single,3,2,Secondary,6.6,25.4,30.0,165.6,82.2,Former,Occasionally,1,234.26,5.39,37.4,7,201,30,0.0,synthetic_mining_v1__glencore_sa_mining
104056,39,M,Married,2,2,Secondary,6.5,29.8,23.7,177.3,74.3,Former,Heavy,6,225.84,4.69,9.9,14,69,25,3.0,synthetic_mining_v1__glencore_sa_mining
104057,47,M,Divorced,0,0,Primary,10.9,20.8,33.0,154.0,78.3,Never,Occasionally,4,259.79,6.68,8.1,8,43,20,4.0,synthetic_mining_v1__glencore_sa_mining
104058,37,M,Divorced,0,0,Secondary,3.4,18.6,24.6,169.6,70.9,Never,Regularly,2,246.97,4.01,26.6,1,54,29,3.0,synthetic_mining_v1__glencore_sa_mining
104059,34,F,Divorced,3,2,Diploma,8.2,24.8,32.6,162.8,86.3,Never,Occasionally,3,222.97,8.49,9.6,9,7,17,1.0,synthetic_mining_v1__glencore_sa_mining
104060,39,M,Married,1,0,Secondary,7.6,12.9,26.9,178.3,85.4,Former,Regularly,1,166.03,7.69,17.9,5,47,17,3.0,synthetic_mining_v1__glencore_sa_mining
104061,46,M,Single,1,0,Secondary,8.3,8.3,30.4,166.8,84.7,Daily,Never,1,238.19,6.49,7.5,9,244,14,11.0,synthetic_mining_v1__glencore_sa_mining
104062,41,M,Married,2,0,Secondary,7.0,9.3,26.0,171.3,76.4,Daily,Never,3,268.11,6.02,20.9,8,49,21,19.0,synthetic_mining_v1__glencore_sa_mining
104063,44,M,Single,3,0,Secondary,9.2,16.4,29.7,161.8,77.7,Never,Never,1,129.0,6.84,8.1,12,162,24,3.0,synthetic_mining_v1__glencore_sa_mining
104064,20,F,Married,2,0,Secondary,7.3,28.7,32.3,155.5,78.1,Never,Regularly,2,157.8,7.17,9.9,8,260,30,1.0,synthetic_mining_v1__glencore_sa_mining
104065,49,M,Single,0,0,Primary,8.6,7.8,36.4,152.9,85.1,Never,Regularly,4,224.53,8.92,7.6,3,163,19,7.0,synthetic_mining_v1__glencore_sa_mining
104066,59,F,Married,1,0,Secondary,3.7,22.5,22.7,149.6,50.7,Never,Heavy,1,186.32,7.88,21.5,8,24,18,35.0,synthetic_mining_v1__glencore_sa_mining
104067,50,M,Married,0,0,Secondary,14.4,7.9,26.9,176.8,84.2,Daily,Regularly,0,304.89,3.5,12.4,7,72,24,120.0,synthetic_mining_v1__glencore_sa_mining
104068,35,M,Married,1,1,Diploma,11.0,3.9,32.2,171.0,94.2,Never,Occasionally,2,272.36,6.61,44.8,8,100,29,13.0,synthetic_mining_v1__glencore_sa_mining
104069,30,M,Married,3,1,Diploma,7.2,8.2,31.0,166.3,85.8,Never,Occasionally,3,215.39,7.6,34.6,7,91,19,2.0,synthetic_mining_v1__glencore_sa_mining
104070,40,F,Married,3,2,Secondary,11.3,2.3,22.3,162.6,58.9,Daily,Regularly,0,241.24,5.69,6.9,8,121,23,5.0,synthetic_mining_v1__glencore_sa_mining
104071,29,M,Single,1,1,Primary,2.9,30.7,29.6,177.7,93.6,Never,Never,3,242.91,8.05,27.0,3,46,20,1.0,synthetic_mining_v1__glencore_sa_mining
104072,45,M,Married,1,1,Secondary,8.9,60.3,29.9,183.5,100.7,Never,Heavy,1,186.72,7.63,9.9,5,250,26,20.0,synthetic_mining_v1__glencore_sa_mining
104073,33,M,Married,1,1,Primary,4.0,37.8,28.5,170.6,83.0,Daily,Never,2,229.72,5.91,46.1,7,34,30,28.0,synthetic_mining_v1__glencore_sa_mining
104074,47,F,Married,0,0,Diploma,4.1,8.9,26.6,162.8,70.4,Never,Regularly,2,308.67,5.47,16.4,11,169,33,25.0,synthetic_mining_v1__glencore_sa_mining
104075,50,M,Married,1,1,Secondary,5.7,10.2,27.3,171.2,79.9,Occasional,Occasionally,0,240.88,7.34,14.5,4,90,20,14.0,synthetic_mining_v1__glencore_sa_mining
104076,20,M,Married,2,2,Diploma,16.4,0.9,21.0,173.6,63.3,Former,Regularly,0,165.25,7.06,31.7,8,131,33,0.0,synthetic_mining_v1__glencore_sa_mining
104077,41,M,Single,0,0,Secondary,7.0,50.1,25.5,172.9,76.4,Occasional,Heavy,1,211.26,7.66,75.2,7,24,22,26.0,synthetic_mining_v1__glencore_sa_mining
104078,32,M,Single,2,1,Secondary,4.1,23.6,30.5,167.7,85.6,Occasional,Never,0,242.78,8.05,7.2,7,79,22,0.0,synthetic_mining_v1__glencore_sa_mining
104079,25,M,Divorced,1,1,Diploma,1.8,12.0,27.4,179.3,87.9,Daily,Occasionally,2,230.51,6.18,40.6,5,268,25,0.0,synthetic_mining_v1__glencore_sa_mining
104080,32,M,Married,0,0,Secondary,15.1,8.3,32.9,174.5,100.3,Never,Heavy,2,226.05,6.37,7.6,6,132,18,6.0,synthetic_mining_v1__glencore_sa_mining
104081,36,M,Married,2,1,Primary,4.6,5.6,28.8,172.7,85.8,Occasional,Never,4,125.06,4.83,34.9,7,195,33,5.0,synthetic_mining_v1__glencore_sa_mining
104082,47,F,Single,2,1,Diploma,4.2,2.6,20.6,152.0,47.6,Daily,Never,4,205.38,7.14,16.7,6,174,25,0.0,synthetic_mining_v1__glencore_sa_mining
104083,24,F,Married,0,0,Secondary,20.7,17.4,20.3,153.7,47.9,Daily,Regularly,4,282.76,6.01,3.4,3,146,25,0.0,synthetic_mining_v1__glencore_sa_mining
104084,47,M,Single,4,1,Secondary,7.7,15.1,28.2,171.8,83.3,Never,Occasionally,4,236.92,5.66,9.5,8,84,18,3.0,synthetic_mining_v1__glencore_sa_mining
104085,56,M,Married,1,1,Secondary,6.1,15.9,26.5,182.1,88.0,Never,Never,0,207.09,7.79,7.1,2,77,8,1.0,synthetic_mining_v1__glencore_sa_mining
104086,43,M,Single,1,1,Diploma,13.3,25.9,30.2,168.7,86.0,Daily,Occasionally,0,306.63,6.34,49.4,8,130,24,62.0,synthetic_mining_v1__glencore_sa_mining
104087,43,M,Divorced,2,0,Secondary,18.9,5.3,31.8,177.3,99.8,Never,Never,4,132.13,5.36,1.6,5,97,21,1.0,synthetic_mining_v1__glencore_sa_mining
104088,38,M,Married,1,1,Tertiary,2.5,26.6,27.7,167.8,78.1,Occasional,Never,5,262.18,4.05,6.5,8,77,28,15.0,synthetic_mining_v1__glencore_sa_mining
104089,27,F,Married,0,0,Tertiary,1.2,5.7,25.2,160.0,64.5,Never,Never,1,195.43,5.83,4.6,9,31,29,1.0,synthetic_mining_v1__glencore_sa_mining
104090,43,M,Married,2,1,Secondary,6.6,33.1,20.9,160.4,53.8,Former,Regularly,3,168.43,7.94,11.2,5,71,13,2.0,synthetic_mining_v1__glencore_sa_mining
104091,41,M,Married,1,0,Secondary,5.1,9.7,29.2,181.1,95.7,Occasional,Regularly,1,274.98,6.72,10.1,10,79,21,18.0,synthetic_mining_v1__glencore_sa_mining
104092,45,M,Married,1,1,Secondary,4.1,3.2,32.5,165.1,88.6,Never,Occasionally,2,239.7,5.96,7.2,9,171,19,22.0,synthetic_mining_v1__glencore_sa_mining
104093,61,M,Married,2,1,Primary,5.0,10.9,18.3,159.4,46.6,Never,Occasionally,4,157.15,5.73,4.5,10,16,22,0.0,synthetic_mining_v1__glencore_sa_mining
104094,45,M,Married,2,0,Secondary,5.1,10.8,36.4,161.1,94.5,Never,Regularly,2,221.0,5.88,21.6,8,92,23,14.0,synthetic_mining_v1__glencore_sa_mining
104095,42,M,Single,0,0,Diploma,7.7,6.2,22.4,162.1,58.9,Former,Regularly,0,216.25,5.29,22.9,9,219,28,4.0,synthetic_mining_v1__glencore_sa_mining
104096,52,M,Married,1,1,Secondary,9.5,16.7,23.3,180.0,75.6,Daily,Never,4,266.07,7.75,33.4,8,54,25,20.0,synthetic_mining_v1__glencore_sa_mining
104097,26,M,Married,2,0,Primary,5.3,10.5,27.6,171.5,81.1,Never,Never,2,233.07,6.14,12.4,9,181,28,2.0,synthetic_mining_v1__glencore_sa_mining
104098,28,F,Married,3,2,Primary,4.3,14.0,25.8,157.5,64.0,Occasional,Occasionally,7,176.14,6.55,15.7,9,137,29,1.0,synthetic_mining_v1__glencore_sa_mining
104099,35,M,Single,2,1,Tertiary,2.2,10.5,27.9,169.0,79.6,Never,Occasionally,1,238.05,8.23,1.2,2,139,20,1.0,synthetic_mining_v1__glencore_sa_mining
104100,32,F,Single,0,0,Secondary,2.6,11.1,29.8,164.7,80.7,Never,Regularly,2,135.02,8.46,46.5,7,121,28,5.0,synthetic_mining_v1__glencore_sa_mining
104101,44,M,Single,0,0,Secondary,3.6,20.8,25.4,171.7,74.8,Daily,Regularly,1,152.94,6.6,34.4,7,103,21,11.0,synthetic_mining_v1__glencore_sa_mining
104102,35,M,Married,2,0,Tertiary,8.2,9.8,23.6,169.9,68.2,Never,Occasionally,0,122.79,6.02,2.0,6,246,19,0.0,synthetic_mining_v1__glencore_sa_mining
104103,54,M,Married,1,0,Tertiary,6.6,12.5,30.6,184.2,103.7,Occasional,Occasionally,4,261.88,8.53,16.7,3,90,22,4.0,synthetic_mining_v1__glencore_sa_mining
104104,52,M,Single,0,0,Tertiary,2.8,20.0,28.8,163.1,76.6,Never,Heavy,3,231.33,6.52,11.0,8,135,26,14.0,synthetic_mining_v1__glencore_sa_mining
104105,45,M,Divorced,5,1,Tertiary,2.7,39.2,29.2,170.9,85.4,Occasional,Never,5,185.97,6.99,14.5,5,59,19,7.0,synthetic_mining_v1__glencore_sa_mining
104106,35,M,Single,2,1,Secondary,5.5,15.4,27.8,176.7,86.9,Former,Occasionally,0,288.89,7.56,12.2,4,276,31,29.0,synthetic_mining_v1__glencore_sa_mining
104107,44,M,Married,3,1,Diploma,0.9,15.1,28.7,185.8,99.3,Never,Regularly,3,251.67,6.04,22.3,10,129,14,3.0,synthetic_mining_v1__glencore_sa_mining
104108,45,M,Married,3,0,Tertiary,7.9,2.8,31.3,172.3,92.8,Occasional,Occasionally,1,218.98,4.83,41.8,6,171,29,9.0,synthetic_mining_v1__glencore_sa_mining
104109,28,M,Married,0,0,Secondary,1.9,15.3,34.3,164.3,92.7,Never,Occasionally,2,270.37,7.3,5.3,10,103,22,2.0,synthetic_mining_v1__glencore_sa_mining
104110,41,M,Single,3,2,Diploma,3.1,17.1,30.4,166.6,84.4,Former,Occasionally,0,242.2,7.72,27.7,4,116,24,9.0,synthetic_mining_v1__glencore_sa_mining
104111,44,M,Married,2,1,Diploma,7.1,30.7,27.3,179.1,87.6,Occasional,Occasionally,2,204.95,5.74,5.3,2,57,23,7.0,synthetic_mining_v1__glencore_sa_mining
104112,40,M,Single,2,0,Primary,5.1,31.0,24.3,179.5,78.4,Daily,Never,2,230.97,4.73,19.6,5,47,15,0.0,synthetic_mining_v1__glencore_sa_mining
104113,52,M,Single,1,1,Primary,2.5,5.6,23.7,163.5,63.3,Daily,Heavy,1,223.81,5.27,32.8,9,365,24,120.0,synthetic_mining_v1__glencore_sa_mining
104114,49,F,Married,0,0,Primary,17.3,3.3,27.0,154.7,64.6,Occasional,Never,5,265.96,5.03,28.4,6,40,28,5.0,synthetic_mining_v1__glencore_sa_mining
104115,31,F,Married,4,0,Secondary,5.7,27.1,18.1,161.2,47.0,Occasional,Regularly,1,160.6,6.95,14.6,5,258,19,4.0,synthetic_mining_v1__glencore_sa_mining
104116,39,M,Single,1,1,Secondary,9.8,22.9,22.5,164.7,61.1,Occasional,Occasionally,3,187.18,4.92,20.1,10,110,30,11.0,synthetic_mining_v1__glencore_sa_mining
104117,30,M,Married,1,1,Secondary,5.9,9.8,37.5,175.2,115.2,Never,Occasionally,0,209.92,6.95,10.7,3,121,20,4.0,synthetic_mining_v1__glencore_sa_mining
104118,43,M,Widowed,2,2,Secondary,2.3,0.5,31.5,173.8,95.2,Never,Heavy,0,170.17,8.22,39.1,10,179,28,0.0,synthetic_mining_v1__glencore_sa_mining
104119,30,M,Married,2,1,Tertiary,1.8,33.7,28.7,161.9,75.2,Never,Heavy,4,155.85,6.9,7.8,7,296,22,5.0,synthetic_mining_v1__glencore_sa_mining
104120,46,F,Single,4,2,Secondary,4.8,30.3,28.1,164.7,76.3,Former,Never,2,218.5,4.85,23.1,5,66,32,14.0,synthetic_mining_v1__glencore_sa_mining
104121,41,M,Married,2,2,Primary,4.5,21.5,23.5,174.9,71.8,Never,Never,1,263.12,4.25,11.7,4,230,17,0.0,synthetic_mining_v1__glencore_sa_mining
104122,47,F,Married,0,0,Secondary,4.8,5.4,28.3,147.9,62.0,Never,Regularly,0,168.35,3.5,28.0,7,95,21,10.0,synthetic_mining_v1__glencore_sa_mining
104123,37,M,Married,1,0,Diploma,2.3,26.5,22.5,173.3,67.6,Former,Never,2,177.57,6.49,8.8,2,183,21,1.0,synthetic_mining_v1__glencore_sa_mining
104124,25,M,Married,2,2,Primary,1.6,25.5,28.0,185.6,96.5,Never,Occasionally,5,154.86,6.7,6.3,6,126,20,0.0,synthetic_mining_v1__glencore_sa_mining
104125,54,M,Divorced,3,1,Secondary,1.8,17.9,32.9,163.2,87.7,Never,Never,4,246.05,8.01,22.7,9,87,26,10.0,synthetic_mining_v1__glencore_sa_mining
104126,36,M,Single,2,1,Secondary,8.9,10.9,30.1,161.3,78.2,Daily,Heavy,1,126.84,6.82,25.3,3,164,24,36.0,synthetic_mining_v1__glencore_sa_mining
104127,50,F,Single,2,2,Secondary,3.7,44.4,24.0,156.7,59.1,Never,Regularly,2,266.05,3.5,16.5,7,163,40,7.0,synthetic_mining_v1__glencore_sa_mining
104128,42,M,Single,1,1,Tertiary,16.1,13.6,20.8,158.7,52.3,Never,Never,1,247.51,5.87,19.9,9,144,25,4.0,synthetic_mining_v1__glencore_sa_mining
104129,44,M,Widowed,0,0,Secondary,16.5,8.8,37.2,169.4,106.8,Occasional,Never,0,257.86,7.16,1.7,3,128,18,18.0,synthetic_mining_v1__glencore_sa_mining
104130,54,M,Widowed,3,0,Tertiary,7.9,26.6,32.4,175.1,99.5,Daily,Occasionally,4,230.53,6.3,13.2,5,66,23,21.0,synthetic_mining_v1__glencore_sa_mining
104131,41,M,Married,2,0,Diploma,8.5,7.4,29.2,167.4,81.9,Daily,Regularly,4,252.78,5.94,22.7,6,142,23,27.0,synthetic_mining_v1__glencore_sa_mining
104132,51,M,Married,1,1,Diploma,5.9,16.5,26.7,165.5,73.1,Former,Occasionally,0,236.96,6.33,22.4,12,28,17,1.0,synthetic_mining_v1__glencore_sa_mining
104133,25,F,Single,7,2,Secondary,13.0,3.2,27.3,156.7,67.1,Former,Occasionally,1,164.73,6.21,2.2,11,140,20,1.0,synthetic_mining_v1__glencore_sa_mining
104134,46,F,Married,1,1,Secondary,7.9,13.2,27.3,158.1,68.2,Never,Occasionally,4,232.99,6.97,2.5,6,241,19,5.0,synthetic_mining_v1__glencore_sa_mining
104135,36,M,Single,2,2,Tertiary,3.4,32.5,27.8,170.6,81.0,Never,Occasionally,0,250.0,6.38,12.9,8,181,15,3.0,synthetic_mining_v1__glencore_sa_mining
104136,37,M,Married,2,1,Primary,13.2,4.0,29.6,170.0,85.5,Former,Occasionally,4,125.33,6.75,6.4,4,159,12,1.0,synthetic_mining_v1__glencore_sa_mining
104137,38,F,Single,1,0,Diploma,4.9,13.6,36.6,164.0,98.5,Daily,Regularly,1,291.0,5.12,17.1,3,51,27,79.0,synthetic_mining_v1__glencore_sa_mining
104138,41,M,Single,1,1,Secondary,1.2,16.6,20.6,166.2,57.0,Never,Never,3,193.91,5.41,25.1,8,190,29,3.0,synthetic_mining_v1__glencore_sa_mining
104139,53,M,Single,2,0,Secondary,8.1,6.8,27.8,170.9,81.2,Former,Heavy,0,219.33,7.55,22.4,3,85,16,26.0,synthetic_mining_v1__glencore_sa_mining
104140,21,M,Married,1,1,Tertiary,5.3,23.4,26.6,159.5,67.8,Daily,Occasionally,4,249.23,6.39,10.5,4,92,23,5.0,synthetic_mining_v1__glencore_sa_mining
104141,38,M,Single,0,0,Tertiary,19.9,7.8,23.0,178.9,73.7,Daily,Never,1,101.54,4.27,13.3,12,184,26,6.0,synthetic_mining_v1__glencore_sa_mining
104142,32,M,Single,2,0,Diploma,7.5,11.7,24.8,177.6,78.2,Never,Occasionally,2,240.26,6.39,35.8,4,126,22,1.0,synthetic_mining_v1__glencore_sa_mining
104143,48,M,Married,1,0,Secondary,5.0,5.6,23.0,170.0,66.5,Never,Heavy,1,194.56,8.33,13.5,7,95,18,2.0,synthetic_mining_v1__glencore_sa_mining
104144,34,M,Married,1,1,Primary,2.8,20.3,28.8,177.1,90.1,Never,Occasionally,2,230.95,6.01,1.5,6,183,20,0.0,synthetic_mining_v1__glencore_sa_mining
104145,42,M,Divorced,4,0,Primary,15.0,1.8,28.4,164.5,77.0,Never,Occasionally,0,199.19,5.87,1.9,4,117,24,1.0,synthetic_mining_v1__glencore_sa_mining
104146,34,M,Married,2,0,Secondary,7.6,25.0,27.9,177.5,87.9,Never,Never,1,128.56,7.57,1.5,9,142,23,2.0,synthetic_mining_v1__glencore_sa_mining
104147,44,M,Divorced,1,1,Secondary,14.6,8.9,22.1,166.7,61.3,Occasional,Heavy,4,260.73,7.57,34.8,10,53,22,29.0,synthetic_mining_v1__glencore_sa_mining
104148,47,M,Married,1,1,Primary,12.0,34.3,17.2,177.8,54.3,Daily,Heavy,5,121.23,6.07,0.6,6,29,15,3.0,synthetic_mining_v1__glencore_sa_mining
104149,34,M,Married,0,0,Tertiary,6.6,22.8,30.3,165.4,82.9,Never,Regularly,4,204.73,6.4,22.9,0,153,15,2.0,synthetic_mining_v1__glencore_sa_mining
104150,38,F,Married,2,0,Secondary,7.4,3.4,21.1,157.1,52.0,Former,Never,2,301.06,6.39,18.3,8,68,37,5.0,synthetic_mining_v1__glencore_sa_mining
104151,25,M,Married,3,1,Secondary,6.3,13.7,32.7,169.2,93.6,Never,Regularly,1,238.36,5.88,9.4,11,86,24,0.0,synthetic_mining_v1__glencore_sa_mining
104152,41,M,Single,6,1,Diploma,3.6,6.3,31.7,183.2,106.2,Never,Occasionally,4,225.57,7.22,19.4,9,172,20,3.0,synthetic_mining_v1__glencore_sa_mining
104153,46,M,Married,4,1,Primary,2.5,42.5,21.3,173.0,63.6,Never,Regularly,1,196.01,6.59,8.5,10,56,14,3.0,synthetic_mining_v1__glencore_sa_mining
104154,33,M,Married,1,1,Secondary,6.4,23.8,27.4,173.1,82.2,Daily,Regularly,4,302.96,8.68,12.3,5,279,17,32.0,synthetic_mining_v1__glencore_sa_mining
104155,48,M,Married,1,1,Diploma,14.7,28.8,18.6,176.5,57.9,Never,Occasionally,2,239.8,7.36,36.4,10,333,29,5.0,synthetic_mining_v1__glencore_sa_mining
104156,19,M,Divorced,0,0,Secondary,21.4,9.2,23.6,165.6,64.8,Occasional,Occasionally,0,234.87,6.12,32.9,3,50,18,1.0,synthetic_mining_v1__glencore_sa_mining
104157,21,M,Married,0,0,Secondary,4.7,20.4,33.5,176.7,104.5,Occasional,Occasionally,3,266.65,6.42,19.0,6,113,21,7.0,synthetic_mining_v1__glencore_sa_mining
104158,26,F,Married,1,1,Secondary,11.4,20.5,31.4,157.4,77.8,Daily,Never,4,222.12,5.73,12.8,5,99,15,5.0,synthetic_mining_v1__glencore_sa_mining
104159,34,M,Married,3,2,Diploma,8.3,8.7,36.3,171.5,106.9,Daily,Occasionally,0,299.28,7.74,13.1,7,75,22,52.0,synthetic_mining_v1__glencore_sa_mining
104160,38,F,Divorced,1,1,Secondary,7.6,13.5,18.9,160.4,48.6,Daily,Regularly,3,175.12,5.76,8.1,5,223,16,0.0,synthetic_mining_v1__glencore_sa_mining
104161,37,F,Single,3,2,Secondary,11.2,16.8,34.4,156.9,84.8,Never,Never,0,156.31,6.12,37.1,4,79,24,6.0,synthetic_mining_v1__glencore_sa_mining
104162,37,M,Married,0,0,Diploma,6.0,36.9,28.7,173.9,86.8,Former,Occasionally,5,192.46,7.51,5.5,6,51,13,2.0,synthetic_mining_v1__glencore_sa_mining
104163,45,M,Married,1,1,Secondary,10.1,31.4,27.9,163.1,74.1,Daily,Never,4,173.28,5.75,34.3,5,256,19,13.0,synthetic_mining_v1__glencore_sa_mining
104164,34,F,Married,0,0,Diploma,5.2,26.5,24.5,159.1,62.1,Daily,Occasionally,2,219.64,5.9,31.3,4,13,17,11.0,synthetic_mining_v1__glencore_sa_mining
104165,27,M,Single,3,0,Secondary,3.8,36.9,26.5,169.0,75.8,Daily,Heavy,3,217.44,6.82,2.5,5,59,13,3.0,synthetic_mining_v1__glencore_sa_mining
104166,27,M,Married,2,0,Primary,6.7,11.6,30.7,166.5,85.1,Daily,Occasionally,2,253.09,4.99,13.6,5,185,21,16.0,synthetic_mining_v1__glencore_sa_mining
104167,57,M,Married,1,1,Primary,2.7,13.4,29.0,183.7,97.7,Daily,Occasionally,2,192.6,8.52,8.0,6,116,24,0.0,synthetic_mining_v1__glencore_sa_mining
104168,19,F,Married,2,0,Secondary,8.7,12.4,19.6,149.6,43.9,Former,Occasionally,0,312.02,7.65,10.9,8,192,32,4.0,synthetic_mining_v1__glencore_sa_mining
104169,36,M,Divorced,2,1,Secondary,1.8,21.6,25.4,181.8,83.8,Never,Never,4,239.82,4.82,8.8,6,129,26,5.0,synthetic_mining_v1__glencore_sa_mining
104170,51,M,Single,1,1,Secondary,1.7,31.2,16.4,169.8,47.2,Occasional,Never,1,242.85,7.68,12.2,6,62,19,0.0,synthetic_mining_v1__glencore_sa_mining
104171,42,M,Married,0,0,Secondary,15.6,14.5,28.4,177.5,89.4,Occasional,Never,1,264.72,5.89,27.2,6,77,23,8.0,synthetic_mining_v1__glencore_sa_mining
104172,31,M,Married,4,1,Secondary,13.5,10.5,23.9,159.5,60.7,Former,Occasionally,0,271.18,6.95,13.3,6,30,25,4.0,synthetic_mining_v1__glencore_sa_mining
104173,38,M,Married,1,1,Diploma,9.6,21.7,28.0,167.4,78.6,Former,Regularly,2,203.83,5.86,4.6,2,59,7,0.0,synthetic_mining_v1__glencore_sa_mining
104174,46,F,Married,1,1,Diploma,6.4,15.4,19.6,153.4,46.0,Former,Occasionally,3,195.27,6.76,8.5,9,198,27,1.0,synthetic_mining_v1__glencore_sa_mining
104175,49,M,Married,2,2,Secondary,4.3,13.6,28.2,174.2,85.5,Daily,Never,3,211.44,6.96,4.3,7,194,18,0.0,synthetic_mining_v1__glencore_sa_mining
104176,30,M,Married,1,1,Diploma,5.2,2.9,20.6,167.5,57.8,Former,Occasionally,4,218.75,6.47,9.6,2,45,12,1.0,synthetic_mining_v1__glencore_sa_mining
104177,45,M,Married,3,0,Secondary,8.4,15.6,28.5,166.1,78.7,Never,Occasionally,2,146.07,6.65,7.4,5,138,15,1.0,synthetic_mining_v1__glencore_sa_mining
104178,40,M,Married,1,0,Primary,5.4,11.6,28.3,163.4,75.4,Never,Regularly,1,191.1,7.04,20.2,6,246,18,4.0,synthetic_mining_v1__glencore_sa_mining
104179,48,M,Divorced,0,0,Secondary,15.3,9.7,35.5,166.8,98.8,Daily,Occasionally,2,258.94,5.3,7.1,6,20,17,8.0,synthetic_mining_v1__glencore_sa_mining
104180,51,M,Married,0,0,Secondary,3.9,9.0,20.5,178.4,65.2,Occasional,Never,1,257.59,7.69,4.1,10,116,20,2.0,synthetic_mining_v1__glencore_sa_mining
104181,35,M,Married,2,2,Diploma,7.2,7.1,36.6,166.7,101.8,Daily,Occasionally,6,199.03,5.77,14.3,10,47,25,8.0,synthetic_mining_v1__glencore_sa_mining
104182,25,M,Married,0,0,Secondary,13.4,8.8,31.0,178.7,98.8,Never,Regularly,4,224.47,6.73,32.4,5,182,27,4.0,synthetic_mining_v1__glencore_sa_mining
104183,42,F,Widowed,0,0,Secondary,3.8,39.5,32.5,163.5,86.8,Daily,Regularly,0,224.57,4.29,9.1,6,49,23,39.0,synthetic_mining_v1__glencore_sa_mining
104184,54,M,Single,2,0,Diploma,9.9,1.4,20.9,172.0,61.9,Daily,Occasionally,0,239.94,7.34,25.9,4,57,19,8.0,synthetic_mining_v1__glencore_sa_mining
104185,44,M,Married,0,0,Secondary,14.7,12.9,27.5,159.3,69.8,Never,Occasionally,4,144.54,7.42,24.8,7,177,25,4.0,synthetic_mining_v1__glencore_sa_mining
104186,40,M,Married,0,0,Secondary,6.9,42.8,22.1,178.8,70.5,Never,Regularly,3,217.18,6.25,42.6,4,29,20,5.0,synthetic_mining_v1__glencore_sa_mining
104187,60,M,Divorced,0,0,Diploma,3.8,14.3,31.1,180.3,101.2,Never,Never,3,144.79,7.12,25.7,7,18,24,2.0,synthetic_mining_v1__glencore_sa_mining
104188,29,M,Married,4,0,Primary,18.8,12.1,31.8,165.0,86.7,Former,Heavy,4,288.82,5.23,6.5,6,167,34,29.0,synthetic_mining_v1__glencore_sa_mining
104189,46,M,Married,1,1,Primary,2.0,23.4,29.6,159.2,74.9,Daily,Heavy,2,267.87,4.48,41.3,5,76,22,0.0,synthetic_mining_v1__glencore_sa_mining
104190,33,F,Single,1,0,Secondary,6.2,12.5,31.9,160.1,81.9,Daily,Never,1,166.34,6.72,1.3,6,187,20,7.0,synthetic_mining_v1__glencore_sa_mining
104191,38,M,Married,1,1,Diploma,2.4,41.2,27.4,173.8,82.9,Daily,Never,0,223.87,5.75,40.9,6,78,24,35.0,synthetic_mining_v1__glencore_sa_mining
104192,39,M,Single,1,0,Tertiary,4.3,12.2,26.1,171.6,77.0,Daily,Never,3,251.25,7.85,3.5,15,27,15,4.0,synthetic_mining_v1__glencore_sa_mining
104193,52,M,Single,1,1,Primary,11.5,19.9,27.1,181.9,89.7,Occasional,Regularly,2,188.24,5.38,14.5,5,60,15,7.0,synthetic_mining_v1__glencore_sa_mining
104194,30,M,Married,1,0,Diploma,4.4,17.4,23.6,172.4,70.1,Daily,Regularly,1,312.23,7.08,45.7,4,60,30,119.0,synthetic_mining_v1__glencore_sa_mining
104195,33,M,Single,1,0,Primary,2.5,20.3,30.1,172.0,89.1,Occasional,Occasionally,3,230.21,5.5,17.9,6,365,20,0.0,synthetic_mining_v1__glencore_sa_mining
104196,24,M,Married,3,1,Primary,4.7,57.8,24.1,168.5,68.5,Former,Heavy,3,204.78,4.57,17.8,9,57,25,8.0,synthetic_mining_v1__glencore_sa_mining
104197,42,F,Single,0,0,Diploma,6.4,16.9,37.1,164.5,100.4,Occasional,Regularly,1,167.13,6.79,8.3,6,26,19,3.0,synthetic_mining_v1__glencore_sa_mining
104198,34,M,Single,1,1,Secondary,13.8,7.9,30.1,175.0,92.3,Never,Occasionally,2,267.69,6.52,4.6,8,65,22,3.0,synthetic_mining_v1__glencore_sa_mining
104199,42,F,Married,2,2,Primary,35.0,17.2,19.9,165.7,54.6,Never,Never,2,266.56,6.63,31.4,8,36,18,1.0,synthetic_mining_v1__glencore_sa_mining
104200,28,M,Married,1,1,Diploma,7.7,30.0,18.3,169.6,52.5,Occasional,Never,4,302.26,6.61,9.4,9,70,26,1.0,synthetic_mining_v1__glencore_sa_mining
104201,35,M,Married,0,0,Primary,8.5,5.5,19.7,174.7,60.2,Never,Regularly,1,264.5,6.05,32.9,8,231,25,3.0,synthetic_mining_v1__glencore_sa_mining
104202,47,F,Widowed,1,0,Primary,2.0,15.1,24.8,163.3,66.1,Former,Never,3,231.02,5.55,27.2,12,33,30,0.0,synthetic_mining_v1__glencore_sa_mining
104203,36,M,Single,1,1,Secondary,16.0,17.7,29.2,175.6,89.9,Never,Occasionally,2,237.5,5.24,26.5,9,108,23,4.0,synthetic_mining_v1__glencore_sa_mining
104204,44,M,Married,1,1,Secondary,2.5,3.5,28.4,170.0,81.9,Daily,Never,2,158.77,6.53,8.6,9,77,17,0.0,synthetic_mining_v1__glencore_sa_mining
104205,43,M,Single,1,1,Tertiary,9.0,7.5,28.3,175.5,87.1,Former,Heavy,4,194.3,5.91,23.7,12,90,24,2.0,synthetic_mining_v1__glencore_sa_mining
104206,35,M,Single,0,0,Diploma,17.3,3.1,20.1,163.0,53.4,Never,Occasionally,4,299.14,6.7,19.9,4,312,27,1.0,synthetic_mining_v1__glencore_sa_mining
104207,24,F,Single,1,0,Secondary,1.2,6.0,33.3,156.3,81.2,Never,Occasionally,2,154.24,6.86,3.6,7,121,23,0.0,synthetic_mining_v1__glencore_sa_mining
104208,47,F,Married,0,0,Diploma,5.7,14.4,33.2,157.6,82.4,Occasional,Regularly,3,276.51,7.05,19.9,11,279,29,27.0,synthetic_mining_v1__glencore_sa_mining
104209,40,F,Single,1,1,Primary,6.3,31.6,31.0,162.8,82.2,Former,Occasionally,3,177.53,6.14,23.4,14,44,26,4.0,synthetic_mining_v1__glencore_sa_mining
104210,47,M,Single,2,1,Secondary,8.5,22.5,28.5,168.9,81.3,Former,Regularly,1,189.43,5.12,3.5,4,30,16,13.0,synthetic_mining_v1__glencore_sa_mining
104211,20,M,Married,1,0,Secondary,3.2,6.0,28.6,162.3,75.3,Never,Heavy,2,225.11,7.08,44.1,6,186,27,2.0,synthetic_mining_v1__glencore_sa_mining
104212,23,M,Married,1,1,Secondary,6.7,12.4,25.7,175.0,78.8,Occasional,Never,1,231.21,5.27,7.6,3,257,21,3.0,synthetic_mining_v1__glencore_sa_mining
104213,19,M,Single,2,2,Diploma,5.0,18.5,27.6,166.4,76.4,Never,Never,4,279.06,6.91,25.7,4,49,23,2.0,synthetic_mining_v1__glencore_sa_mining
104214,30,M,Married,3,3,Secondary,4.8,6.2,25.8,169.7,74.3,Former,Occasionally,2,318.06,9.05,31.6,7,86,31,6.0,synthetic_mining_v1__glencore_sa_mining
104215,47,M,Married,1,0,Secondary,4.5,14.0,35.2,168.0,99.5,Never,Occasionally,1,262.62,5.3,24.5,4,69,23,0.0,synthetic_mining_v1__glencore_sa_mining
104216,43,M,Divorced,2,1,Secondary,2.9,10.0,24.7,175.8,76.3,Daily,Heavy,1,230.02,6.33,21.8,3,70,20,51.0,synthetic_mining_v1__glencore_sa_mining
104217,38,M,Married,0,0,Secondary,18.0,27.5,22.2,175.8,68.5,Never,Never,5,221.21,7.42,11.7,6,127,22,1.0,synthetic_mining_v1__glencore_sa_mining
104218,39,M,Married,1,1,Diploma,11.2,3.1,33.5,166.9,93.5,Occasional,Never,2,178.17,6.99,0.9,10,60,9,2.0,synthetic_mining_v1__glencore_sa_mining
104219,45,M,Widowed,2,1,Primary,8.0,2.1,30.2,168.5,85.8,Daily,Never,2,176.66,6.84,46.9,10,39,30,13.0,synthetic_mining_v1__glencore_sa_mining
104220,35,F,Single,5,1,Primary,5.3,34.9,35.6,167.2,99.4,Daily,Occasionally,0,213.8,6.9,42.1,7,41,19,120.0,synthetic_mining_v1__glencore_sa_mining
104221,42,M,Married,0,0,Tertiary,10.7,28.7,21.1,177.2,66.3,Occasional,Occasionally,1,195.52,7.61,40.8,4,17,22,0.0,synthetic_mining_v1__glencore_sa_mining
104222,39,M,Married,4,1,Secondary,14.1,10.8,32.7,167.2,91.4,Daily,Regularly,4,203.52,7.54,19.8,4,96,30,0.0,synthetic_mining_v1__glencore_sa_mining
104223,19,M,Married,1,0,Secondary,6.7,3.8,34.6,170.8,100.9,Former,Regularly,4,317.03,6.64,35.3,16,6,25,15.0,synthetic_mining_v1__glencore_sa_mining
104224,35,M,Single,0,0,Secondary,11.8,10.1,23.1,171.7,68.2,Never,Never,2,277.66,5.88,7.0,5,144,27,2.0,synthetic_mining_v1__glencore_sa_mining
104225,50,M,Single,2,2,Diploma,10.9,17.7,28.2,167.7,79.3,Daily,Regularly,0,138.09,5.19,2.3,9,12,20,0.0,synthetic_mining_v1__glencore_sa_mining
104226,34,M,Single,4,0,Diploma,16.7,35.5,26.4,173.5,79.4,Never,Occasionally,4,188.07,8.37,23.5,9,187,26,2.0,synthetic_mining_v1__glencore_sa_mining
104227,37,M,Widowed,3,1,Secondary,18.6,9.9,16.2,171.3,47.5,Daily,Occasionally,1,178.59,5.98,7.2,7,211,13,2.0,synthetic_mining_v1__glencore_sa_mining
104228,33,F,Single,3,3,Secondary,20.9,5.0,38.4,157.2,94.9,Daily,Occasionally,2,288.84,8.57,3.6,3,203,18,16.0,synthetic_mining_v1__glencore_sa_mining
104229,34,M,Single,2,1,Secondary,6.1,28.5,27.3,160.1,70.1,Former,Occasionally,2,311.65,9.4,30.8,5,34,24,4.0,synthetic_mining_v1__glencore_sa_mining
104230,48,M,Divorced,3,2,Diploma,4.4,6.9,22.6,169.7,65.1,Daily,Occasionally,5,249.46,6.57,26.7,10,57,28,4.0,synthetic_mining_v1__glencore_sa_mining
104231,36,M,Single,0,0,Secondary,4.6,16.1,32.9,177.2,103.4,Never,Occasionally,2,285.22,5.73,26.8,7,54,30,8.0,synthetic_mining_v1__glencore_sa_mining
104232,29,M,Married,1,0,Secondary,8.9,10.8,35.4,171.6,104.4,Never,Regularly,2,254.61,7.68,47.4,10,258,35,13.0,synthetic_mining_v1__glencore_sa_mining
104233,19,M,Divorced,1,1,Primary,2.7,23.8,21.0,150.7,47.6,Daily,Occasionally,2,245.26,5.3,1.2,6,78,17,1.0,synthetic_mining_v1__glencore_sa_mining
104234,33,M,Married,0,0,Tertiary,2.5,20.3,26.2,173.5,78.8,Daily,Occasionally,0,184.87,5.87,3.5,6,56,14,5.0,synthetic_mining_v1__glencore_sa_mining
104235,20,M,Single,2,2,Secondary,2.9,17.2,29.4,165.4,80.4,Daily,Never,3,172.47,6.45,38.3,4,68,24,1.0,synthetic_mining_v1__glencore_sa_mining
104236,22,F,Married,1,1,Diploma,5.8,8.1,28.6,152.9,66.8,Never,Regularly,2,223.98,6.39,10.6,4,128,29,1.0,synthetic_mining_v1__glencore_sa_mining
104237,45,M,Married,1,1,Secondary,6.5,12.2,30.4,168.2,86.0,Never,Regularly,2,200.74,7.45,17.1,6,65,15,5.0,synthetic_mining_v1__glencore_sa_mining
104238,44,F,Single,2,1,Secondary,7.8,37.3,35.1,163.6,94.0,Never,Never,0,225.59,6.84,2.8,7,120,28,7.0,synthetic_mining_v1__glencore_sa_mining
104239,21,F,Single,5,3,Secondary,0.7,5.6,17.5,153.1,41.1,Daily,Occasionally,3,314.34,6.74,5.8,6,58,16,0.0,synthetic_mining_v1__glencore_sa_mining
104240,46,F,Married,2,0,Secondary,2.6,7.2,31.2,151.8,72.0,Never,Heavy,3,231.46,7.18,1.8,7,182,25,23.0,synthetic_mining_v1__glencore_sa_mining
104241,42,M,Single,0,0,Secondary,2.7,4.2,27.3,171.1,79.9,Never,Never,1,224.36,6.87,9.4,9,267,25,5.0,synthetic_mining_v1__glencore_sa_mining
104242,31,M,Married,1,1,Diploma,4.5,22.9,30.0,170.4,87.1,Never,Heavy,4,275.98,5.52,23.8,8,190,24,0.0,synthetic_mining_v1__glencore_sa_mining
104243,45,M,Single,2,1,Secondary,10.3,20.6,26.6,173.4,79.9,Former,Occasionally,1,280.75,5.56,5.8,10,312,15,6.0,synthetic_mining_v1__glencore_sa_mining
104244,23,M,Single,4,0,Tertiary,8.6,20.4,28.3,161.8,74.2,Never,Occasionally,2,279.21,7.25,45.9,9,19,26,6.0,synthetic_mining_v1__glencore_sa_mining
104245,27,M,Married,2,2,Secondary,4.7,12.5,30.8,180.7,100.6,Former,Regularly,2,196.7,6.07,18.6,8,118,21,2.0,synthetic_mining_v1__glencore_sa_mining
104246,25,M,Married,1,1,Secondary,10.9,11.5,23.3,182.7,77.8,Former,Occasionally,4,270.08,6.28,30.1,5,49,29,0.0,synthetic_mining_v1__glencore_sa_mining
104247,28,M,Single,0,0,Diploma,3.2,7.9,30.5,158.7,76.8,Daily,Regularly,0,205.25,6.07,17.5,5,287,28,26.0,synthetic_mining_v1__glencore_sa_mining
104248,46,M,Divorced,3,1,Diploma,13.1,8.4,33.8,166.7,94.0,Former,Occasionally,4,178.58,5.63,3.9,5,146,25,7.0,synthetic_mining_v1__glencore_sa_mining
104249,26,M,Married,0,0,Diploma,7.6,15.4,32.9,164.6,89.1,Never,Never,3,279.36,5.17,30.5,2,140,38,9.0,synthetic_mining_v1__glencore_sa_mining
104250,28,F,Single,0,0,Secondary,12.6,8.3,22.4,156.7,55.1,Occasional,Occasionally,1,301.69,6.28,8.5,4,76,18,3.0,synthetic_mining_v1__glencore_sa_mining
104251,29,M,Single,2,2,Diploma,1.1,33.1,28.6,157.5,71.0,Occasional,Heavy,2,166.23,7.19,19.9,7,65,12,4.0,synthetic_mining_v1__glencore_sa_mining
104252,40,M,Married,0,0,Secondary,3.2,54.8,29.1,163.6,78.0,Never,Occasionally,1,220.02,6.52,19.4,6,286,17,13.0,synthetic_mining_v1__glencore_sa_mining
104253,35,M,Single,0,0,Diploma,5.3,15.3,34.7,174.8,105.9,Former,Regularly,4,271.07,6.37,8.4,8,160,20,9.0,synthetic_mining_v1__glencore_sa_mining
104254,46,M,Single,4,0,Secondary,7.7,10.5,29.3,164.3,79.0,Never,Never,2,249.86,5.71,9.8,4,34,23,0.0,synthetic_mining_v1__glencore_sa_mining
104255,32,M,Divorced,0,0,Diploma,1.8,35.6,23.8,175.0,73.1,Never,Heavy,4,185.85,4.53,3.6,8,10,17,1.0,synthetic_mining_v1__glencore_sa_mining
104256,26,M,Divorced,2,0,Diploma,10.1,2.9,26.7,176.2,82.9,Daily,Never,5,138.6,6.59,1.7,10,331,32,4.0,synthetic_mining_v1__glencore_sa_mining
104257,33,M,Married,2,2,Secondary,7.6,9.1,30.3,158.2,76.0,Never,Regularly,0,249.33,6.82,17.5,9,64,31,0.0,synthetic_mining_v1__glencore_sa_mining
104258,38,M,Married,2,0,Primary,8.8,11.0,25.8,154.8,61.9,Never,Occasionally,3,129.57,7.65,1.3,12,152,26,0.0,synthetic_mining_v1__glencore_sa_mining
104259,30,M,Single,5,2,Primary,4.6,7.8,31.6,173.1,94.6,Daily,Regularly,1,167.86,7.97,30.2,10,18,23,41.0,synthetic_mining_v1__glencore_sa_mining
104260,40,M,Single,1,1,Primary,1.1,21.7,25.6,169.9,73.9,Never,Occasionally,1,278.84,6.96,6.5,7,45,12,0.0,synthetic_mining_v1__glencore_sa_mining
104261,54,M,Single,1,0,Diploma,2.5,22.1,27.7,168.4,78.7,Never,Occasionally,2,162.25,5.54,28.7,12,98,30,7.0,synthetic_mining_v1__glencore_sa_mining
104262,33,M,Married,1,1,Secondary,6.6,13.0,26.7,173.8,80.7,Daily,Heavy,2,211.17,6.97,21.3,2,14,31,11.0,synthetic_mining_v1__glencore_sa_mining
104263,38,M,Single,0,0,Diploma,2.9,26.9,26.1,174.9,79.7,Never,Regularly,0,208.23,6.8,13.2,10,208,30,17.0,synthetic_mining_v1__glencore_sa_mining
104264,50,M,Single,2,1,Primary,5.9,19.6,28.2,166.4,78.1,Never,Occasionally,2,270.1,5.98,28.8,3,87,24,11.0,synthetic_mining_v1__glencore_sa_mining
104265,32,M,Widowed,1,0,Secondary,6.1,12.7,29.1,160.6,75.1,Never,Never,4,210.8,5.5,2.6,9,67,26,1.0,synthetic_mining_v1__glencore_sa_mining
104266,30,M,Single,2,1,Diploma,6.2,2.9,27.8,179.2,89.3,Never,Occasionally,3,272.01,5.7,10.9,4,99,27,3.0,synthetic_mining_v1__glencore_sa_mining
104267,28,M,Widowed,2,2,Diploma,8.3,3.6,26.0,164.1,69.8,Daily,Heavy,3,278.25,6.79,45.1,4,97,22,96.0,synthetic_mining_v1__glencore_sa_mining
104268,41,M,Married,1,1,Secondary,15.3,21.0,27.9,169.2,79.8,Never,Regularly,4,199.43,6.88,29.3,8,44,27,0.0,synthetic_mining_v1__glencore_sa_mining
104269,43,M,Married,2,1,Secondary,8.2,6.9,37.1,167.8,104.5,Never,Occasionally,6,150.14,6.71,12.4,4,27,11,3.0,synthetic_mining_v1__glencore_sa_mining
104270,37,M,Single,3,0,Diploma,6.2,13.3,26.2,173.4,78.8,Former,Occasionally,3,255.73,6.01,6.7,5,48,21,1.0,synthetic_mining_v1__glencore_sa_mining
104271,38,M,Married,3,1,Diploma,6.7,15.4,26.2,158.1,65.6,Daily,Regularly,2,292.49,5.75,18.9,4,48,24,54.0,synthetic_mining_v1__glencore_sa_mining
104272,49,M,Married,3,0,Secondary,5.8,24.9,29.1,166.3,80.5,Daily,Regularly,2,212.22,5.09,7.6,8,87,21,24.0,synthetic_mining_v1__glencore_sa_mining
104273,46,M,Married,2,2,Secondary,13.2,17.5,24.7,171.0,72.3,Never,Occasionally,3,171.11,6.96,25.2,10,45,25,1.0,synthetic_mining_v1__glencore_sa_mining
104274,25,M,Widowed,4,2,Secondary,3.7,58.2,17.8,164.7,48.4,Never,Regularly,0,176.44,3.81,5.4,3,214,29,4.0,synthetic_mining_v1__glencore_sa_mining
104275,38,M,Married,1,1,Primary,4.3,33.1,24.7,172.5,73.6,Former,Heavy,2,186.96,7.54,19.1,9,185,22,0.0,synthetic_mining_v1__glencore_sa_mining
104276,39,M,Single,1,0,Primary,6.0,4.2,26.2,166.0,72.1,Never,Regularly,4,238.89,7.33,38.1,9,139,27,8.0,synthetic_mining_v1__glencore_sa_mining
104277,44,M,Divorced,0,0,Diploma,8.9,13.0,29.5,180.6,96.2,Occasional,Occasionally,2,307.0,4.42,35.9,8,153,31,34.0,synthetic_mining_v1__glencore_sa_mining
104278,36,M,Married,1,1,Diploma,11.0,16.3,26.5,180.1,85.9,Never,Regularly,1,181.51,6.96,4.7,7,13,16,0.0,synthetic_mining_v1__glencore_sa_mining
104279,32,M,Married,4,0,Secondary,6.6,17.6,32.8,165.1,89.4,Never,Regularly,4,253.01,5.53,3.6,7,81,15,8.0,synthetic_mining_v1__glencore_sa_mining
104280,34,M,Married,0,0,Diploma,12.4,33.2,29.3,169.0,83.5,Occasional,Occasionally,0,186.42,5.35,3.3,8,172,30,10.0,synthetic_mining_v1__glencore_sa_mining
104281,22,M,Married,2,0,Diploma,7.5,34.2,30.0,178.5,95.6,Occasional,Occasionally,2,185.19,7.58,5.6,7,48,26,3.0,synthetic_mining_v1__glencore_sa_mining
104282,38,F,Married,2,0,Secondary,6.0,10.0,28.8,161.0,74.6,Occasional,Never,4,115.36,7.41,17.0,8,48,23,1.0,synthetic_mining_v1__glencore_sa_mining
104283,32,M,Single,3,1,Secondary,15.2,13.6,31.9,164.0,85.8,Daily,Occasionally,1,229.51,5.72,21.5,6,167,24,12.0,synthetic_mining_v1__glencore_sa_mining
104284,42,M,Married,1,0,Secondary,3.3,39.7,25.2,169.4,72.3,Former,Regularly,1,170.83,7.4,19.4,9,14,27,5.0,synthetic_mining_v1__glencore_sa_mining
104285,29,M,Single,2,1,Secondary,10.4,12.5,23.7,168.6,67.4,Never,Never,5,234.03,6.98,6.7,8,155,20,1.0,synthetic_mining_v1__glencore_sa_mining
104286,34,M,Married,3,0,Secondary,17.2,26.3,29.4,160.2,75.5,Former,Occasionally,2,230.8,5.17,19.0,10,185,17,10.0,synthetic_mining_v1__glencore_sa_mining
104287,29,M,Single,0,0,Tertiary,5.1,39.1,24.5,169.1,69.9,Never,Occasionally,1,152.09,6.55,17.6,8,171,27,0.0,synthetic_mining_v1__glencore_sa_mining
104288,28,F,Single,3,1,Secondary,8.5,12.8,26.1,167.9,73.4,Daily,Regularly,6,241.52,6.72,8.5,4,223,24,3.0,synthetic_mining_v1__glencore_sa_mining
104289,44,M,Married,1,1,Diploma,15.6,10.9,33.5,183.3,112.4,Former,Heavy,0,151.67,8.0,9.1,6,96,19,0.0,synthetic_mining_v1__glencore_sa_mining
104290,34,M,Married,0,0,Diploma,19.1,13.3,28.7,172.6,85.6,Never,Occasionally,3,190.13,5.31,7.8,4,71,18,0.0,synthetic_mining_v1__glencore_sa_mining
104291,42,M,Widowed,0,0,Secondary,14.7,27.2,28.4,176.5,88.6,Never,Occasionally,1,198.42,6.52,39.6,7,137,32,4.0,synthetic_mining_v1__glencore_sa_mining
104292,28,M,Married,3,1,Primary,4.7,8.3,26.7,166.1,73.6,Daily,Never,2,238.12,7.47,28.8,3,90,21,4.0,synthetic_mining_v1__glencore_sa_mining
104293,39,M,Married,2,1,Primary,8.9,17.5,27.5,164.9,74.8,Daily,Never,0,347.11,6.31,29.8,11,31,27,33.0,synthetic_mining_v1__glencore_sa_mining
104294,22,M,Married,0,0,Diploma,0.7,10.9,27.8,164.1,74.9,Never,Occasionally,3,168.07,8.64,15.7,9,61,16,1.0,synthetic_mining_v1__glencore_sa_mining
104295,33,M,Single,1,1,Tertiary,0.5,30.3,31.4,165.8,86.4,Former,Never,0,270.78,5.73,26.9,12,8,19,8.0,synthetic_mining_v1__glencore_sa_mining
104296,33,M,Divorced,1,1,Primary,20.7,22.5,23.7,164.1,63.9,Daily,Never,3,269.02,7.24,74.5,1,197,26,9.0,synthetic_mining_v1__glencore_sa_mining
104297,43,M,Married,2,2,Diploma,5.4,17.7,22.4,175.3,68.7,Former,Occasionally,2,220.07,7.31,28.9,12,180,28,0.0,synthetic_mining_v1__glencore_sa_mining
104298,39,M,Single,2,1,Tertiary,24.0,7.4,30.8,163.3,82.2,Former,Occasionally,3,213.57,6.35,26.7,6,68,17,2.0,synthetic_mining_v1__glencore_sa_mining
104299,36,M,Married,3,0,Secondary,8.5,13.7,30.8,170.5,89.5,Never,Occasionally,3,223.7,6.85,26.4,3,109,22,5.0,synthetic_mining_v1__glencore_sa_mining
104300,45,M,Married,0,0,Secondary,17.2,44.5,24.2,177.7,76.4,Occasional,Never,4,253.0,5.26,37.3,8,110,20,8.0,synthetic_mining_v1__glencore_sa_mining
104301,39,M,Single,2,2,Secondary,4.4,8.3,31.1,158.5,78.2,Former,Occasionally,1,227.96,8.82,37.1,8,132,22,2.0,synthetic_mining_v1__glencore_sa_mining
104302,42,M,Married,1,1,Diploma,21.8,19.7,21.6,163.3,57.6,Former,Occasionally,2,169.33,7.55,26.0,4,231,31,2.0,synthetic_mining_v1__glencore_sa_mining
104303,45,M,Married,0,0,Diploma,11.4,9.8,26.4,184.9,90.2,Former,Occasionally,2,246.32,6.67,8.9,8,117,20,5.0,synthetic_mining_v1__glencore_sa_mining
104304,37,F,Divorced,1,0,Secondary,4.5,4.4,34.6,149.7,77.6,Never,Occasionally,4,200.83,6.54,19.7,7,57,31,1.0,synthetic_mining_v1__glencore_sa_mining
104305,35,M,Divorced,0,0,Secondary,6.7,13.5,26.8,168.8,76.4,Never,Never,2,162.94,6.55,38.3,8,100,28,6.0,synthetic_mining_v1__glencore_sa_mining
104306,41,M,Widowed,3,1,Secondary,12.8,13.7,31.2,178.4,99.4,Former,Regularly,5,149.55,8.17,29.4,11,109,30,6.0,synthetic_mining_v1__glencore_sa_mining
104307,34,M,Single,1,1,Diploma,4.2,13.3,23.2,165.1,63.1,Former,Never,0,258.26,6.11,26.1,5,79,24,2.0,synthetic_mining_v1__glencore_sa_mining
104308,41,M,Married,1,1,Primary,6.9,3.9,16.0,165.8,44.0,Never,Never,1,225.45,7.46,30.1,9,118,25,0.0,synthetic_mining_v1__glencore_sa_mining
104309,48,M,Married,2,0,Secondary,4.3,14.5,29.8,176.9,93.2,Occasional,Occasionally,3,268.03,6.71,22.6,6,255,28,11.0,synthetic_mining_v1__glencore_sa_mining
104310,45,M,Married,1,1,Secondary,9.8,12.1,19.4,165.3,52.9,Never,Occasionally,0,225.5,9.42,21.5,6,80,18,2.0,synthetic_mining_v1__glencore_sa_mining
104311,34,M,Married,1,1,Secondary,2.0,4.6,28.2,169.4,80.9,Never,Never,3,119.12,7.75,14.7,8,167,24,1.0,synthetic_mining_v1__glencore_sa_mining
104312,26,M,Single,1,1,Primary,3.2,6.9,26.1,171.3,76.7,Occasional,Regularly,1,249.12,5.85,50.3,5,81,26,5.0,synthetic_mining_v1__glencore_sa_mining
104313,37,M,Single,2,2,Secondary,13.4,26.6,26.0,171.5,76.4,Daily,Heavy,4,246.25,4.18,5.2,7,82,27,24.0,synthetic_mining_v1__glencore_sa_mining
104314,36,F,Single,1,1,Diploma,6.4,8.0,24.1,165.7,66.0,Daily,Never,4,167.49,3.52,24.9,11,100,33,7.0,synthetic_mining_v1__glencore_sa_mining
104315,48,M,Single,0,0,Secondary,3.7,8.4,21.7,172.3,64.3,Daily,Occasionally,1,188.86,5.35,22.7,9,72,28,0.0,synthetic_mining_v1__glencore_sa_mining
104316,34,F,Single,3,1,Diploma,4.8,13.0,24.6,167.7,69.3,Never,Never,0,196.7,7.26,27.7,12,142,27,3.0,synthetic_mining_v1__glencore_sa_mining
104317,36,F,Married,0,0,Primary,19.6,4.5,24.9,161.4,64.7,Former,Regularly,2,242.3,6.44,6.9,9,29,14,1.0,synthetic_mining_v1__glencore_sa_mining
104318,44,M,Married,0,0,Primary,2.6,16.2,17.4,181.3,57.2,Former,Heavy,4,213.93,5.67,43.4,11,11,27,11.0,synthetic_mining_v1__glencore_sa_mining
104319,33,M,Single,1,1,Secondary,7.9,16.7,31.0,170.9,90.5,Former,Occasionally,3,225.68,4.46,68.4,5,86,31,15.0,synthetic_mining_v1__glencore_sa_mining
104320,36,M,Married,1,1,Secondary,5.7,8.8,35.9,162.4,94.6,Never,Never,6,176.57,8.07,3.4,11,9,20,0.0,synthetic_mining_v1__glencore_sa_mining
104321,53,M,Single,1,1,Diploma,30.9,2.2,16.0,167.3,44.8,Occasional,Never,3,196.09,3.55,17.3,6,171,23,0.0,synthetic_mining_v1__glencore_sa_mining
104322,51,M,Single,1,0,Primary,2.8,22.8,25.9,166.0,71.4,Never,Regularly,3,210.22,6.34,12.3,5,61,19,3.0,synthetic_mining_v1__glencore_sa_mining
104323,43,M,Married,1,0,Primary,9.2,23.4,25.2,163.7,67.5,Daily,Occasionally,4,280.61,6.77,12.8,8,148,22,13.0,synthetic_mining_v1__glencore_sa_mining
104324,40,M,Married,3,1,Secondary,5.8,7.7,24.6,157.4,60.8,Daily,Regularly,0,242.37,5.94,24.0,10,68,19,63.0,synthetic_mining_v1__glencore_sa_mining
104325,29,M,Married,1,1,Diploma,10.5,27.8,23.3,173.5,70.0,Daily,Occasionally,6,233.59,7.03,24.6,4,34,17,3.0,synthetic_mining_v1__glencore_sa_mining
104326,43,F,Single,2,0,Secondary,3.5,1.5,22.1,151.3,50.5,Former,Occasionally,0,166.53,6.12,28.9,4,158,18,7.0,synthetic_mining_v1__glencore_sa_mining
104327,38,M,Divorced,0,0,Secondary,16.9,23.4,29.9,160.3,76.8,Daily,Never,4,248.95,6.61,12.0,7,196,24,0.0,synthetic_mining_v1__glencore_sa_mining
104328,40,M,Married,2,2,Diploma,2.7,14.9,26.5,159.8,67.5,Occasional,Occasionally,2,175.58,7.46,13.0,3,86,14,2.0,synthetic_mining_v1__glencore_sa_mining
104329,33,M,Married,1,0,Secondary,22.9,23.4,27.3,166.1,75.3,Daily,Never,1,271.27,7.47,14.8,8,158,25,0.0,synthetic_mining_v1__glencore_sa_mining
104330,37,F,Married,2,1,Primary,11.3,9.2,31.8,158.4,79.8,Never,Never,2,219.9,6.04,30.8,12,136,25,12.0,synthetic_mining_v1__glencore_sa_mining
104331,36,M,Married,2,2,Diploma,2.3,17.9,30.5,171.8,90.0,Occasional,Regularly,2,204.32,4.18,17.5,4,31,22,3.0,synthetic_mining_v1__glencore_sa_mining
104332,40,M,Single,1,1,Secondary,3.0,5.7,21.7,167.6,61.1,Never,Occasionally,1,194.54,4.82,55.7,6,307,33,4.0,synthetic_mining_v1__glencore_sa_mining
104333,50,F,Single,1,1,Secondary,4.2,20.9,25.8,160.5,66.5,Daily,Occasionally,0,167.67,7.35,21.5,10,68,19,20.0,synthetic_mining_v1__glencore_sa_mining
104334,41,M,Widowed,1,0,Secondary,6.3,9.5,27.9,176.4,86.7,Daily,Regularly,1,232.89,7.31,9.1,13,22,19,11.0,synthetic_mining_v1__glencore_sa_mining
104335,23,F,Single,0,0,Diploma,2.5,14.5,28.3,165.2,77.1,Occasional,Occasionally,3,164.37,7.56,24.5,7,60,24,3.0,synthetic_mining_v1__glencore_sa_mining
104336,29,M,Divorced,2,1,Primary,3.9,11.6,34.3,175.8,106.1,Never,Occasionally,3,305.06,7.63,29.2,5,163,25,42.0,synthetic_mining_v1__glencore_sa_mining
104337,23,F,Married,2,2,Secondary,0.8,38.5,25.0,160.9,64.6,Daily,Occasionally,0,158.18,7.06,11.2,6,60,17,0.0,synthetic_mining_v1__glencore_sa_mining
104338,30,M,Married,3,0,Primary,5.7,16.5,27.4,170.7,79.9,Former,Occasionally,1,266.36,6.87,27.4,5,65,26,12.0,synthetic_mining_v1__glencore_sa_mining
104339,43,M,Single,0,0,Secondary,19.3,20.0,27.3,165.6,74.9,Never,Regularly,4,230.74,7.86,25.2,6,314,28,3.0,synthetic_mining_v1__glencore_sa_mining
104340,41,F,Married,0,0,Tertiary,13.5,32.1,28.6,164.7,77.7,Never,Occasionally,1,227.73,6.8,27.3,6,111,24,5.0,synthetic_mining_v1__glencore_sa_mining
104341,32,M,Widowed,0,0,Secondary,27.7,31.6,24.4,177.4,76.9,Daily,Occasionally,1,200.37,5.94,2.3,5,124,21,4.0,synthetic_mining_v1__glencore_sa_mining
104342,40,M,Married,2,2,Diploma,22.5,32.0,26.9,161.4,70.1,Never,Never,3,220.36,6.3,22.5,5,168,27,0.0,synthetic_mining_v1__glencore_sa_mining
104343,31,M,Single,2,0,Primary,4.4,11.7,31.3,163.9,84.0,Never,Occasionally,2,198.77,7.97,33.2,4,113,24,1.0,synthetic_mining_v1__glencore_sa_mining
104344,25,M,Married,3,1,Diploma,18.1,14.7,26.4,176.9,82.7,Daily,Occasionally,3,193.79,7.21,10.4,5,365,23,0.0,synthetic_mining_v1__glencore_sa_mining
104345,25,M,Single,2,2,Primary,9.1,22.7,24.4,152.0,56.4,Former,Occasionally,5,201.8,7.11,9.7,8,131,15,1.0,synthetic_mining_v1__glencore_sa_mining
104346,30,F,Married,2,1,Secondary,9.7,5.9,29.5,163.6,78.8,Daily,Regularly,5,159.24,6.11,39.7,3,121,23,16.0,synthetic_mining_v1__glencore_sa_mining
104347,50,M,Married,4,1,Secondary,4.1,7.3,26.4,178.1,83.7,Daily,Never,2,238.6,7.32,24.2,10,14,22,5.0,synthetic_mining_v1__glencore_sa_mining
104348,26,M,Married,3,1,Secondary,14.9,4.6,16.0,170.7,46.6,Never,Occasionally,3,147.68,5.81,25.5,8,70,29,0.0,synthetic_mining_v1__glencore_sa_mining
104349,49,M,Single,1,1,Secondary,9.1,13.0,28.8,175.3,88.5,Daily,Occasionally,1,193.07,5.65,14.9,6,279,14,4.0,synthetic_mining_v1__glencore_sa_mining
104350,49,M,Married,0,0,Secondary,1.2,35.0,25.2,168.0,71.2,Daily,Occasionally,3,233.19,6.47,41.8,9,109,17,10.0,synthetic_mining_v1__glencore_sa_mining
104351,36,F,Divorced,1,1,Secondary,2.8,11.4,27.2,151.7,62.5,Never,Never,2,246.31,7.3,52.0,3,140,19,5.0,synthetic_mining_v1__glencore_sa_mining
104352,37,M,Married,1,0,Secondary,15.4,33.2,29.1,164.0,78.3,Daily,Occasionally,1,189.86,7.49,49.5,9,307,29,20.0,synthetic_mining_v1__glencore_sa_mining
104353,32,M,Divorced,1,0,Secondary,5.4,21.2,26.1,179.8,84.6,Occasional,Occasionally,2,235.57,6.76,22.6,8,41,20,4.0,synthetic_mining_v1__glencore_sa_mining
104354,37,M,Married,1,1,Primary,4.9,5.7,20.0,166.5,55.6,Occasional,Regularly,2,240.1,7.22,16.3,6,162,26,2.0,synthetic_mining_v1__glencore_sa_mining
104355,43,F,Single,3,1,Primary,2.2,4.8,25.0,163.8,67.2,Former,Occasionally,2,235.48,6.92,7.2,6,36,15,1.0,synthetic_mining_v1__glencore_sa_mining
104356,38,M,Married,4,1,Secondary,7.3,8.6,26.6,173.3,79.9,Daily,Occasionally,4,124.82,7.92,40.8,12,129,24,5.0,synthetic_mining_v1__glencore_sa_mining
104357,47,F,Married,3,1,Secondary,13.7,14.3,24.2,162.3,63.9,Former,Never,1,288.69,7.54,4.0,5,19,18,12.0,synthetic_mining_v1__glencore_sa_mining
104358,48,M,Divorced,2,2,Diploma,19.3,25.7,22.9,170.4,66.6,Former,Never,1,198.07,6.44,56.0,7,197,31,4.0,synthetic_mining_v1__glencore_sa_mining
104359,41,M,Single,0,0,Secondary,11.2,2.6,32.8,170.7,95.7,Daily,Regularly,2,241.55,6.05,38.6,6,29,27,20.0,synthetic_mining_v1__glencore_sa_mining
104360,40,M,Married,2,2,Diploma,3.0,9.4,21.8,165.1,59.5,Occasional,Occasionally,4,332.88,4.96,7.5,5,73,27,0.0,synthetic_mining_v1__glencore_sa_mining
104361,37,M,Married,0,0,Secondary,2.0,21.7,29.1,180.8,95.1,Former,Never,4,240.17,6.39,4.1,6,47,16,1.0,synthetic_mining_v1__glencore_sa_mining
104362,41,M,Single,4,2,Diploma,3.7,6.1,32.7,170.7,95.4,Never,Never,3,184.42,6.3,12.2,9,202,23,2.0,synthetic_mining_v1__glencore_sa_mining
104363,28,M,Married,2,0,Secondary,6.9,19.3,29.7,181.9,98.4,Never,Never,4,216.09,6.42,4.0,4,143,18,1.0,synthetic_mining_v1__glencore_sa_mining
104364,41,M,Married,0,0,Tertiary,13.0,5.1,26.1,178.6,83.2,Never,Never,5,314.63,7.21,21.0,3,233,22,0.0,synthetic_mining_v1__glencore_sa_mining
104365,39,M,Single,2,1,Secondary,12.6,6.8,30.7,171.8,90.6,Never,Regularly,1,186.79,6.01,38.8,10,73,24,0.0,synthetic_mining_v1__glencore_sa_mining
104366,30,M,Married,0,0,Diploma,29.0,11.5,27.3,164.7,74.2,Never,Regularly,1,258.63,6.68,1.2,5,290,23,4.0,synthetic_mining_v1__glencore_sa_mining
104367,57,M,Single,3,0,Secondary,2.4,18.9,24.7,173.1,73.9,Daily,Regularly,4,181.71,7.45,3.7,8,104,18,0.0,synthetic_mining_v1__glencore_sa_mining
104368,29,M,Married,1,1,Diploma,3.0,14.1,26.0,167.9,73.3,Occasional,Never,3,212.21,5.99,18.4,10,65,22,4.0,synthetic_mining_v1__glencore_sa_mining
104369,30,M,Divorced,1,0,Secondary,5.5,13.9,33.5,159.9,85.7,Never,Occasionally,1,242.91,8.08,14.1,12,35,26,8.0,synthetic_mining_v1__glencore_sa_mining
104370,40,F,Single,1,0,Tertiary,5.4,2.2,29.6,146.6,63.6,Never,Regularly,2,230.27,4.36,24.5,4,162,23,10.0,synthetic_mining_v1__glencore_sa_mining
104371,20,M,Married,3,1,Diploma,8.7,30.0,30.1,162.1,79.0,Never,Never,5,190.27,5.85,67.4,7,138,23,1.0,synthetic_mining_v1__glencore_sa_mining
104372,30,M,Married,1,0,Primary,9.7,9.0,21.4,172.3,63.6,Occasional,Never,2,253.09,6.21,53.2,9,55,32,0.0,synthetic_mining_v1__glencore_sa_mining
104373,24,F,Single,3,1,Secondary,5.5,23.6,18.1,152.0,41.8,Never,Regularly,0,236.13,6.22,13.7,10,68,21,2.0,synthetic_mining_v1__glencore_sa_mining
104374,29,F,Married,3,1,Secondary,1.8,7.9,28.8,169.7,83.0,Former,Never,5,207.84,4.66,6.7,6,61,25,2.0,synthetic_mining_v1__glencore_sa_mining
104375,36,M,Single,3,0,Tertiary,5.3,10.6,32.0,173.9,96.8,Occasional,Occasionally,2,138.42,7.37,23.4,5,24,14,0.0,synthetic_mining_v1__glencore_sa_mining
104376,40,M,Divorced,1,1,Primary,1.3,9.0,24.5,173.2,73.5,Occasional,Occasionally,1,168.04,7.36,17.2,8,340,23,3.0,synthetic_mining_v1__glencore_sa_mining
104377,47,M,Divorced,2,1,Secondary,3.6,8.1,28.4,177.3,89.2,Occasional,Never,2,205.96,5.6,37.4,2,149,37,13.0,synthetic_mining_v1__glencore_sa_mining
104378,45,M,Married,0,0,Primary,1.8,18.8,33.2,181.7,109.6,Never,Never,3,171.98,8.11,14.0,5,209,11,3.0,synthetic_mining_v1__glencore_sa_mining
104379,48,M,Single,1,0,Diploma,4.0,8.4,30.5,169.2,87.4,Occasional,Never,3,257.35,8.0,11.7,8,111,26,6.0,synthetic_mining_v1__glencore_sa_mining
104380,43,M,Single,1,1,Primary,8.9,21.1,22.5,165.5,61.6,Former,Occasionally,5,190.44,7.92,10.5,6,93,21,1.0,synthetic_mining_v1__glencore_sa_mining
104381,33,M,Single,2,0,Diploma,9.8,18.1,22.1,185.7,76.2,Daily,Occasionally,2,141.13,8.75,15.7,4,59,13,7.0,synthetic_mining_v1__glencore_sa_mining
104382,48,M,Married,1,0,Diploma,6.6,12.4,25.7,174.4,78.3,Never,Never,1,213.49,6.24,19.2,4,213,29,3.0,synthetic_mining_v1__glencore_sa_mining
104383,33,M,Married,4,0,Diploma,22.7,6.7,27.7,173.0,83.0,Daily,Never,1,213.44,5.24,6.9,6,53,16,3.0,synthetic_mining_v1__glencore_sa_mining
104384,32,M,Single,1,0,Secondary,8.7,28.8,29.4,179.9,95.0,Never,Regularly,1,370.53,7.58,34.2,10,114,33,40.0,synthetic_mining_v1__glencore_sa_mining
104385,51,M,Married,1,1,Secondary,3.3,8.2,30.1,154.4,71.8,Never,Occasionally,1,279.96,6.25,11.6,10,120,13,9.0,synthetic_mining_v1__glencore_sa_mining
104386,45,M,Married,0,0,Secondary,5.4,4.0,25.6,168.1,72.4,Daily,Occasionally,0,137.22,8.57,1.0,5,51,17,6.0,synthetic_mining_v1__glencore_sa_mining
104387,39,M,Widowed,0,0,Secondary,11.8,5.6,25.5,174.1,77.4,Daily,Occasionally,0,159.95,5.73,12.9,10,101,21,5.0,synthetic_mining_v1__glencore_sa_mining
104388,44,F,Married,2,2,Secondary,4.8,14.6,23.3,158.2,58.2,Never,Never,3,195.49,5.86,5.7,9,134,18,0.0,synthetic_mining_v1__glencore_sa_mining
104389,45,M,Married,1,1,Tertiary,3.0,4.0,22.2,180.2,72.1,Never,Occasionally,3,238.81,7.25,13.5,7,13,20,0.0,synthetic_mining_v1__glencore_sa_mining
104390,25,F,Married,2,0,Secondary,7.6,20.9,29.8,162.3,78.6,Occasional,Occasionally,3,228.16,5.48,17.4,10,75,23,11.0,synthetic_mining_v1__glencore_sa_mining
104391,37,M,Married,2,1,Secondary,2.8,8.5,30.9,163.1,82.1,Daily,Occasionally,1,280.96,8.14,4.3,8,211,30,28.0,synthetic_mining_v1__glencore_sa_mining
104392,27,M,Married,1,1,Secondary,3.0,16.5,21.3,176.2,66.3,Former,Occasionally,3,287.57,5.96,32.7,8,164,34,3.0,synthetic_mining_v1__glencore_sa_mining
104393,39,M,Married,2,2,Secondary,6.0,5.6,26.2,161.8,68.7,Never,Occasionally,1,216.71,7.51,19.3,3,43,22,3.0,synthetic_mining_v1__glencore_sa_mining
104394,31,M,Single,1,1,Secondary,5.2,17.7,30.2,177.7,95.5,Daily,Never,3,205.93,4.88,2.8,6,159,28,9.0,synthetic_mining_v1__glencore_sa_mining
104395,50,F,Divorced,2,0,Secondary,9.4,16.6,24.4,151.8,56.2,Never,Never,1,268.38,7.09,38.3,12,72,27,0.0,synthetic_mining_v1__glencore_sa_mining
104396,42,F,Divorced,2,1,Secondary,24.4,17.1,22.9,156.2,56.0,Occasional,Occasionally,2,193.28,5.81,12.1,9,155,18,0.0,synthetic_mining_v1__glencore_sa_mining
104397,30,M,Single,3,1,Diploma,5.6,43.5,28.8,168.6,81.8,Never,Never,4,264.09,5.47,27.6,4,162,24,4.0,synthetic_mining_v1__glencore_sa_mining
104398,37,M,Married,5,0,Primary,15.1,14.2,29.7,178.6,94.9,Never,Regularly,2,256.87,8.36,17.1,7,365,26,10.0,synthetic_mining_v1__glencore_sa_mining
104399,27,F,Married,1,1,Primary,1.5,8.8,27.5,153.0,64.3,Daily,Occasionally,3,234.14,6.06,26.2,13,47,24,4.0,synthetic_mining_v1__glencore_sa_mining
104400,38,M,Single,2,1,Secondary,15.4,6.1,30.3,166.3,83.8,Never,Regularly,2,231.21,8.2,18.8,9,145,14,0.0,synthetic_mining_v1__glencore_sa_mining
104401,42,M,Married,0,0,Diploma,4.2,8.7,27.4,171.1,80.1,Daily,Occasionally,6,210.95,6.86,71.3,8,27,17,1.0,synthetic_mining_v1__glencore_sa_mining
104402,40,M,Single,1,1,Primary,3.0,39.2,26.0,168.3,73.7,Never,Regularly,2,138.86,7.81,8.0,9,25,18,1.0,synthetic_mining_v1__glencore_sa_mining
104403,20,M,Married,2,1,Secondary,0.9,23.1,17.1,165.0,46.7,Never,Never,2,179.22,6.98,3.1,7,281,16,0.0,synthetic_mining_v1__glencore_sa_mining
104404,34,M,Married,0,0,Diploma,11.4,38.9,33.3,166.0,91.8,Former,Occasionally,4,211.63,6.26,33.9,7,146,23,5.0,synthetic_mining_v1__glencore_sa_mining
104405,42,M,Divorced,4,1,Diploma,2.0,2.2,24.5,164.2,66.2,Never,Never,1,272.18,6.94,42.6,7,185,28,17.0,synthetic_mining_v1__glencore_sa_mining
104406,40,M,Married,2,0,Primary,18.3,3.4,28.7,173.4,86.2,Occasional,Regularly,0,203.21,5.42,13.4,7,93,18,11.0,synthetic_mining_v1__glencore_sa_mining
104407,48,M,Single,2,2,Tertiary,4.8,14.1,26.8,180.8,87.7,Daily,Occasionally,2,286.46,6.06,19.9,5,90,28,86.0,synthetic_mining_v1__glencore_sa_mining
104408,26,F,Married,2,2,Secondary,7.2,21.2,23.7,156.0,57.6,Daily,Never,2,129.8,6.08,25.5,5,41,26,5.0,synthetic_mining_v1__glencore_sa_mining
104409,42,M,Divorced,0,0,Secondary,14.6,13.8,23.9,178.6,76.1,Never,Occasionally,0,183.1,6.16,11.3,6,85,16,0.0,synthetic_mining_v1__glencore_sa_mining
104410,32,F,Single,4,0,Primary,3.1,19.4,22.6,158.6,56.8,Daily,Occasionally,1,206.07,6.68,13.8,8,31,19,0.0,synthetic_mining_v1__glencore_sa_mining
104411,39,M,Married,3,0,Secondary,5.6,37.0,33.0,179.3,105.9,Never,Never,0,265.93,4.59,13.3,6,279,27,34.0,synthetic_mining_v1__glencore_sa_mining
104412,41,M,Single,2,1,Diploma,8.7,13.3,32.3,171.9,95.4,Occasional,Occasionally,1,231.81,5.32,3.8,10,184,35,21.0,synthetic_mining_v1__glencore_sa_mining
104413,44,F,Single,3,0,Diploma,7.3,43.1,30.7,159.5,78.0,Daily,Never,3,227.56,7.7,35.3,10,193,22,107.0,synthetic_mining_v1__glencore_sa_mining
104414,32,M,Married,2,0,Diploma,6.1,22.2,30.0,176.9,93.9,Daily,Occasionally,1,223.8,6.04,69.4,10,46,23,13.0,synthetic_mining_v1__glencore_sa_mining
104415,39,M,Single,2,2,Secondary,1.7,11.9,29.5,176.3,91.6,Former,Never,1,177.22,6.22,20.5,5,30,26,4.0,synthetic_mining_v1__glencore_sa_mining
104416,27,M,Married,1,0,Secondary,15.8,16.8,27.5,167.3,76.8,Daily,Occasionally,3,110.24,5.4,9.0,3,159,19,2.0,synthetic_mining_v1__glencore_sa_mining
104417,25,M,Single,3,0,Secondary,10.2,12.9,28.3,172.4,84.2,Former,Never,2,290.58,6.24,5.9,9,30,14,2.0,synthetic_mining_v1__glencore_sa_mining
104418,42,M,Single,3,0,Primary,7.6,48.6,29.2,175.4,89.7,Never,Occasionally,3,160.83,6.11,9.2,5,125,23,2.0,synthetic_mining_v1__glencore_sa_mining
104419,37,F,Married,0,0,Diploma,7.3,24.6,38.2,159.7,97.4,Daily,Never,3,140.78,5.54,14.8,11,58,18,24.0,synthetic_mining_v1__glencore_sa_mining
104420,23,M,Single,5,3,Secondary,8.7,22.4,34.3,170.4,99.5,Never,Heavy,2,168.16,5.8,10.3,6,64,19,13.0,synthetic_mining_v1__glencore_sa_mining
104421,30,M,Single,1,1,Secondary,16.4,14.9,25.2,164.4,68.2,Former,Never,5,248.65,8.62,5.2,7,147,19,0.0,synthetic_mining_v1__glencore_sa_mining
104422,38,F,Divorced,2,1,Tertiary,5.8,2.0,26.1,160.2,67.0,Former,Heavy,0,217.07,8.31,19.4,3,47,13,5.0,synthetic_mining_v1__glencore_sa_mining
104423,51,M,Married,3,0,Secondary,5.6,25.0,36.1,163.6,96.6,Never,Occasionally,2,238.64,5.82,8.5,9,215,16,10.0,synthetic_mining_v1__glencore_sa_mining
104424,47,M,Married,2,2,Secondary,6.3,1.8,25.4,158.1,63.5,Daily,Never,2,200.39,7.68,33.4,10,51,27,13.0,synthetic_mining_v1__glencore_sa_mining
104425,45,M,Single,0,0,Diploma,5.1,11.3,22.4,170.4,65.2,Former,Never,1,273.25,5.9,3.4,10,189,19,4.0,synthetic_mining_v1__glencore_sa_mining
104426,21,F,Divorced,1,0,Secondary,4.4,6.5,33.3,160.7,86.1,Former,Never,4,191.89,4.28,18.1,11,96,24,4.0,synthetic_mining_v1__glencore_sa_mining
104427,37,F,Married,3,1,Secondary,1.0,25.8,25.2,162.7,66.9,Daily,Heavy,2,225.44,8.42,8.6,6,123,22,0.0,synthetic_mining_v1__glencore_sa_mining
104428,42,M,Single,1,0,Secondary,8.0,6.0,28.3,176.3,88.0,Former,Never,5,173.88,6.46,7.8,4,9,18,1.0,synthetic_mining_v1__glencore_sa_mining
104429,41,M,Married,2,1,Primary,15.0,13.9,27.2,169.8,78.6,Daily,Regularly,4,235.92,4.74,12.7,5,96,27,22.0,synthetic_mining_v1__glencore_sa_mining
104430,41,M,Married,0,0,Secondary,8.5,27.1,33.4,178.1,105.8,Former,Regularly,0,187.21,6.13,3.9,6,77,17,0.0,synthetic_mining_v1__glencore_sa_mining
104431,35,M,Married,2,2,Diploma,4.6,7.6,17.3,165.9,47.5,Never,Occasionally,1,251.62,6.24,44.1,9,114,22,0.0,synthetic_mining_v1__glencore_sa_mining
104432,53,M,Married,1,1,Secondary,4.5,49.2,20.5,170.9,59.8,Never,Regularly,3,257.08,6.61,25.3,8,187,13,5.0,synthetic_mining_v1__glencore_sa_mining
104433,51,M,Single,4,0,Secondary,4.5,7.8,29.7,168.1,84.0,Former,Regularly,3,266.34,7.66,5.8,7,59,20,7.0,synthetic_mining_v1__glencore_sa_mining
104434,37,M,Married,3,1,Secondary,1.3,23.4,27.7,157.5,68.6,Former,Occasionally,2,220.01,7.06,15.0,9,29,23,2.0,synthetic_mining_v1__glencore_sa_mining
104435,29,M,Single,2,0,Secondary,9.2,16.0,30.5,166.5,84.5,Never,Occasionally,1,247.93,5.29,13.6,7,98,16,1.0,synthetic_mining_v1__glencore_sa_mining
104436,56,M,Single,6,0,Primary,8.8,2.3,23.7,163.9,63.6,Daily,Regularly,4,202.73,6.73,12.3,4,22,18,6.0,synthetic_mining_v1__glencore_sa_mining
104437,33,M,Married,2,2,Secondary,12.0,9.8,21.2,178.2,67.4,Never,Never,4,214.14,7.09,9.0,4,93,16,1.0,synthetic_mining_v1__glencore_sa_mining
104438,48,M,Divorced,1,1,Primary,5.6,1.3,29.1,165.4,79.7,Former,Never,2,242.36,7.61,15.8,13,121,18,0.0,synthetic_mining_v1__glencore_sa_mining
104439,55,M,Divorced,1,1,Secondary,1.1,18.8,18.7,169.4,53.6,Never,Regularly,2,234.49,5.29,49.4,6,248,25,2.0,synthetic_mining_v1__glencore_sa_mining
104440,29,M,Single,0,0,Secondary,4.6,18.7,31.3,171.1,91.6,Occasional,Never,0,189.2,5.07,9.2,7,71,19,5.0,synthetic_mining_v1__glencore_sa_mining
104441,40,M,Married,1,0,Secondary,4.1,8.5,24.1,171.9,71.3,Never,Occasionally,2,260.03,6.27,41.4,4,119,21,4.0,synthetic_mining_v1__glencore_sa_mining
104442,34,F,Single,2,2,Secondary,4.7,16.4,23.3,166.8,64.9,Never,Heavy,0,142.54,7.9,5.6,8,200,19,2.0,synthetic_mining_v1__glencore_sa_mining
104443,42,M,Single,1,1,Primary,6.2,47.4,27.4,169.5,78.6,Never,Occasionally,1,275.62,7.16,36.8,10,77,23,0.0,synthetic_mining_v1__glencore_sa_mining
104444,40,M,Married,1,1,Primary,8.6,12.1,28.9,171.6,85.2,Daily,Regularly,0,203.44,6.41,7.4,4,114,15,0.0,synthetic_mining_v1__glencore_sa_mining
104445,55,M,Married,0,0,Diploma,8.1,1.8,27.5,174.3,83.4,Never,Never,3,263.73,5.76,23.4,6,96,31,9.0,synthetic_mining_v1__glencore_sa_mining
104446,43,M,Married,1,1,Secondary,1.1,30.6,27.6,160.8,71.5,Former,Regularly,1,247.6,7.9,24.0,8,187,26,19.0,synthetic_mining_v1__glencore_sa_mining
104447,37,M,Divorced,2,0,Diploma,13.4,30.4,25.4,164.5,68.7,Former,Occasionally,5,195.58,4.92,14.6,7,45,18,2.0,synthetic_mining_v1__glencore_sa_mining
104448,48,M,Married,1,1,Tertiary,6.1,45.6,17.5,151.5,40.1,Never,Never,0,208.46,5.22,18.7,14,146,34,14.0,synthetic_mining_v1__glencore_sa_mining
104449,35,M,Married,0,0,Secondary,2.8,6.8,27.8,158.3,69.7,Daily,Regularly,4,218.58,6.89,28.1,6,63,20,0.0,synthetic_mining_v1__glencore_sa_mining
104450,34,M,Married,3,2,Secondary,4.4,24.6,26.8,175.1,82.1,Occasional,Occasionally,2,249.48,5.13,35.4,8,38,28,14.0,synthetic_mining_v1__glencore_sa_mining
104451,58,M,Single,4,1,Tertiary,6.0,6.8,25.2,178.9,80.5,Daily,Regularly,0,163.13,6.55,1.7,6,83,20,0.0,synthetic_mining_v1__glencore_sa_mining
104452,30,M,Married,2,2,Secondary,2.1,11.4,27.9,181.3,91.7,Never,Regularly,4,213.76,7.38,14.1,3,158,20,1.0,synthetic_mining_v1__glencore_sa_mining
104453,33,M,Single,3,1,Secondary,11.5,43.6,29.6,175.6,91.4,Daily,Occasionally,0,175.21,3.78,24.5,12,67,29,32.0,synthetic_mining_v1__glencore_sa_mining
104454,38,M,Married,1,1,Primary,11.1,13.6,38.7,171.9,114.4,Never,Never,5,118.12,6.25,27.4,6,49,15,0.0,synthetic_mining_v1__glencore_sa_mining
104455,28,M,Single,2,2,Secondary,5.8,3.9,35.1,167.0,97.8,Former,Occasionally,1,195.18,6.39,9.8,6,110,14,2.0,synthetic_mining_v1__glencore_sa_mining
104456,19,M,Married,1,0,Primary,11.8,26.1,23.1,166.1,63.6,Never,Regularly,4,337.42,8.22,15.6,5,101,24,0.0,synthetic_mining_v1__glencore_sa_mining
104457,47,M,Married,0,0,Primary,1.4,25.8,20.8,171.8,61.3,Occasional,Occasionally,0,269.36,6.9,4.0,10,77,21,5.0,synthetic_mining_v1__glencore_sa_mining
104458,30,M,Married,3,1,Secondary,12.4,7.7,29.1,179.7,94.0,Occasional,Heavy,1,225.51,6.93,7.3,9,46,16,2.0,synthetic_mining_v1__glencore_sa_mining
104459,33,F,Single,0,0,Primary,4.6,14.5,34.3,164.3,92.5,Never,Regularly,0,229.17,7.14,30.9,4,243,23,18.0,synthetic_mining_v1__glencore_sa_mining
104460,34,M,Married,3,3,Secondary,4.0,12.6,31.3,170.5,91.0,Never,Occasionally,1,211.34,5.94,22.5,8,95,24,0.0,synthetic_mining_v1__glencore_sa_mining
104461,29,M,Divorced,2,1,Primary,18.2,19.7,29.1,173.1,87.3,Daily,Never,3,213.38,5.82,30.6,4,203,18,4.0,synthetic_mining_v1__glencore_sa_mining
104462,28,M,Married,1,0,Primary,6.4,12.4,22.8,168.5,64.7,Daily,Regularly,1,232.83,7.8,14.9,9,74,19,8.0,synthetic_mining_v1__glencore_sa_mining
104463,39,F,Single,2,0,Secondary,18.4,30.9,35.3,156.3,86.3,Never,Regularly,2,271.21,6.58,11.6,10,39,28,33.0,synthetic_mining_v1__glencore_sa_mining
104464,59,M,Single,1,0,Primary,4.8,18.5,21.9,163.9,58.8,Former,Occasionally,2,208.6,7.03,37.1,5,127,26,0.0,synthetic_mining_v1__glencore_sa_mining
104465,44,M,Married,3,1,Primary,6.8,29.7,22.3,171.9,65.9,Never,Never,2,229.63,6.24,0.9,7,223,17,0.0,synthetic_mining_v1__glencore_sa_mining
104466,44,F,Widowed,2,1,Diploma,6.2,10.2,24.7,161.1,64.2,Former,Occasionally,1,202.11,7.51,27.1,9,152,27,4.0,synthetic_mining_v1__glencore_sa_mining
104467,24,M,Married,1,1,Diploma,8.7,9.9,27.8,161.1,72.3,Former,Never,2,289.13,8.19,10.4,9,145,23,15.0,synthetic_mining_v1__glencore_sa_mining
104468,37,M,Married,1,0,Primary,4.1,4.4,21.3,165.5,58.5,Never,Never,3,201.28,6.58,7.0,4,365,16,0.0,synthetic_mining_v1__glencore_sa_mining
104469,27,M,Married,4,1,Tertiary,12.9,19.3,27.5,162.5,72.5,Former,Regularly,3,217.27,6.53,29.7,6,126,24,2.0,synthetic_mining_v1__glencore_sa_mining
104470,44,F,Widowed,2,2,Secondary,5.8,28.0,19.6,164.3,52.8,Former,Occasionally,1,226.72,7.61,33.1,5,292,16,3.0,synthetic_mining_v1__glencore_sa_mining
104471,35,M,Married,4,2,Secondary,1.3,1.2,30.4,174.2,92.4,Never,Regularly,0,241.1,5.57,65.4,8,63,22,14.0,synthetic_mining_v1__glencore_sa_mining
104472,38,F,Single,0,0,Secondary,7.3,17.4,23.1,150.4,52.3,Occasional,Occasionally,1,180.13,7.58,15.6,10,102,30,3.0,synthetic_mining_v1__glencore_sa_mining
104473,37,M,Single,1,1,Primary,23.4,25.3,25.7,164.8,69.7,Never,Occasionally,1,236.88,4.67,8.6,8,76,23,9.0,synthetic_mining_v1__glencore_sa_mining
104474,32,M,Divorced,0,0,Tertiary,4.1,13.4,19.5,180.3,63.3,Daily,Occasionally,0,203.01,7.42,12.4,3,12,12,6.0,synthetic_mining_v1__glencore_sa_mining
104475,24,M,Single,1,1,Secondary,6.9,32.2,22.2,167.2,62.2,Never,Regularly,0,221.91,7.42,17.9,9,23,24,1.0,synthetic_mining_v1__glencore_sa_mining
104476,43,M,Married,1,0,Primary,11.1,32.8,32.2,160.6,83.0,Daily,Occasionally,1,187.47,5.44,31.2,5,60,22,16.0,synthetic_mining_v1__glencore_sa_mining
104477,25,M,Married,1,1,Tertiary,9.5,10.3,26.3,170.1,76.0,Never,Never,2,174.06,7.24,5.7,5,45,24,1.0,synthetic_mining_v1__glencore_sa_mining
104478,27,M,Divorced,1,1,Tertiary,6.9,3.7,24.0,169.8,69.1,Former,Regularly,4,199.91,5.21,6.7,11,198,26,1.0,synthetic_mining_v1__glencore_sa_mining
104479,35,M,Married,0,0,Diploma,1.0,14.5,23.5,180.8,76.7,Never,Occasionally,2,243.54,6.71,22.6,9,116,14,2.0,synthetic_mining_v1__glencore_sa_mining
104480,31,M,Single,3,3,Primary,7.9,14.3,22.6,170.9,65.9,Never,Never,3,307.53,7.81,17.4,6,43,18,2.0,synthetic_mining_v1__glencore_sa_mining
104481,40,F,Divorced,3,2,Secondary,20.8,29.9,33.9,160.1,86.9,Former,Heavy,3,284.45,6.35,29.6,8,152,27,120.0,synthetic_mining_v1__glencore_sa_mining
104482,47,M,Married,1,1,Secondary,5.5,12.1,26.8,176.2,83.0,Daily,Never,4,221.32,6.98,28.2,3,161,21,6.0,synthetic_mining_v1__glencore_sa_mining
104483,40,M,Widowed,3,0,Diploma,10.3,1.4,22.1,175.9,68.5,Daily,Never,4,253.12,6.83,10.4,12,162,26,8.0,synthetic_mining_v1__glencore_sa_mining
104484,39,M,Married,0,0,Secondary,5.9,7.4,25.8,170.4,74.8,Daily,Occasionally,1,178.77,7.42,3.1,13,60,25,5.0,synthetic_mining_v1__glencore_sa_mining
104485,38,M,Married,2,1,Secondary,10.2,14.4,22.8,157.4,56.6,Never,Never,2,206.4,8.28,0.9,5,93,16,1.0,synthetic_mining_v1__glencore_sa_mining
104486,45,M,Married,5,0,Secondary,1.5,11.0,22.2,175.8,68.6,Never,Regularly,4,229.93,7.49,9.5,14,227,28,1.0,synthetic_mining_v1__glencore_sa_mining
104487,21,M,Single,2,2,Diploma,4.4,13.1,33.9,177.0,106.3,Occasional,Never,2,228.9,3.9,0.8,10,108,17,6.0,synthetic_mining_v1__glencore_sa_mining
104488,41,M,Married,3,0,Secondary,7.4,31.0,26.6,171.4,78.1,Former,Occasionally,2,168.31,6.41,6.6,4,112,18,2.0,synthetic_mining_v1__glencore_sa_mining
104489,29,M,Married,2,2,Diploma,2.2,25.5,22.5,170.5,65.4,Former,Never,2,272.36,7.2,21.3,4,15,22,0.0,synthetic_mining_v1__glencore_sa_mining
104490,26,M,Single,1,1,Secondary,12.9,26.8,30.8,156.6,75.6,Daily,Occasionally,5,151.07,5.75,27.6,7,71,22,6.0,synthetic_mining_v1__glencore_sa_mining
104491,38,M,Married,1,0,Primary,5.0,19.0,29.3,174.1,88.8,Daily,Regularly,0,186.84,6.63,21.8,10,26,14,8.0,synthetic_mining_v1__glencore_sa_mining
104492,34,M,Widowed,2,1,Diploma,9.9,38.0,25.9,167.2,72.4,Former,Occasionally,3,254.17,7.56,20.2,6,45,20,2.0,synthetic_mining_v1__glencore_sa_mining
104493,43,M,Married,3,2,Diploma,1.7,67.7,24.6,169.3,70.6,Daily,Regularly,0,230.15,8.24,13.3,11,13,18,58.0,synthetic_mining_v1__glencore_sa_mining
104494,47,M,Single,2,2,Secondary,7.1,11.5,34.2,166.8,95.2,Occasional,Never,2,282.46,7.64,26.8,9,102,18,16.0,synthetic_mining_v1__glencore_sa_mining
104495,19,F,Married,3,3,Secondary,3.9,10.0,26.8,145.9,57.0,Never,Occasionally,1,267.54,6.51,2.4,14,96,14,0.0,synthetic_mining_v1__glencore_sa_mining
104496,37,M,Married,5,2,Primary,5.4,39.5,31.9,163.6,85.5,Daily,Regularly,0,196.53,6.31,35.9,6,72,21,107.0,synthetic_mining_v1__glencore_sa_mining
104497,55,F,Married,3,0,Secondary,5.7,3.0,31.8,155.5,76.9,Never,Occasionally,2,205.17,5.87,3.1,7,191,21,4.0,synthetic_mining_v1__glencore_sa_mining
104498,45,M,Married,2,2,Secondary,11.3,7.7,20.1,161.3,52.4,Never,Occasionally,3,301.66,7.08,6.1,8,23,21,2.0,synthetic_mining_v1__glencore_sa_mining
104499,50,M,Married,0,0,Diploma,2.0,14.3,33.3,165.1,90.9,Former,Never,2,219.84,6.26,7.9,4,180,16,7.0,synthetic_mining_v1__glencore_sa_mining
104500,38,M,Single,2,0,Secondary,0.6,15.9,29.6,158.8,74.7,Never,Never,1,270.17,4.19,8.3,9,54,24,0.0,synthetic_mining_v1__glencore_sa_mining
104501,25,M,Married,2,2,Secondary,2.6,9.9,22.6,172.3,67.0,Daily,Occasionally,5,289.59,3.91,20.7,13,61,33,15.0,synthetic_mining_v1__glencore_sa_mining
104502,27,M,Married,2,2,Secondary,4.6,5.5,20.3,172.8,60.7,Former,Occasionally,0,357.53,6.79,14.7,4,129,23,3.0,synthetic_mining_v1__glencore_sa_mining
104503,44,F,Single,0,0,Secondary,9.9,47.1,24.0,156.4,58.6,Never,Never,4,232.28,4.65,16.5,6,57,18,4.0,synthetic_mining_v1__glencore_sa_mining
104504,46,M,Married,1,1,Secondary,3.2,4.2,20.1,166.4,55.6,Never,Regularly,4,233.54,5.34,17.8,3,193,16,0.0,synthetic_mining_v1__glencore_sa_mining
104505,31,F,Married,2,0,Secondary,5.3,5.0,16.0,166.3,44.3,Former,Regularly,2,203.0,6.69,5.8,10,51,20,0.0,synthetic_mining_v1__glencore_sa_mining
104506,35,F,Married,1,1,Secondary,12.5,26.3,22.8,163.9,61.3,Occasional,Occasionally,2,242.76,7.77,7.7,3,68,16,5.0,synthetic_mining_v1__glencore_sa_mining
104507,40,F,Divorced,2,2,Secondary,6.4,21.1,37.4,159.7,95.4,Never,Never,2,220.07,6.79,0.6,6,45,15,2.0,synthetic_mining_v1__glencore_sa_mining
104508,22,M,Divorced,0,0,Primary,12.2,24.8,32.6,165.9,89.9,Former,Occasionally,5,299.08,5.02,36.1,8,39,29,8.0,synthetic_mining_v1__glencore_sa_mining
104509,34,M,Divorced,1,1,Tertiary,5.0,19.0,22.6,165.0,61.6,Occasional,Regularly,2,264.31,8.66,37.7,6,21,18,32.0,synthetic_mining_v1__glencore_sa_mining
104510,52,F,Married,2,2,Diploma,13.0,57.7,31.1,150.1,70.2,Never,Regularly,0,271.19,5.51,18.4,2,122,25,0.0,synthetic_mining_v1__glencore_sa_mining
104511,57,M,Married,2,2,Secondary,21.0,12.6,31.4,168.8,89.3,Daily,Never,0,244.63,6.25,31.0,8,156,23,65.0,synthetic_mining_v1__glencore_sa_mining
104512,36,M,Married,1,1,Primary,17.2,43.0,27.7,170.7,80.6,Occasional,Occasionally,2,285.56,6.42,32.1,7,159,26,0.0,synthetic_mining_v1__glencore_sa_mining
104513,54,M,Divorced,2,0,Secondary,5.1,11.5,30.4,160.6,78.3,Daily,Never,4,244.29,4.72,8.3,5,69,26,15.0,synthetic_mining_v1__glencore_sa_mining
104514,33,M,Single,2,1,Diploma,3.0,23.0,24.8,171.4,72.7,Daily,Occasionally,2,133.07,5.32,12.4,7,62,22,3.0,synthetic_mining_v1__glencore_sa_mining
104515,30,M,Married,0,0,Diploma,1.2,9.0,25.2,166.9,70.1,Never,Occasionally,4,270.79,6.68,19.1,6,86,24,1.0,synthetic_mining_v1__glencore_sa_mining
104516,19,M,Single,1,1,Primary,5.3,15.3,30.3,168.9,86.5,Never,Occasionally,4,200.08,6.54,44.2,2,111,20,3.0,synthetic_mining_v1__glencore_sa_mining
104517,46,M,Divorced,0,0,Diploma,21.3,16.2,27.1,171.8,80.0,Never,Never,2,117.97,7.71,12.2,8,202,29,2.0,synthetic_mining_v1__glencore_sa_mining
104518,34,M,Married,1,1,Secondary,3.9,23.0,25.1,166.9,70.0,Never,Regularly,0,114.72,6.39,50.0,7,123,21,2.0,synthetic_mining_v1__glencore_sa_mining
104519,59,M,Single,3,1,Secondary,14.6,17.3,22.4,176.3,69.7,Never,Occasionally,4,185.92,4.67,29.9,8,20,26,3.0,synthetic_mining_v1__glencore_sa_mining
104520,40,M,Married,1,1,Primary,3.9,17.9,29.8,178.4,95.0,Occasional,Regularly,2,185.59,5.9,34.0,3,149,25,0.0,synthetic_mining_v1__glencore_sa_mining
104521,39,M,Single,2,0,Diploma,4.8,10.6,28.1,167.4,78.8,Occasional,Never,0,183.63,5.84,33.8,12,284,27,17.0,synthetic_mining_v1__glencore_sa_mining
104522,21,M,Married,2,2,Diploma,5.6,12.1,30.3,162.4,79.8,Never,Occasionally,4,241.69,5.8,13.3,7,157,18,1.0,synthetic_mining_v1__glencore_sa_mining
104523,51,F,Married,1,1,Secondary,12.7,10.3,26.2,164.3,70.8,Daily,Occasionally,4,313.66,8.07,13.1,14,70,32,30.0,synthetic_mining_v1__glencore_sa_mining
104524,34,F,Divorced,0,0,Secondary,2.9,29.8,34.8,163.2,92.7,Never,Never,3,217.19,6.97,4.5,14,237,18,4.0,synthetic_mining_v1__glencore_sa_mining
104525,36,M,Married,2,0,Tertiary,3.2,8.1,29.4,165.2,80.3,Former,Never,1,240.53,3.5,12.7,6,27,23,3.0,synthetic_mining_v1__glencore_sa_mining
104526,19,M,Married,0,0,Diploma,5.2,5.6,29.1,169.3,83.4,Never,Occasionally,0,222.68,5.46,12.5,12,291,22,3.0,synthetic_mining_v1__glencore_sa_mining
104527,46,F,Married,3,3,Secondary,0.9,23.2,25.5,158.6,64.0,Daily,Occasionally,2,276.08,6.16,8.6,8,107,13,18.0,synthetic_mining_v1__glencore_sa_mining
104528,46,M,Married,1,1,Secondary,4.0,11.4,26.2,169.0,74.9,Never,Never,1,187.34,7.49,10.0,7,123,22,1.0,synthetic_mining_v1__glencore_sa_mining
104529,32,M,Single,3,1,Secondary,9.1,22.7,25.8,176.6,80.4,Daily,Never,1,166.51,7.12,9.1,5,110,25,6.0,synthetic_mining_v1__glencore_sa_mining
104530,38,M,Married,4,1,Secondary,3.4,10.8,27.1,154.6,64.8,Never,Occasionally,3,202.42,8.05,38.2,3,175,19,2.0,synthetic_mining_v1__glencore_sa_mining
104531,41,M,Married,2,1,Secondary,4.3,22.3,20.9,167.7,58.9,Daily,Regularly,4,169.28,6.67,28.5,9,188,24,14.0,synthetic_mining_v1__glencore_sa_mining
104532,46,M,Single,2,2,Primary,2.1,14.3,22.1,176.9,69.2,Former,Never,1,117.85,6.98,8.8,7,125,15,1.0,synthetic_mining_v1__glencore_sa_mining
104533,38,M,Married,0,0,Secondary,6.5,19.9,26.8,176.6,83.4,Former,Occasionally,1,234.2,7.4,12.9,3,21,15,0.0,synthetic_mining_v1__glencore_sa_mining
104534,53,F,Married,3,0,Diploma,6.7,27.1,30.2,151.6,69.5,Occasional,Never,4,230.48,5.65,2.3,4,34,23,11.0,synthetic_mining_v1__glencore_sa_mining
104535,35,M,Single,0,0,Secondary,2.3,4.5,27.9,163.9,75.1,Former,Regularly,0,298.02,6.29,7.6,5,39,21,0.0,synthetic_mining_v1__glencore_sa_mining
104536,32,M,Married,1,1,Primary,14.0,19.0,22.2,171.6,65.2,Daily,Occasionally,7,259.88,6.57,21.1,5,8,22,2.0,synthetic_mining_v1__glencore_sa_mining
104537,33,M,Divorced,3,3,Secondary,12.5,4.7,28.0,173.3,84.0,Never,Never,1,226.29,6.93,0.9,5,363,20,3.0,synthetic_mining_v1__glencore_sa_mining
104538,19,M,Single,1,0,Secondary,8.7,6.5,28.0,156.5,68.6,Never,Never,3,204.97,8.53,14.0,6,40,16,0.0,synthetic_mining_v1__glencore_sa_mining
104539,30,M,Single,1,0,Diploma,26.5,20.9,26.6,167.2,74.4,Never,Occasionally,3,169.39,7.89,11.9,5,328,23,0.0,synthetic_mining_v1__glencore_sa_mining
104540,47,F,Single,1,1,Diploma,6.4,5.6,29.8,155.7,72.2,Never,Regularly,2,190.03,7.36,8.7,4,67,15,1.0,synthetic_mining_v1__glencore_sa_mining
104541,40,M,Single,0,0,Secondary,4.3,23.8,29.9,177.7,94.4,Never,Occasionally,2,241.6,5.53,8.3,11,61,31,7.0,synthetic_mining_v1__glencore_sa_mining
104542,30,M,Married,1,0,Tertiary,1.7,8.5,33.1,167.5,93.0,Never,Never,1,240.44,6.25,11.7,4,50,19,3.0,synthetic_mining_v1__glencore_sa_mining
104543,41,M,Married,0,0,Diploma,3.6,23.5,30.1,168.6,85.6,Former,Occasionally,3,219.14,4.54,1.3,9,365,28,20.0,synthetic_mining_v1__glencore_sa_mining
104544,19,M,Married,2,1,Primary,5.0,3.3,25.9,177.3,81.5,Occasional,Occasionally,2,224.76,5.58,0.3,5,74,17,1.0,synthetic_mining_v1__glencore_sa_mining
104545,35,M,Single,2,0,Secondary,6.5,12.1,23.0,174.8,70.2,Former,Regularly,4,220.2,5.3,5.9,7,102,20,1.0,synthetic_mining_v1__glencore_sa_mining
104546,42,M,Married,2,2,Secondary,9.4,15.4,32.1,160.5,82.8,Former,Heavy,2,271.7,4.49,13.4,7,102,35,64.0,synthetic_mining_v1__glencore_sa_mining
104547,44,M,Single,0,0,Secondary,2.4,40.5,28.2,170.7,82.0,Former,Occasionally,2,196.3,4.14,5.6,8,145,30,7.0,synthetic_mining_v1__glencore_sa_mining
104548,31,M,Single,1,0,Secondary,5.5,0.5,32.1,169.9,92.7,Occasional,Never,1,247.82,8.02,26.2,6,204,25,24.0,synthetic_mining_v1__glencore_sa_mining
104549,46,M,Single,1,1,Primary,1.9,4.2,37.3,179.6,120.2,Daily,Never,3,153.15,6.71,41.7,8,67,31,10.0,synthetic_mining_v1__glencore_sa_mining
104550,54,M,Divorced,1,1,Tertiary,9.3,3.8,27.3,178.4,86.7,Never,Regularly,1,123.29,7.01,17.9,5,23,18,1.0,synthetic_mining_v1__glencore_sa_mining
104551,34,M,Married,2,2,Primary,2.4,18.9,29.9,164.1,80.4,Former,Heavy,3,226.65,7.17,28.9,4,175,29,6.0,synthetic_mining_v1__glencore_sa_mining
104552,44,M,Single,2,1,Secondary,2.0,31.6,29.2,181.9,96.7,Daily,Occasionally,0,263.67,7.15,34.6,10,59,22,14.0,synthetic_mining_v1__glencore_sa_mining
104553,23,M,Married,1,1,Secondary,7.1,12.0,23.7,166.4,65.5,Occasional,Occasionally,0,194.72,6.59,5.4,7,288,21,2.0,synthetic_mining_v1__glencore_sa_mining
104554,20,F,Single,1,1,Secondary,8.3,7.3,26.0,150.8,59.2,Never,Never,1,213.4,8.46,8.5,4,47,20,0.0,synthetic_mining_v1__glencore_sa_mining
104555,43,M,Divorced,1,1,Secondary,7.5,25.7,24.5,174.8,74.8,Former,Occasionally,2,196.75,6.74,11.2,4,50,17,4.0,synthetic_mining_v1__glencore_sa_mining
104556,38,M,Single,3,0,Secondary,16.0,6.4,35.0,165.0,95.4,Former,Regularly,2,152.39,6.35,12.8,8,114,19,2.0,synthetic_mining_v1__glencore_sa_mining
104557,39,M,Single,1,1,Secondary,4.9,13.4,31.2,164.2,84.0,Never,Occasionally,2,246.86,5.93,7.2,9,38,23,3.0,synthetic_mining_v1__glencore_sa_mining
104558,32,M,Married,1,1,Diploma,4.0,13.8,32.8,169.6,94.3,Occasional,Regularly,2,210.06,6.55,13.5,6,73,18,0.0,synthetic_mining_v1__glencore_sa_mining
104559,35,F,Married,1,1,Diploma,11.5,19.8,32.9,155.7,79.8,Never,Occasionally,2,183.04,4.27,31.8,13,116,29,21.0,synthetic_mining_v1__glencore_sa_mining
104560,45,M,Single,2,0,Secondary,17.8,22.3,25.4,160.9,65.8,Daily,Never,2,212.07,7.21,21.3,9,242,25,27.0,synthetic_mining_v1__glencore_sa_mining
104561,53,M,Married,2,0,Secondary,5.5,16.0,27.6,165.3,75.6,Never,Regularly,5,221.26,7.49,22.7,10,164,21,5.0,synthetic_mining_v1__glencore_sa_mining
104562,36,M,Single,1,1,Tertiary,3.4,11.7,34.6,181.7,114.3,Former,Never,1,228.65,7.74,19.5,6,119,24,6.0,synthetic_mining_v1__glencore_sa_mining
104563,23,M,Divorced,2,1,Secondary,7.0,19.0,29.4,176.1,91.2,Never,Never,0,176.91,4.85,12.0,10,44,22,0.0,synthetic_mining_v1__glencore_sa_mining
104564,49,M,Divorced,2,0,Diploma,14.0,24.9,27.1,176.1,83.9,Never,Never,3,150.33,5.92,10.7,11,45,18,0.0,synthetic_mining_v1__glencore_sa_mining
104565,43,F,Single,0,0,Diploma,4.3,3.4,16.2,158.4,40.7,Daily,Never,3,259.63,6.58,48.2,3,124,23,0.0,synthetic_mining_v1__glencore_sa_mining
104566,44,F,Single,1,1,Secondary,9.4,11.7,29.2,163.3,77.7,Former,Never,3,235.69,6.65,41.3,8,129,29,7.0,synthetic_mining_v1__glencore_sa_mining
104567,39,M,Married,4,1,Diploma,14.5,1.7,26.5,167.7,74.5,Never,Never,3,223.69,8.23,10.1,8,61,26,1.0,synthetic_mining_v1__glencore_sa_mining
104568,58,M,Married,0,0,Diploma,2.4,9.8,26.0,172.5,77.5,Never,Occasionally,2,318.31,9.02,24.3,7,96,28,30.0,synthetic_mining_v1__glencore_sa_mining
104569,38,F,Married,1,1,Secondary,5.0,23.9,29.3,157.6,72.7,Never,Never,2,259.44,6.79,23.3,5,156,20,4.0,synthetic_mining_v1__glencore_sa_mining
104570,42,M,Divorced,0,0,Secondary,8.7,18.4,25.7,168.8,73.2,Never,Heavy,3,219.11,7.17,6.6,12,207,28,0.0,synthetic_mining_v1__glencore_sa_mining
104571,21,M,Divorced,3,1,Secondary,13.9,30.3,28.6,173.6,86.3,Never,Occasionally,6,257.8,6.97,17.5,12,122,28,0.0,synthetic_mining_v1__glencore_sa_mining
104572,32,M,Married,1,1,Secondary,5.7,2.2,32.3,171.0,94.5,Former,Never,2,252.08,4.46,9.6,7,107,30,4.0,synthetic_mining_v1__glencore_sa_mining
104573,31,M,Married,2,0,Diploma,9.7,25.4,24.5,173.5,73.8,Daily,Never,4,245.83,5.67,8.7,8,7,13,0.0,synthetic_mining_v1__glencore_sa_mining
104574,37,M,Divorced,1,1,Secondary,4.7,17.1,27.4,167.9,77.1,Former,Regularly,3,161.16,6.22,32.9,4,197,26,2.0,synthetic_mining_v1__glencore_sa_mining
104575,41,F,Married,2,2,Secondary,15.4,13.2,25.2,164.7,68.5,Never,Never,2,210.86,5.86,22.8,6,34,18,1.0,synthetic_mining_v1__glencore_sa_mining
104576,31,M,Married,2,2,Secondary,7.1,11.3,23.5,167.2,65.7,Never,Never,2,276.02,7.47,19.6,7,83,17,0.0,synthetic_mining_v1__glencore_sa_mining
104577,53,M,Married,4,1,Secondary,6.6,15.1,30.0,185.2,102.9,Never,Never,2,234.62,6.66,38.3,6,159,25,10.0,synthetic_mining_v1__glencore_sa_mining
104578,28,M,Married,2,0,Primary,8.5,14.0,27.4,170.2,79.3,Former,Regularly,2,204.71,4.15,14.2,5,77,23,0.0,synthetic_mining_v1__glencore_sa_mining
104579,33,M,Single,6,0,Primary,4.6,10.6,37.2,174.5,113.3,Never,Occasionally,4,185.27,5.59,11.2,10,67,24,0.0,synthetic_mining_v1__glencore_sa_mining
104580,40,M,Single,2,0,Diploma,4.0,11.1,29.3,179.5,94.5,Occasional,Never,1,278.55,7.02,0.3,7,92,28,0.0,synthetic_mining_v1__glencore_sa_mining
104581,26,M,Married,1,1,Secondary,13.6,7.1,29.9,172.2,88.7,Occasional,Occasionally,2,187.84,6.27,76.8,5,26,23,5.0,synthetic_mining_v1__glencore_sa_mining
104582,43,M,Single,2,2,Secondary,3.2,10.5,25.2,159.9,64.6,Never,Occasionally,1,190.7,6.56,9.1,4,194,22,0.0,synthetic_mining_v1__glencore_sa_mining
104583,43,M,Married,1,0,Primary,6.2,15.7,28.3,169.9,81.6,Former,Never,3,261.99,5.63,7.3,10,23,25,11.0,synthetic_mining_v1__glencore_sa_mining
104584,35,M,Married,3,2,Secondary,15.8,2.0,34.6,167.8,97.4,Daily,Regularly,0,240.83,6.73,52.8,11,25,27,96.0,synthetic_mining_v1__glencore_sa_mining
104585,55,M,Single,1,1,Tertiary,3.2,6.2,31.2,162.6,82.4,Occasional,Occasionally,4,223.04,9.48,10.1,3,62,19,5.0,synthetic_mining_v1__glencore_sa_mining
104586,38,M,Divorced,1,0,Primary,10.0,32.7,24.0,168.9,68.5,Never,Occasionally,3,234.77,6.04,11.3,11,123,18,2.0,synthetic_mining_v1__glencore_sa_mining
104587,40,M,Married,0,0,Secondary,25.5,7.2,26.3,164.4,71.1,Former,Occasionally,1,254.51,6.61,7.8,5,215,24,4.0,synthetic_mining_v1__glencore_sa_mining
104588,29,M,Divorced,5,0,Secondary,7.6,8.2,29.1,169.9,84.1,Never,Occasionally,3,284.74,4.97,13.6,9,176,35,13.0,synthetic_mining_v1__glencore_sa_mining
104589,22,M,Divorced,0,0,Secondary,4.2,23.6,35.1,162.1,92.1,Daily,Regularly,3,179.54,5.17,29.0,5,214,31,0.0,synthetic_mining_v1__glencore_sa_mining
104590,32,M,Single,1,1,Secondary,11.3,9.7,28.5,174.0,86.3,Never,Heavy,0,242.0,7.65,14.5,5,233,23,6.0,synthetic_mining_v1__glencore_sa_mining
104591,35,M,Single,1,1,Tertiary,0.4,13.5,27.9,167.0,77.8,Former,Regularly,2,155.79,6.29,8.2,5,265,16,6.0,synthetic_mining_v1__glencore_sa_mining
104592,33,M,Married,0,0,Secondary,6.0,17.9,26.0,178.4,82.8,Former,Occasionally,2,201.9,7.77,8.1,9,157,21,1.0,synthetic_mining_v1__glencore_sa_mining
104593,44,F,Married,0,0,Primary,6.3,9.1,28.1,158.2,70.3,Former,Occasionally,2,188.23,4.53,13.7,8,139,20,10.0,synthetic_mining_v1__glencore_sa_mining
104594,19,M,Single,2,0,Secondary,2.4,4.0,33.1,167.8,93.1,Never,Regularly,2,219.32,6.92,11.3,11,91,25,3.0,synthetic_mining_v1__glencore_sa_mining
104595,27,M,Married,0,0,Secondary,12.5,4.5,31.3,166.0,86.4,Never,Regularly,0,204.08,5.05,15.7,4,35,24,2.0,synthetic_mining_v1__glencore_sa_mining
104596,21,M,Married,1,1,Secondary,0.7,14.1,26.7,165.6,73.3,Never,Occasionally,4,209.05,6.68,19.7,11,88,20,1.0,synthetic_mining_v1__glencore_sa_mining
104597,50,F,Married,2,2,Diploma,7.9,13.6,17.6,158.6,44.3,Never,Occasionally,1,260.42,3.92,5.1,6,124,35,3.0,synthetic_mining_v1__glencore_sa_mining
104598,32,M,Single,1,1,Diploma,6.4,6.6,33.8,153.6,79.7,Never,Occasionally,2,186.48,6.18,16.3,7,54,11,1.0,synthetic_mining_v1__glencore_sa_mining
104599,33,F,Married,1,1,Secondary,19.3,19.7,24.5,169.9,70.6,Never,Never,2,243.95,7.81,7.8,6,238,19,0.0,synthetic_mining_v1__glencore_sa_mining
104600,28,M,Married,4,0,Secondary,2.4,6.2,21.9,185.5,75.4,Daily,Never,2,202.07,5.72,17.7,7,67,22,1.0,synthetic_mining_v1__glencore_sa_mining
104601,46,M,Married,2,1,Secondary,12.0,5.2,31.6,168.8,89.9,Never,Never,2,291.37,5.75,18.3,7,168,20,26.0,synthetic_mining_v1__glencore_sa_mining
104602,34,M,Married,1,1,Secondary,10.1,5.1,32.2,169.9,93.1,Never,Heavy,2,316.36,6.76,0.8,8,198,27,40.0,synthetic_mining_v1__glencore_sa_mining
104603,40,F,Divorced,0,0,Primary,4.5,6.0,29.5,152.6,68.7,Occasional,Occasionally,2,162.09,6.4,11.8,4,352,17,3.0,synthetic_mining_v1__glencore_sa_mining
104604,19,M,Married,2,1,Primary,2.6,13.0,22.4,165.7,61.5,Never,Never,2,267.95,7.22,46.1,5,160,30,1.0,synthetic_mining_v1__glencore_sa_mining
104605,48,F,Widowed,0,0,Primary,4.4,19.2,24.8,156.6,60.8,Occasional,Occasionally,0,262.41,6.01,12.2,8,40,22,5.0,synthetic_mining_v1__glencore_sa_mining
104606,41,M,Married,1,1,Secondary,10.5,4.7,27.0,180.9,88.4,Occasional,Occasionally,0,200.52,7.2,9.0,5,105,22,0.0,synthetic_mining_v1__glencore_sa_mining
104607,43,M,Single,2,0,Tertiary,14.3,26.4,26.0,169.3,74.5,Former,Regularly,2,288.47,6.36,9.7,8,70,23,0.0,synthetic_mining_v1__glencore_sa_mining
104608,49,M,Married,1,1,Secondary,2.1,12.6,32.7,169.6,93.9,Never,Regularly,1,226.05,6.41,22.3,5,52,22,15.0,synthetic_mining_v1__glencore_sa_mining
104609,36,M,Single,0,0,Secondary,11.0,2.4,33.6,180.3,109.1,Occasional,Regularly,0,231.53,6.97,22.8,4,91,21,14.0,synthetic_mining_v1__glencore_sa_mining
104610,36,M,Single,2,1,Primary,19.3,34.9,32.8,178.5,104.7,Never,Occasionally,3,241.17,5.86,36.5,9,60,22,0.0,synthetic_mining_v1__glencore_sa_mining
104611,44,F,Married,2,1,Secondary,3.3,11.5,30.3,165.2,82.6,Never,Never,2,229.82,7.93,11.0,1,170,22,4.0,synthetic_mining_v1__glencore_sa_mining
104612,41,M,Single,0,0,Secondary,4.0,27.1,23.4,161.1,60.7,Daily,Occasionally,1,169.06,6.41,11.5,10,150,16,8.0,synthetic_mining_v1__glencore_sa_mining
104613,35,M,Single,2,0,Secondary,8.3,14.1,24.2,177.4,76.2,Never,Occasionally,2,170.28,7.69,36.5,5,146,16,0.0,synthetic_mining_v1__glencore_sa_mining
104614,38,M,Divorced,1,1,Primary,7.1,11.9,30.0,166.8,83.6,Never,Regularly,0,80.0,5.06,12.9,5,40,18,0.0,synthetic_mining_v1__glencore_sa_mining
104615,33,M,Single,0,0,Secondary,5.6,13.8,29.9,154.2,71.1,Never,Occasionally,3,311.32,8.2,12.7,5,51,15,3.0,synthetic_mining_v1__glencore_sa_mining
104616,44,M,Married,1,1,Diploma,3.6,19.0,25.5,175.2,78.3,Former,Occasionally,0,204.65,6.86,6.7,5,67,10,5.0,synthetic_mining_v1__glencore_sa_mining
104617,46,M,Married,1,0,Secondary,2.2,12.1,30.4,171.4,89.2,Never,Occasionally,2,166.87,6.03,9.7,4,121,23,1.0,synthetic_mining_v1__glencore_sa_mining
104618,38,M,Married,1,1,Secondary,7.5,8.3,26.6,168.6,75.5,Daily,Never,2,192.78,4.53,5.2,5,39,24,4.0,synthetic_mining_v1__glencore_sa_mining
104619,54,M,Married,1,1,Primary,8.6,39.1,25.6,164.1,68.9,Never,Heavy,3,197.19,6.19,23.4,4,9,18,4.0,synthetic_mining_v1__glencore_sa_mining
104620,24,M,Single,2,1,Diploma,7.0,6.9,21.1,164.5,57.1,Never,Regularly,2,150.36,6.25,17.3,6,85,19,0.0,synthetic_mining_v1__glencore_sa_mining
104621,35,M,Single,0,0,Diploma,3.2,4.0,21.2,169.3,60.9,Never,Occasionally,3,209.79,3.5,1.8,4,54,23,1.0,synthetic_mining_v1__glencore_sa_mining
104622,53,F,Married,0,0,Diploma,7.5,2.5,36.3,155.0,87.3,Never,Heavy,2,224.59,5.84,34.1,10,218,34,96.0,synthetic_mining_v1__glencore_sa_mining
104623,34,F,Married,2,1,Primary,6.6,4.4,23.2,171.2,68.0,Daily,Never,2,171.18,5.88,39.7,8,120,32,4.0,synthetic_mining_v1__glencore_sa_mining
104624,23,M,Single,0,0,Secondary,4.8,18.8,30.3,185.8,104.6,Never,Heavy,2,179.78,6.26,2.7,6,356,22,3.0,synthetic_mining_v1__glencore_sa_mining
104625,50,F,Married,3,1,Secondary,6.4,11.8,34.6,166.2,95.6,Daily,Occasionally,1,225.76,8.42,2.9,8,75,11,29.0,synthetic_mining_v1__glencore_sa_mining
104626,42,F,Married,4,4,Primary,5.4,9.5,25.6,159.4,65.0,Never,Never,6,231.9,6.3,19.8,11,141,21,5.0,synthetic_mining_v1__glencore_sa_mining
104627,27,M,Married,1,1,Secondary,4.6,12.9,33.0,169.9,95.1,Former,Occasionally,0,295.72,6.88,39.2,10,77,33,8.0,synthetic_mining_v1__glencore_sa_mining
104628,45,F,Married,1,1,Primary,2.8,38.3,24.9,159.3,63.2,Daily,Never,3,191.29,5.71,38.3,10,309,21,0.0,synthetic_mining_v1__glencore_sa_mining
104629,28,M,Married,1,1,Secondary,4.3,7.5,29.0,162.0,76.0,Former,Never,0,277.47,5.71,17.1,12,304,29,9.0,synthetic_mining_v1__glencore_sa_mining
104630,25,M,Married,3,3,Primary,28.2,24.1,31.6,174.8,96.5,Never,Regularly,3,220.26,5.11,26.4,5,262,28,0.0,synthetic_mining_v1__glencore_sa_mining
104631,36,M,Divorced,2,1,Diploma,14.1,1.6,30.5,161.2,79.2,Never,Never,3,235.13,7.2,33.1,7,9,21,2.0,synthetic_mining_v1__glencore_sa_mining
104632,33,M,Married,1,1,Primary,12.7,21.2,23.8,165.0,64.9,Never,Occasionally,0,196.76,7.86,17.4,6,98,18,1.0,synthetic_mining_v1__glencore_sa_mining
104633,28,M,Married,0,0,Tertiary,14.4,2.2,24.5,166.6,68.0,Daily,Regularly,3,163.6,4.16,63.8,11,47,24,17.0,synthetic_mining_v1__glencore_sa_mining
104634,34,M,Married,1,1,Tertiary,5.0,27.9,31.0,160.2,79.6,Occasional,Never,1,153.71,6.9,19.3,9,63,19,5.0,synthetic_mining_v1__glencore_sa_mining
104635,29,F,Single,1,1,Secondary,1.1,15.2,33.4,156.3,81.7,Never,Occasionally,2,197.97,6.59,6.8,11,164,10,2.0,synthetic_mining_v1__glencore_sa_mining
104636,38,M,Single,2,0,Diploma,14.8,4.7,31.8,165.4,87.0,Never,Never,6,236.12,6.52,7.9,4,154,22,1.0,synthetic_mining_v1__glencore_sa_mining
104637,37,F,Married,2,1,Secondary,13.5,14.2,21.8,151.8,50.3,Occasional,Occasionally,1,242.03,5.23,14.6,6,175,28,9.0,synthetic_mining_v1__glencore_sa_mining
104638,44,M,Single,2,0,Secondary,5.4,31.9,29.6,173.8,89.3,Never,Regularly,2,275.15,6.26,3.1,5,174,20,0.0,synthetic_mining_v1__glencore_sa_mining
104639,33,M,Married,1,1,Secondary,1.0,3.6,30.2,173.3,90.6,Daily,Never,2,218.23,6.94,17.5,13,165,22,5.0,synthetic_mining_v1__glencore_sa_mining
104640,26,M,Married,1,0,Primary,3.8,9.4,28.8,156.3,70.4,Former,Regularly,0,213.54,7.28,29.9,4,54,20,4.0,synthetic_mining_v1__glencore_sa_mining
104641,26,M,Divorced,0,0,Secondary,4.4,26.9,26.4,169.8,76.2,Daily,Heavy,3,200.8,8.1,5.6,7,48,12,4.0,synthetic_mining_v1__glencore_sa_mining
104642,35,F,Married,2,2,Diploma,5.5,11.5,21.6,153.3,50.8,Never,Never,0,210.66,4.67,0.8,6,201,21,7.0,synthetic_mining_v1__glencore_sa_mining
104643,51,M,Single,0,0,Secondary,7.9,5.0,28.2,161.3,73.4,Daily,Occasionally,6,147.27,6.34,0.3,11,100,12,6.0,synthetic_mining_v1__glencore_sa_mining
104644,45,M,Married,0,0,Secondary,6.4,14.8,28.5,168.6,81.0,Never,Occasionally,5,226.76,5.01,33.8,9,184,27,5.0,synthetic_mining_v1__glencore_sa_mining
104645,32,F,Single,1,1,Primary,4.9,6.5,25.3,159.1,64.2,Former,Occasionally,0,225.74,6.23,25.1,5,54,19,1.0,synthetic_mining_v1__glencore_sa_mining
104646,46,M,Single,4,1,Secondary,9.2,14.0,27.7,186.5,96.3,Occasional,Regularly,4,240.72,4.47,20.8,7,109,28,28.0,synthetic_mining_v1__glencore_sa_mining
104647,27,M,Married,0,0,Secondary,1.4,20.0,27.9,167.9,78.7,Never,Occasionally,1,261.88,7.91,2.1,7,52,22,1.0,synthetic_mining_v1__glencore_sa_mining
104648,47,F,Single,2,0,Secondary,11.1,13.9,32.0,151.1,73.1,Daily,Occasionally,3,261.66,5.62,25.9,7,62,19,10.0,synthetic_mining_v1__glencore_sa_mining
104649,34,M,Single,2,0,Diploma,1.8,1.9,21.5,159.7,54.9,Never,Never,0,294.71,6.3,29.9,8,12,22,4.0,synthetic_mining_v1__glencore_sa_mining
104650,45,M,Divorced,1,1,Secondary,0.1,17.8,22.1,155.9,53.7,Never,Occasionally,1,236.87,7.21,8.8,8,151,24,2.0,synthetic_mining_v1__glencore_sa_mining
104651,43,F,Single,2,0,Diploma,10.3,5.7,24.6,162.1,64.7,Never,Regularly,4,236.73,7.77,6.5,2,9,16,1.0,synthetic_mining_v1__glencore_sa_mining
104652,35,M,Married,2,0,Diploma,9.0,17.5,27.9,164.5,75.4,Occasional,Never,2,179.42,6.89,12.0,3,143,24,0.0,synthetic_mining_v1__glencore_sa_mining
104653,41,F,Widowed,1,1,Secondary,11.6,24.1,26.9,145.0,56.6,Daily,Never,2,272.48,8.97,2.2,9,201,24,5.0,synthetic_mining_v1__glencore_sa_mining
104654,28,F,Single,2,0,Secondary,6.0,29.2,31.6,159.7,80.6,Never,Heavy,3,196.94,7.09,14.2,6,365,11,20.0,synthetic_mining_v1__glencore_sa_mining
104655,37,F,Married,2,2,Secondary,13.3,19.6,24.0,156.0,58.5,Never,Occasionally,4,237.61,7.09,1.9,3,24,14,1.0,synthetic_mining_v1__glencore_sa_mining
104656,47,M,Married,2,2,Secondary,7.3,16.3,31.3,161.1,81.1,Never,Never,2,186.91,5.95,5.5,7,36,16,0.0,synthetic_mining_v1__glencore_sa_mining
104657,62,M,Married,2,0,Secondary,5.8,16.3,28.9,181.6,95.4,Never,Occasionally,3,199.91,4.1,18.8,4,185,29,31.0,synthetic_mining_v1__glencore_sa_mining
104658,44,M,Married,1,0,Secondary,11.5,12.0,27.2,173.3,81.6,Former,Regularly,0,240.61,6.26,30.1,6,96,26,0.0,synthetic_mining_v1__glencore_sa_mining
104659,38,F,Married,1,1,Diploma,4.8,3.8,30.3,156.1,73.8,Daily,Never,1,266.61,5.71,27.1,6,69,24,11.0,synthetic_mining_v1__glencore_sa_mining
104660,28,M,Single,2,2,Secondary,5.3,15.1,30.4,165.3,83.0,Never,Heavy,1,239.12,6.07,19.0,10,74,18,7.0,synthetic_mining_v1__glencore_sa_mining
104661,47,F,Single,1,1,Diploma,14.4,6.2,22.9,166.5,63.6,Never,Never,3,210.38,6.61,15.4,4,75,18,0.0,synthetic_mining_v1__glencore_sa_mining
104662,23,F,Single,0,0,Secondary,10.5,4.2,25.5,156.5,62.3,Never,Occasionally,2,299.79,7.61,15.9,8,34,16,1.0,synthetic_mining_v1__glencore_sa_mining
104663,30,M,Divorced,1,1,Secondary,3.7,34.4,33.4,158.9,84.2,Former,Occasionally,2,159.04,7.94,29.3,5,73,11,1.0,synthetic_mining_v1__glencore_sa_mining
104664,41,M,Single,1,1,Secondary,5.9,3.2,27.1,156.8,66.8,Former,Occasionally,4,210.95,5.69,36.3,7,34,25,8.0,synthetic_mining_v1__glencore_sa_mining
104665,27,M,Married,1,1,Diploma,17.4,24.1,28.2,166.4,78.1,Daily,Occasionally,1,305.54,7.81,23.6,5,56,26,17.0,synthetic_mining_v1__glencore_sa_mining
104666,51,F,Single,2,1,Secondary,0.4,11.4,29.8,161.7,78.0,Daily,Regularly,3,195.65,8.19,7.5,6,130,15,0.0,synthetic_mining_v1__glencore_sa_mining
104667,47,M,Divorced,4,2,Secondary,12.1,26.2,16.0,183.4,53.8,Daily,Regularly,3,129.52,7.0,15.7,7,165,13,2.0,synthetic_mining_v1__glencore_sa_mining
104668,32,F,Married,3,1,Primary,3.4,17.2,26.1,157.5,64.7,Never,Heavy,1,255.41,5.88,50.2,6,134,25,44.0,synthetic_mining_v1__glencore_sa_mining
104669,33,M,Married,5,1,Primary,10.9,6.4,31.2,176.4,97.0,Never,Occasionally,3,353.52,4.91,17.8,4,125,32,0.0,synthetic_mining_v1__glencore_sa_mining
104670,26,M,Widowed,2,0,Tertiary,11.0,14.9,24.4,173.5,73.5,Never,Never,4,219.88,6.15,11.8,4,57,19,1.0,synthetic_mining_v1__glencore_sa_mining
104671,25,F,Married,3,1,Diploma,6.7,4.5,25.6,160.3,65.7,Former,Regularly,4,156.27,6.23,12.9,7,59,14,0.0,synthetic_mining_v1__glencore_sa_mining
104672,42,M,Divorced,3,2,Secondary,3.1,9.0,32.4,160.5,83.5,Former,Never,2,162.43,6.45,4.3,4,176,24,7.0,synthetic_mining_v1__glencore_sa_mining
104673,43,M,Widowed,2,1,Secondary,9.4,12.0,32.1,168.9,91.6,Daily,Regularly,1,222.32,7.01,33.5,8,108,19,20.0,synthetic_mining_v1__glencore_sa_mining
104674,41,M,Single,0,0,Secondary,9.0,8.5,24.6,175.0,75.4,Occasional,Never,2,245.24,6.66,4.3,8,198,22,3.0,synthetic_mining_v1__glencore_sa_mining
104675,40,M,Single,1,1,Secondary,2.5,12.6,24.6,179.4,79.3,Daily,Occasionally,2,171.59,5.41,12.0,5,120,23,3.0,synthetic_mining_v1__glencore_sa_mining
104676,33,M,Married,1,1,Tertiary,5.4,1.2,27.6,172.3,82.0,Daily,Occasionally,3,185.5,8.24,8.2,4,46,17,1.0,synthetic_mining_v1__glencore_sa_mining
104677,41,M,Married,1,0,Secondary,6.7,16.7,34.8,176.5,108.3,Daily,Heavy,3,256.53,6.73,7.7,10,298,23,120.0,synthetic_mining_v1__glencore_sa_mining
104678,24,M,Single,3,0,Tertiary,2.2,19.6,32.7,171.5,96.3,Never,Occasionally,5,157.53,9.06,13.2,4,93,20,0.0,synthetic_mining_v1__glencore_sa_mining
104679,38,M,Married,0,0,Secondary,9.0,61.1,28.1,174.4,85.5,Occasional,Occasionally,3,209.95,6.89,31.9,10,140,30,0.0,synthetic_mining_v1__glencore_sa_mining
104680,51,M,Married,3,1,Primary,4.9,22.6,32.1,166.6,89.0,Never,Occasionally,2,231.97,3.5,9.6,7,117,24,6.0,synthetic_mining_v1__glencore_sa_mining
104681,50,M,Married,2,0,Diploma,18.7,17.2,26.5,176.2,82.4,Never,Never,0,230.44,5.91,13.4,5,56,28,2.0,synthetic_mining_v1__glencore_sa_mining
104682,33,M,Single,0,0,Secondary,9.8,36.1,30.6,164.9,83.3,Never,Occasionally,1,174.54,7.06,10.7,9,135,24,2.0,synthetic_mining_v1__glencore_sa_mining
104683,35,M,Widowed,3,1,Diploma,3.7,31.1,25.9,165.6,71.1,Never,Heavy,0,117.85,6.29,11.1,7,70,22,0.0,synthetic_mining_v1__glencore_sa_mining
104684,50,M,Married,3,0,Diploma,3.1,51.1,20.3,181.3,66.7,Daily,Heavy,1,289.44,6.78,20.3,6,40,28,120.0,synthetic_mining_v1__glencore_sa_mining
104685,54,F,Single,0,0,Diploma,13.1,11.3,22.7,160.8,58.8,Never,Occasionally,3,184.54,5.59,2.0,10,76,24,0.0,synthetic_mining_v1__glencore_sa_mining
104686,24,M,Married,1,0,Primary,7.7,10.9,32.7,167.4,91.7,Former,Regularly,0,266.0,5.91,5.6,9,91,24,22.0,synthetic_mining_v1__glencore_sa_mining
104687,34,M,Divorced,2,2,Secondary,7.4,4.7,24.7,171.3,72.4,Former,Occasionally,1,124.19,6.59,5.4,9,88,18,1.0,synthetic_mining_v1__glencore_sa_mining
104688,40,F,Married,2,0,Diploma,2.4,18.6,24.3,163.0,64.6,Former,Regularly,1,150.47,6.81,57.4,10,36,15,0.0,synthetic_mining_v1__glencore_sa_mining
104689,49,M,Married,3,1,Secondary,5.1,28.0,26.1,158.2,65.3,Never,Occasionally,0,206.76,6.83,21.9,6,44,20,10.0,synthetic_mining_v1__glencore_sa_mining
104690,30,F,Single,4,0,Secondary,7.0,22.4,26.1,159.7,66.4,Never,Occasionally,0,215.25,7.97,1.9,10,45,20,2.0,synthetic_mining_v1__glencore_sa_mining
104691,43,M,Married,1,1,Secondary,9.8,12.2,25.3,174.0,76.5,Former,Occasionally,3,193.33,6.57,5.9,6,9,22,0.0,synthetic_mining_v1__glencore_sa_mining
104692,35,M,Widowed,0,0,Secondary,23.3,9.2,22.5,169.2,64.3,Never,Regularly,0,248.84,6.91,22.7,10,156,23,4.0,synthetic_mining_v1__glencore_sa_mining
104693,59,M,Married,1,0,Diploma,1.9,10.5,27.8,167.8,78.3,Occasional,Never,1,263.55,5.14,53.3,14,200,28,120.0,synthetic_mining_v1__glencore_sa_mining
104694,41,F,Single,3,1,Secondary,7.3,11.2,29.0,156.4,71.0,Never,Occasionally,2,174.08,6.16,16.9,7,101,26,2.0,synthetic_mining_v1__glencore_sa_mining
104695,36,M,Married,1,0,Diploma,3.4,43.8,31.9,171.1,93.4,Never,Occasionally,4,226.24,6.17,21.3,11,132,20,11.0,synthetic_mining_v1__glencore_sa_mining
104696,35,F,Married,0,0,Primary,7.3,34.2,24.7,160.6,63.7,Never,Occasionally,1,256.91,7.78,7.1,9,35,22,4.0,synthetic_mining_v1__glencore_sa_mining
104697,47,M,Married,1,0,Tertiary,2.2,3.1,21.5,151.4,49.4,Never,Never,0,176.52,5.45,32.0,8,70,23,1.0,synthetic_mining_v1__glencore_sa_mining
104698,44,M,Widowed,1,1,Tertiary,2.6,39.2,30.7,177.5,96.7,Never,Never,2,171.92,6.64,4.7,10,23,18,4.0,synthetic_mining_v1__glencore_sa_mining
104699,28,M,Married,3,0,Tertiary,1.8,13.3,29.6,174.3,89.8,Never,Never,2,269.67,8.11,12.4,9,16,21,2.0,synthetic_mining_v1__glencore_sa_mining
104700,40,M,Married,1,1,Primary,7.6,14.9,21.8,167.2,61.0,Never,Regularly,4,193.19,7.41,9.8,12,135,25,2.0,synthetic_mining_v1__glencore_sa_mining
104701,25,M,Married,0,0,Diploma,6.0,26.9,32.0,165.5,87.6,Never,Never,1,182.41,4.83,34.3,6,45,19,9.0,synthetic_mining_v1__glencore_sa_mining
104702,31,F,Single,0,0,Secondary,12.9,2.7,32.9,156.9,80.8,Daily,Occasionally,0,286.95,6.15,78.5,6,74,25,83.0,synthetic_mining_v1__glencore_sa_mining
104703,26,M,Married,2,0,Secondary,3.5,8.3,22.7,165.9,62.6,Never,Occasionally,2,147.2,7.63,6.9,7,124,18,0.0,synthetic_mining_v1__glencore_sa_mining
104704,26,M,Single,1,0,Diploma,8.6,5.6,24.8,161.7,64.8,Former,Occasionally,0,207.49,7.42,10.3,10,124,19,2.0,synthetic_mining_v1__glencore_sa_mining
104705,31,M,Married,0,0,Secondary,12.7,23.6,24.3,177.5,76.5,Former,Occasionally,2,187.84,5.1,41.5,5,42,27,1.0,synthetic_mining_v1__glencore_sa_mining
104706,29,M,Single,2,0,Primary,5.7,24.3,33.5,168.8,95.3,Former,Occasionally,1,201.79,7.53,6.6,3,76,13,0.0,synthetic_mining_v1__glencore_sa_mining
104707,42,M,Married,1,0,Diploma,9.3,27.7,30.0,172.3,89.0,Former,Occasionally,3,164.68,4.41,15.6,7,122,17,3.0,synthetic_mining_v1__glencore_sa_mining
104708,45,M,Married,1,1,Primary,5.4,5.8,30.3,173.6,91.3,Former,Occasionally,0,221.87,5.71,2.9,10,34,22,8.0,synthetic_mining_v1__glencore_sa_mining
104709,35,M,Single,3,1,Diploma,4.5,36.4,27.8,166.0,76.6,Occasional,Regularly,6,200.03,8.11,6.4,12,222,25,0.0,synthetic_mining_v1__glencore_sa_mining
104710,27,M,Single,4,0,Tertiary,5.8,2.1,26.4,152.6,61.5,Former,Regularly,1,134.0,7.62,31.5,6,232,34,2.0,synthetic_mining_v1__glencore_sa_mining
104711,45,M,Married,0,0,Primary,6.8,20.1,26.6,169.4,76.4,Never,Never,0,215.31,7.24,8.2,4,117,21,1.0,synthetic_mining_v1__glencore_sa_mining
104712,19,M,Married,2,1,Secondary,4.9,25.3,28.7,174.3,87.1,Daily,Regularly,1,228.3,5.95,17.8,4,79,17,15.0,synthetic_mining_v1__glencore_sa_mining
104713,20,M,Single,1,1,Secondary,6.3,3.9,30.4,167.8,85.6,Never,Occasionally,1,182.76,5.55,29.6,11,55,28,0.0,synthetic_mining_v1__glencore_sa_mining
104714,44,F,Married,0,0,Secondary,4.5,32.7,30.4,164.1,81.9,Never,Never,1,203.62,5.9,29.0,6,258,22,10.0,synthetic_mining_v1__glencore_sa_mining
104715,44,M,Divorced,1,1,Diploma,2.8,3.9,25.5,158.9,64.3,Never,Occasionally,2,226.57,7.57,33.8,10,365,23,4.0,synthetic_mining_v1__glencore_sa_mining
104716,46,M,Married,2,1,Primary,7.5,55.3,28.1,167.1,78.6,Occasional,Regularly,2,214.93,5.85,2.6,11,92,15,10.0,synthetic_mining_v1__glencore_sa_mining
104717,36,M,Married,3,1,Diploma,3.5,5.3,25.7,175.7,79.4,Never,Occasionally,2,220.37,6.24,0.7,5,32,20,1.0,synthetic_mining_v1__glencore_sa_mining
104718,26,F,Married,2,0,Primary,3.9,35.1,31.6,160.1,80.9,Never,Regularly,0,192.35,6.54,9.5,6,41,18,0.0,synthetic_mining_v1__glencore_sa_mining
104719,33,M,Divorced,0,0,Secondary,3.8,17.6,30.5,159.8,78.0,Former,Never,1,219.0,6.15,4.7,9,117,25,5.0,synthetic_mining_v1__glencore_sa_mining
104720,43,M,Single,2,2,Diploma,5.9,30.5,22.5,176.3,70.0,Never,Occasionally,3,227.28,7.93,27.0,13,96,22,4.0,synthetic_mining_v1__glencore_sa_mining
104721,31,M,Married,2,2,Secondary,4.2,4.5,25.4,175.4,78.0,Never,Heavy,3,248.56,6.29,17.3,5,270,34,5.0,synthetic_mining_v1__glencore_sa_mining
104722,31,M,Married,1,0,Secondary,10.6,17.2,34.2,166.7,95.0,Daily,Occasionally,3,204.41,8.4,8.0,6,108,15,6.0,synthetic_mining_v1__glencore_sa_mining
104723,25,F,Married,2,2,Primary,10.7,2.8,25.1,152.4,58.2,Former,Never,3,246.02,6.58,5.8,4,43,21,2.0,synthetic_mining_v1__glencore_sa_mining
104724,27,M,Married,4,1,Secondary,9.9,18.3,24.8,171.8,73.2,Never,Occasionally,0,245.06,6.25,19.7,4,84,14,0.0,synthetic_mining_v1__glencore_sa_mining
104725,45,M,Married,2,1,Secondary,10.3,9.5,22.8,173.4,68.7,Daily,Occasionally,3,162.53,7.71,23.9,4,86,21,1.0,synthetic_mining_v1__glencore_sa_mining
104726,42,M,Single,1,1,Diploma,10.8,14.0,25.6,167.3,71.8,Former,Never,2,291.71,5.72,26.1,3,158,17,8.0,synthetic_mining_v1__glencore_sa_mining
104727,27,F,Married,0,0,Secondary,8.9,9.0,26.6,149.5,59.5,Daily,Never,0,189.78,5.24,15.0,10,33,18,4.0,synthetic_mining_v1__glencore_sa_mining
104728,28,M,Married,0,0,Diploma,6.3,3.2,20.3,172.3,60.2,Former,Occasionally,7,263.61,6.7,20.9,10,25,17,1.0,synthetic_mining_v1__glencore_sa_mining
104729,33,M,Married,0,0,Secondary,17.3,11.8,26.8,171.9,79.3,Daily,Never,1,243.38,7.9,21.2,7,365,24,23.0,synthetic_mining_v1__glencore_sa_mining
104730,43,M,Single,1,1,Secondary,7.4,23.0,21.3,172.4,63.3,Never,Never,2,246.64,6.67,5.0,10,158,16,0.0,synthetic_mining_v1__glencore_sa_mining
104731,27,M,Married,5,3,Diploma,4.2,13.9,33.6,181.8,111.2,Never,Heavy,2,179.7,6.57,10.1,9,46,18,10.0,synthetic_mining_v1__glencore_sa_mining
104732,36,M,Married,5,4,Diploma,5.6,22.7,31.2,173.2,93.7,Never,Occasionally,1,216.17,6.05,21.7,6,90,26,3.0,synthetic_mining_v1__glencore_sa_mining
104733,19,M,Married,2,0,Tertiary,4.3,5.8,21.8,169.0,62.3,Daily,Occasionally,4,257.68,5.2,29.9,8,22,24,2.0,synthetic_mining_v1__glencore_sa_mining
104734,26,F,Single,1,1,Diploma,14.1,6.2,23.0,151.0,52.5,Daily,Occasionally,3,221.02,7.28,7.0,8,138,21,3.0,synthetic_mining_v1__glencore_sa_mining
104735,41,M,Divorced,1,1,Primary,2.1,2.6,31.1,173.4,93.4,Never,Never,1,220.51,6.33,18.5,8,77,27,2.0,synthetic_mining_v1__glencore_sa_mining
104736,46,M,Single,3,0,Secondary,4.8,30.5,24.3,169.0,69.4,Former,Never,1,181.34,6.22,26.7,8,48,24,2.0,synthetic_mining_v1__glencore_sa_mining
104737,27,M,Married,1,0,Secondary,3.5,7.1,25.8,160.5,66.4,Never,Occasionally,5,198.03,6.8,5.9,8,73,15,1.0,synthetic_mining_v1__glencore_sa_mining
104738,31,M,Single,3,0,Primary,2.9,3.1,29.1,173.4,87.6,Occasional,Never,1,221.3,4.87,18.2,6,296,23,0.0,synthetic_mining_v1__glencore_sa_mining
104739,45,M,Married,3,0,Secondary,2.0,11.8,28.3,189.0,101.0,Never,Occasionally,0,229.23,5.31,23.2,8,220,22,4.0,synthetic_mining_v1__glencore_sa_mining
104740,34,M,Married,2,1,Secondary,7.4,12.8,18.7,179.8,60.5,Never,Occasionally,2,195.53,4.78,10.3,3,205,19,1.0,synthetic_mining_v1__glencore_sa_mining
104741,33,M,Divorced,4,0,Diploma,11.3,3.1,24.8,169.5,71.3,Never,Never,3,241.04,7.55,20.5,7,156,18,1.0,synthetic_mining_v1__glencore_sa_mining
104742,42,M,Married,2,2,Primary,1.4,8.2,29.2,162.3,76.8,Occasional,Regularly,4,261.28,6.16,3.6,10,36,20,7.0,synthetic_mining_v1__glencore_sa_mining
104743,39,M,Single,1,1,Secondary,11.9,15.3,27.5,167.4,77.0,Never,Regularly,7,244.56,5.59,13.3,12,200,24,3.0,synthetic_mining_v1__glencore_sa_mining
104744,48,F,Divorced,1,0,Tertiary,12.1,7.5,29.2,165.1,79.7,Occasional,Regularly,1,221.45,6.67,7.6,5,148,17,10.0,synthetic_mining_v1__glencore_sa_mining
104745,45,F,Widowed,1,1,Secondary,2.0,25.6,29.6,165.8,81.3,Never,Never,1,192.9,5.89,35.3,7,120,21,5.0,synthetic_mining_v1__glencore_sa_mining
104746,32,M,Single,5,1,Primary,6.2,9.9,29.1,164.0,78.3,Never,Occasionally,3,203.49,5.9,20.6,8,27,22,2.0,synthetic_mining_v1__glencore_sa_mining
104747,37,M,Single,2,0,Secondary,5.9,8.3,27.3,164.8,74.1,Former,Never,3,210.26,7.72,6.7,4,9,12,1.0,synthetic_mining_v1__glencore_sa_mining
104748,37,F,Divorced,1,1,Secondary,2.5,37.1,21.2,156.9,52.1,Never,Occasionally,6,187.36,8.13,28.2,7,62,15,1.0,synthetic_mining_v1__glencore_sa_mining
104749,25,M,Married,0,0,Diploma,10.9,12.2,22.2,161.0,57.6,Never,Never,0,161.54,5.22,11.5,12,63,26,0.0,synthetic_mining_v1__glencore_sa_mining
104750,29,F,Single,4,2,Diploma,3.2,31.9,23.5,156.1,57.2,Daily,Occasionally,3,120.74,6.63,7.4,7,63,8,1.0,synthetic_mining_v1__glencore_sa_mining
104751,46,M,Married,0,0,Secondary,6.5,13.3,28.0,174.5,85.4,Former,Occasionally,2,222.07,8.11,10.7,7,136,16,2.0,synthetic_mining_v1__glencore_sa_mining
104752,23,M,Widowed,0,0,Tertiary,15.5,14.8,23.7,161.9,62.2,Occasional,Occasionally,0,224.83,5.77,16.0,7,130,21,0.0,synthetic_mining_v1__glencore_sa_mining
104753,47,M,Single,2,2,Primary,6.2,8.4,27.3,169.4,78.2,Daily,Never,2,144.99,6.66,27.9,3,28,16,2.0,synthetic_mining_v1__glencore_sa_mining
104754,40,M,Divorced,0,0,Tertiary,3.7,39.3,17.2,177.1,53.9,Daily,Occasionally,3,261.1,7.91,12.3,6,224,24,6.0,synthetic_mining_v1__glencore_sa_mining
104755,36,M,Married,2,0,Secondary,9.9,23.0,22.2,174.1,67.4,Occasional,Regularly,0,177.33,7.07,29.2,4,177,20,5.0,synthetic_mining_v1__glencore_sa_mining
104756,42,M,Married,2,2,Primary,4.0,7.8,26.9,176.2,83.6,Former,Never,4,245.32,4.52,14.2,16,126,40,6.0,synthetic_mining_v1__glencore_sa_mining
104757,42,F,Single,2,0,Tertiary,1.3,10.5,29.8,156.6,73.0,Never,Occasionally,1,274.17,5.49,5.6,12,77,19,9.0,synthetic_mining_v1__glencore_sa_mining
104758,49,M,Widowed,1,1,Tertiary,3.4,32.5,24.7,168.4,70.0,Never,Regularly,0,234.92,6.33,21.4,6,185,27,12.0,synthetic_mining_v1__glencore_sa_mining
104759,34,M,Widowed,2,2,Diploma,2.6,40.3,29.5,171.2,86.3,Former,Occasionally,4,158.65,5.93,20.6,8,74,16,3.0,synthetic_mining_v1__glencore_sa_mining
104760,36,M,Single,2,0,Secondary,2.9,9.5,24.3,165.2,66.2,Daily,Occasionally,4,214.24,6.79,5.0,8,291,24,3.0,synthetic_mining_v1__glencore_sa_mining
104761,35,F,Married,2,0,Secondary,0.9,14.7,34.1,165.5,93.3,Occasional,Regularly,2,209.35,6.93,3.5,11,168,28,12.0,synthetic_mining_v1__glencore_sa_mining
104762,55,M,Married,0,0,Secondary,5.6,15.2,29.4,166.1,81.1,Former,Occasionally,1,257.38,7.37,1.7,11,134,29,5.0,synthetic_mining_v1__glencore_sa_mining
104763,46,M,Single,1,1,Secondary,3.6,20.0,26.2,163.7,70.3,Daily,Regularly,3,134.01,6.67,6.3,4,195,16,0.0,synthetic_mining_v1__glencore_sa_mining
104764,29,M,Married,0,0,Secondary,6.5,25.2,27.2,172.5,81.1,Occasional,Regularly,0,236.84,5.79,32.7,6,96,24,0.0,synthetic_mining_v1__glencore_sa_mining
104765,35,M,Married,5,1,Primary,1.9,2.9,25.1,170.1,72.6,Occasional,Never,3,144.75,5.82,18.3,6,150,12,3.0,synthetic_mining_v1__glencore_sa_mining
104766,31,M,Married,0,0,Secondary,4.0,26.4,27.5,164.9,74.7,Never,Never,1,237.52,5.4,11.5,6,205,27,1.0,synthetic_mining_v1__glencore_sa_mining
104767,38,M,Single,4,0,Secondary,10.5,18.2,31.6,167.0,88.3,Daily,Occasionally,0,258.76,7.79,12.7,9,43,12,23.0,synthetic_mining_v1__glencore_sa_mining
104768,40,M,Divorced,1,0,Secondary,3.1,9.7,30.7,168.5,87.1,Former,Occasionally,3,257.35,8.06,14.2,7,53,18,15.0,synthetic_mining_v1__glencore_sa_mining
104769,58,M,Married,2,2,Secondary,0.8,7.5,23.7,166.9,66.0,Former,Regularly,4,198.55,8.08,14.4,7,15,17,3.0,synthetic_mining_v1__glencore_sa_mining
104770,21,M,Married,1,1,Secondary,5.0,4.9,23.6,176.0,73.0,Never,Occasionally,2,228.63,7.65,35.4,2,44,18,1.0,synthetic_mining_v1__glencore_sa_mining
104771,47,M,Married,2,0,Tertiary,3.0,9.5,33.9,175.8,104.7,Never,Never,1,240.47,6.93,3.8,10,100,17,13.0,synthetic_mining_v1__glencore_sa_mining
104772,42,M,Divorced,1,0,Secondary,6.6,7.1,35.3,171.4,103.7,Never,Never,2,222.07,5.47,42.0,8,202,30,14.0,synthetic_mining_v1__glencore_sa_mining
104773,31,M,Married,1,0,Diploma,4.5,14.4,24.4,168.0,68.9,Never,Occasionally,4,182.67,6.75,21.0,6,110,17,0.0,synthetic_mining_v1__glencore_sa_mining
104774,36,M,Married,1,1,Diploma,2.1,9.6,28.0,160.7,72.2,Never,Never,2,224.57,7.07,11.9,5,37,14,0.0,synthetic_mining_v1__glencore_sa_mining
104775,33,M,Divorced,0,0,Diploma,4.9,8.0,26.9,173.5,81.0,Never,Occasionally,5,198.91,7.43,10.0,7,148,19,2.0,synthetic_mining_v1__glencore_sa_mining
104776,38,M,Married,2,1,Secondary,7.6,16.4,32.5,174.0,98.4,Never,Occasionally,4,251.79,5.62,21.1,7,64,23,0.0,synthetic_mining_v1__glencore_sa_mining
104777,47,M,Married,0,0,Secondary,5.2,5.6,23.9,174.9,73.2,Daily,Occasionally,3,176.65,4.35,8.6,12,97,30,10.0,synthetic_mining_v1__glencore_sa_mining
104778,24,M,Single,6,1,Secondary,6.1,12.3,23.7,167.4,66.4,Never,Occasionally,2,241.01,6.17,5.2,7,121,23,0.0,synthetic_mining_v1__glencore_sa_mining
104779,50,M,Single,4,2,Secondary,6.5,8.3,30.4,173.8,91.7,Never,Never,3,166.12,8.02,25.5,14,180,26,0.0,synthetic_mining_v1__glencore_sa_mining
104780,34,M,Married,2,2,Secondary,2.5,24.3,26.9,172.5,80.1,Never,Occasionally,1,222.4,5.85,34.6,7,218,20,0.0,synthetic_mining_v1__glencore_sa_mining
104781,51,M,Married,2,1,Secondary,6.5,12.7,29.1,172.6,86.7,Never,Never,1,225.28,7.7,2.9,8,196,22,9.0,synthetic_mining_v1__glencore_sa_mining
104782,41,M,Divorced,0,0,Secondary,15.6,18.1,21.8,167.3,61.1,Never,Occasionally,1,196.39,6.13,6.6,6,65,23,1.0,synthetic_mining_v1__glencore_sa_mining
104783,49,M,Married,2,0,Secondary,9.9,4.3,43.6,179.5,140.6,Daily,Occasionally,3,246.3,6.32,22.5,7,65,26,0.0,synthetic_mining_v1__glencore_sa_mining
104784,43,M,Single,4,1,Secondary,11.4,11.9,21.4,170.6,62.3,Never,Occasionally,0,184.73,5.32,32.8,4,115,34,1.0,synthetic_mining_v1__glencore_sa_mining
104785,47,F,Married,2,0,Diploma,10.2,6.9,29.2,155.8,70.9,Former,Heavy,4,275.54,5.7,5.3,10,173,23,69.0,synthetic_mining_v1__glencore_sa_mining
104786,38,F,Divorced,1,1,Diploma,6.7,17.8,37.4,160.2,95.8,Daily,Occasionally,2,213.75,5.44,14.2,10,137,26,31.0,synthetic_mining_v1__glencore_sa_mining
104787,30,M,Married,3,0,Secondary,10.1,17.0,30.0,171.7,88.3,Never,Regularly,2,171.83,6.26,17.2,8,118,30,4.0,synthetic_mining_v1__glencore_sa_mining
104788,44,F,Married,2,1,Secondary,5.0,17.4,18.1,162.9,48.0,Never,Heavy,5,179.53,6.0,30.4,6,17,22,0.0,synthetic_mining_v1__glencore_sa_mining
104789,44,M,Married,2,1,Secondary,3.8,19.5,44.0,174.0,133.2,Former,Regularly,4,199.46,3.63,25.9,9,52,25,0.0,synthetic_mining_v1__glencore_sa_mining
104790,57,M,Married,2,2,Tertiary,9.4,3.8,18.7,176.9,58.6,Daily,Occasionally,1,274.73,5.58,9.1,7,317,22,6.0,synthetic_mining_v1__glencore_sa_mining
104791,20,M,Single,3,1,Secondary,3.0,26.1,20.9,170.1,60.4,Daily,Occasionally,4,215.27,7.16,3.1,5,130,18,3.0,synthetic_mining_v1__glencore_sa_mining
104792,36,M,Married,2,1,Primary,9.7,31.9,29.1,172.5,86.7,Never,Regularly,3,152.09,6.02,50.5,7,78,23,9.0,synthetic_mining_v1__glencore_sa_mining
104793,47,F,Married,1,1,Secondary,8.7,3.2,30.4,155.8,73.9,Never,Regularly,2,222.25,8.06,70.9,5,220,27,7.0,synthetic_mining_v1__glencore_sa_mining
104794,26,M,Divorced,2,0,Secondary,10.6,21.1,18.6,174.3,56.4,Never,Occasionally,1,236.54,6.46,2.1,9,78,19,2.0,synthetic_mining_v1__glencore_sa_mining
104795,36,M,Married,1,1,Secondary,4.8,37.5,28.4,157.2,70.1,Never,Never,4,204.29,4.73,61.6,8,245,35,0.0,synthetic_mining_v1__glencore_sa_mining
104796,57,M,Married,1,0,Secondary,3.5,42.3,30.1,159.3,76.3,Former,Occasionally,2,209.27,7.1,42.2,9,100,19,26.0,synthetic_mining_v1__glencore_sa_mining
104797,50,F,Single,3,0,Diploma,13.5,7.9,28.0,161.9,73.4,Occasional,Never,0,262.53,6.27,75.0,8,72,29,13.0,synthetic_mining_v1__glencore_sa_mining
104798,30,M,Married,3,1,Secondary,10.6,12.3,23.4,173.2,70.1,Never,Occasionally,2,157.84,6.74,17.3,9,16,28,1.0,synthetic_mining_v1__glencore_sa_mining
104799,51,M,Single,1,0,Primary,4.4,5.2,31.8,164.6,86.2,Former,Occasionally,2,211.83,6.59,1.8,6,110,6,1.0,synthetic_mining_v1__glencore_sa_mining
104800,48,M,Married,1,0,Secondary,2.7,37.0,23.1,177.7,72.9,Occasional,Occasionally,3,200.42,8.11,8.8,8,88,17,5.0,synthetic_mining_v1__glencore_sa_mining
104801,45,F,Single,2,1,Secondary,4.7,14.8,30.2,161.3,78.5,Never,Occasionally,3,175.91,7.86,4.3,8,77,19,1.0,synthetic_mining_v1__glencore_sa_mining
104802,41,M,Married,0,0,Secondary,5.3,7.7,30.9,167.4,86.7,Occasional,Regularly,6,177.79,9.13,90.0,3,14,19,3.0,synthetic_mining_v1__glencore_sa_mining
104803,40,M,Single,2,0,Secondary,4.3,7.8,26.8,166.0,73.8,Occasional,Never,4,117.6,6.21,31.9,12,46,28,4.0,synthetic_mining_v1__glencore_sa_mining
104804,30,M,Married,3,2,Secondary,4.8,6.3,27.1,165.9,74.5,Daily,Occasionally,1,100.79,7.08,13.2,3,340,14,6.0,synthetic_mining_v1__glencore_sa_mining
104805,33,F,Married,2,1,Diploma,20.0,23.8,29.3,152.4,68.0,Never,Regularly,3,305.25,4.96,37.5,6,46,39,18.0,synthetic_mining_v1__glencore_sa_mining
104806,44,M,Married,1,1,Tertiary,3.4,9.5,32.1,164.5,86.8,Occasional,Regularly,3,274.04,4.88,10.3,5,167,29,24.0,synthetic_mining_v1__glencore_sa_mining
104807,39,M,Married,2,0,Diploma,3.2,37.0,20.7,183.7,69.8,Occasional,Never,2,158.8,7.22,26.1,6,100,31,3.0,synthetic_mining_v1__glencore_sa_mining
104808,54,M,Married,1,0,Secondary,9.1,37.9,35.2,167.6,98.7,Never,Regularly,0,174.23,7.68,19.0,4,189,32,0.0,synthetic_mining_v1__glencore_sa_mining
104809,35,M,Married,1,0,Secondary,9.7,12.6,20.5,175.2,63.0,Never,Occasionally,3,291.56,6.33,49.2,5,93,32,3.0,synthetic_mining_v1__glencore_sa_mining
104810,19,M,Single,2,2,Diploma,5.7,14.5,23.4,175.4,72.0,Never,Never,4,223.88,6.2,13.4,9,189,18,0.0,synthetic_mining_v1__glencore_sa_mining
104811,35,M,Single,2,2,Secondary,3.1,9.0,30.1,166.2,83.3,Never,Never,6,244.46,6.31,14.6,9,242,25,2.0,synthetic_mining_v1__glencore_sa_mining
104812,40,M,Married,0,0,Secondary,5.1,6.7,25.5,177.4,80.1,Never,Never,1,187.29,6.06,12.2,6,238,28,2.0,synthetic_mining_v1__glencore_sa_mining
104813,41,M,Divorced,3,2,Diploma,8.8,27.8,31.8,176.0,98.6,Never,Occasionally,1,233.6,5.63,7.9,8,23,19,5.0,synthetic_mining_v1__glencore_sa_mining
104814,38,M,Married,3,0,Diploma,4.6,8.6,28.2,169.0,80.7,Occasional,Regularly,1,276.58,4.68,13.2,7,81,24,17.0,synthetic_mining_v1__glencore_sa_mining
104815,30,F,Married,2,1,Secondary,4.2,25.9,23.3,154.7,55.8,Daily,Heavy,4,220.94,7.03,22.1,5,107,27,30.0,synthetic_mining_v1__glencore_sa_mining
104816,51,F,Divorced,1,0,Secondary,4.3,4.1,26.2,158.6,66.0,Occasional,Occasionally,3,256.47,6.75,6.0,5,54,18,0.0,synthetic_mining_v1__glencore_sa_mining
104817,32,M,Married,2,1,Secondary,8.9,6.3,20.9,185.5,72.1,Occasional,Regularly,1,215.94,6.5,14.9,5,36,21,0.0,synthetic_mining_v1__glencore_sa_mining
104818,44,M,Single,6,0,Secondary,6.3,4.3,27.3,169.1,78.2,Former,Never,3,215.83,7.43,11.0,5,59,13,2.0,synthetic_mining_v1__glencore_sa_mining
104819,35,M,Divorced,0,0,Tertiary,3.8,34.5,23.2,178.6,74.0,Daily,Never,1,195.81,7.9,90.0,5,92,25,5.0,synthetic_mining_v1__glencore_sa_mining
104820,27,M,Single,0,0,Secondary,9.2,14.2,30.7,179.2,98.7,Never,Regularly,5,236.54,6.44,6.4,10,148,23,1.0,synthetic_mining_v1__glencore_sa_mining
104821,50,M,Married,0,0,Primary,6.1,9.9,26.6,167.2,74.4,Former,Heavy,4,236.21,5.7,15.9,5,191,22,11.0,synthetic_mining_v1__glencore_sa_mining
104822,19,M,Single,1,1,Secondary,10.5,42.0,29.9,174.8,91.4,Never,Regularly,1,244.13,5.73,43.1,7,154,25,0.0,synthetic_mining_v1__glencore_sa_mining
104823,30,F,Single,2,2,Secondary,5.3,41.5,21.6,159.3,54.7,Daily,Never,1,189.66,5.43,56.6,11,147,26,11.0,synthetic_mining_v1__glencore_sa_mining
104824,42,M,Divorced,1,1,Secondary,12.8,35.9,37.1,163.4,99.2,Daily,Occasionally,5,175.16,5.34,42.1,7,82,28,0.0,synthetic_mining_v1__glencore_sa_mining
104825,35,F,Married,3,0,Secondary,2.9,3.9,27.9,165.2,76.2,Former,Never,0,312.81,6.73,14.5,7,44,23,0.0,synthetic_mining_v1__glencore_sa_mining
104826,45,M,Married,5,2,Diploma,4.7,4.8,36.3,171.7,107.0,Occasional,Never,2,179.06,6.17,20.0,7,48,30,20.0,synthetic_mining_v1__glencore_sa_mining
104827,37,M,Single,0,0,Diploma,2.7,14.2,35.2,176.9,110.1,Never,Regularly,1,204.86,6.37,11.2,9,55,22,9.0,synthetic_mining_v1__glencore_sa_mining
104828,34,M,Divorced,1,1,Tertiary,3.7,26.6,28.4,171.0,82.9,Never,Occasionally,2,249.73,7.78,17.3,5,114,14,4.0,synthetic_mining_v1__glencore_sa_mining
104829,57,M,Married,1,1,Tertiary,6.1,11.8,35.4,165.2,96.8,Occasional,Regularly,3,279.69,7.07,16.8,7,128,29,17.0,synthetic_mining_v1__glencore_sa_mining
104830,36,M,Single,5,3,Secondary,8.5,3.6,30.7,159.4,78.1,Former,Occasionally,2,184.57,5.76,23.7,6,17,15,7.0,synthetic_mining_v1__glencore_sa_mining
104831,36,M,Married,2,0,Secondary,3.1,18.8,26.8,171.0,78.4,Never,Occasionally,2,256.57,6.87,29.3,6,174,28,3.0,synthetic_mining_v1__glencore_sa_mining
104832,28,M,Single,1,0,Secondary,16.1,5.4,19.1,195.4,72.9,Never,Regularly,3,338.83,7.04,10.9,7,138,30,3.0,synthetic_mining_v1__glencore_sa_mining
104833,31,M,Divorced,1,1,Diploma,3.7,12.1,24.7,177.0,77.3,Never,Regularly,2,179.27,7.65,25.4,10,222,33,6.0,synthetic_mining_v1__glencore_sa_mining
104834,44,M,Married,2,1,Primary,15.9,7.8,27.9,169.4,80.0,Never,Never,1,271.54,6.15,29.7,4,115,33,34.0,synthetic_mining_v1__glencore_sa_mining
104835,43,M,Single,1,1,Primary,7.7,2.6,27.3,169.8,78.6,Daily,Regularly,2,207.8,4.73,17.3,5,93,28,4.0,synthetic_mining_v1__glencore_sa_mining
104836,38,F,Single,1,0,Secondary,8.1,4.4,30.2,166.3,83.5,Daily,Occasionally,3,115.76,5.02,18.9,9,132,27,23.0,synthetic_mining_v1__glencore_sa_mining
104837,31,M,Single,2,2,Secondary,2.7,15.2,28.6,165.9,78.6,Never,Never,4,195.78,4.77,19.4,11,12,30,6.0,synthetic_mining_v1__glencore_sa_mining
104838,44,M,Single,2,2,Secondary,1.1,62.7,32.7,160.5,84.2,Never,Regularly,2,235.85,5.46,3.1,9,175,23,23.0,synthetic_mining_v1__glencore_sa_mining
104839,22,M,Married,1,1,Secondary,3.7,8.2,25.0,174.6,76.3,Never,Occasionally,1,176.5,5.68,16.4,5,21,13,2.0,synthetic_mining_v1__glencore_sa_mining
104840,35,M,Single,0,0,Diploma,4.2,13.5,27.0,173.5,81.3,Never,Never,2,264.14,5.01,9.9,7,73,14,3.0,synthetic_mining_v1__glencore_sa_mining
104841,36,M,Married,3,0,Diploma,10.5,6.5,30.1,185.3,103.5,Former,Never,2,163.77,5.75,16.2,6,124,15,2.0,synthetic_mining_v1__glencore_sa_mining
104842,30,M,Divorced,1,1,Secondary,16.7,59.7,29.5,169.2,84.5,Former,Occasionally,1,143.59,7.04,6.0,8,59,16,1.0,synthetic_mining_v1__glencore_sa_mining
104843,39,M,Married,1,1,Secondary,5.2,7.7,31.1,176.2,96.5,Occasional,Never,3,235.55,3.78,8.3,5,126,26,0.0,synthetic_mining_v1__glencore_sa_mining
104844,32,M,Married,0,0,Secondary,7.4,17.1,29.9,171.3,87.6,Never,Never,4,164.7,7.61,41.7,13,169,30,3.0,synthetic_mining_v1__glencore_sa_mining
104845,31,M,Married,1,1,Primary,5.4,24.5,28.2,170.2,81.7,Never,Occasionally,2,263.01,6.76,63.8,7,34,26,5.0,synthetic_mining_v1__glencore_sa_mining
104846,54,M,Married,2,0,Diploma,8.1,0.7,29.2,170.6,85.1,Never,Never,1,221.08,7.02,72.1,6,51,19,2.0,synthetic_mining_v1__glencore_sa_mining
104847,45,M,Single,2,1,Primary,5.3,5.9,23.8,168.1,67.2,Daily,Never,2,250.46,5.79,13.2,8,72,22,8.0,synthetic_mining_v1__glencore_sa_mining
104848,49,M,Married,1,0,Secondary,4.3,18.9,27.0,167.8,76.1,Former,Occasionally,3,237.34,7.83,16.5,7,194,23,4.0,synthetic_mining_v1__glencore_sa_mining
104849,38,M,Widowed,3,0,Tertiary,1.7,15.6,30.1,179.3,96.7,Never,Heavy,0,282.25,6.4,7.5,6,281,27,0.0,synthetic_mining_v1__glencore_sa_mining
104850,47,F,Married,1,1,Secondary,11.0,5.1,21.4,162.8,56.6,Never,Never,3,287.57,5.88,16.5,5,325,29,3.0,synthetic_mining_v1__glencore_sa_mining
104851,45,M,Single,3,3,Secondary,12.4,16.0,35.4,166.7,98.5,Former,Heavy,3,222.52,5.91,35.3,2,103,23,8.0,synthetic_mining_v1__glencore_sa_mining
104852,49,M,Single,1,0,Tertiary,4.0,32.5,26.3,166.6,72.9,Daily,Never,1,200.53,8.61,7.3,4,58,19,6.0,synthetic_mining_v1__glencore_sa_mining
104853,59,M,Married,0,0,Secondary,6.1,32.8,27.2,173.1,81.6,Never,Regularly,4,244.64,7.47,10.1,2,158,21,8.0,synthetic_mining_v1__glencore_sa_mining
104854,36,M,Married,0,0,Diploma,10.4,5.6,32.6,167.1,91.0,Daily,Never,2,184.05,8.38,8.3,3,103,17,4.0,synthetic_mining_v1__glencore_sa_mining
104855,40,M,Married,2,2,Secondary,2.7,16.9,34.8,169.6,100.3,Never,Never,0,255.83,6.53,3.6,11,19,22,6.0,synthetic_mining_v1__glencore_sa_mining
104856,37,F,Married,0,0,Diploma,18.8,11.5,28.1,149.6,62.9,Former,Occasionally,0,199.06,4.95,8.2,4,78,20,5.0,synthetic_mining_v1__glencore_sa_mining
104857,19,F,Married,2,1,Secondary,12.2,2.7,33.1,147.1,71.6,Occasional,Never,3,236.42,4.3,36.7,7,169,27,3.0,synthetic_mining_v1__glencore_sa_mining
104858,25,M,Married,4,2,Secondary,9.3,9.3,31.3,163.6,83.6,Never,Regularly,3,271.73,5.32,2.1,6,88,23,2.0,synthetic_mining_v1__glencore_sa_mining
104859,38,F,Married,4,0,Secondary,5.4,11.0,20.7,160.8,53.4,Daily,Heavy,2,206.32,6.72,21.8,9,134,28,19.0,synthetic_mining_v1__glencore_sa_mining
104860,44,M,Married,1,1,Diploma,5.2,18.6,29.9,178.9,95.7,Daily,Occasionally,2,254.76,7.38,0.3,5,71,20,32.0,synthetic_mining_v1__glencore_sa_mining
104861,33,M,Married,4,0,Diploma,16.1,6.8,27.1,165.4,74.2,Daily,Never,3,215.14,6.14,6.9,5,288,21,0.0,synthetic_mining_v1__glencore_sa_mining
104862,48,F,Single,2,2,Diploma,3.0,13.3,26.9,158.3,67.6,Never,Occasionally,5,214.41,6.82,10.6,7,96,17,2.0,synthetic_mining_v1__glencore_sa_mining
104863,49,M,Married,2,2,Secondary,11.9,1.7,26.4,174.7,80.7,Daily,Occasionally,3,202.98,3.8,41.0,10,72,28,32.0,synthetic_mining_v1__glencore_sa_mining
104864,34,F,Married,2,0,Primary,17.3,5.6,19.3,150.8,44.0,Never,Never,3,252.9,6.53,41.4,10,160,36,3.0,synthetic_mining_v1__glencore_sa_mining
104865,51,M,Married,2,2,Secondary,12.8,14.9,27.9,181.0,91.4,Never,Never,5,238.54,3.78,14.5,11,57,16,10.0,synthetic_mining_v1__glencore_sa_mining
104866,54,M,Divorced,2,1,Secondary,11.3,19.2,33.5,181.6,110.4,Never,Heavy,2,215.16,5.67,38.2,11,60,28,37.0,synthetic_mining_v1__glencore_sa_mining
104867,42,F,Single,2,0,Secondary,10.5,6.9,29.3,150.4,66.3,Never,Regularly,1,232.43,6.57,20.9,8,149,22,0.0,synthetic_mining_v1__glencore_sa_mining
104868,29,F,Married,3,1,Diploma,4.6,9.9,27.4,145.0,57.7,Daily,Never,2,210.16,6.98,2.4,6,315,14,2.0,synthetic_mining_v1__glencore_sa_mining
104869,51,M,Married,4,1,Primary,8.0,18.4,29.6,166.9,82.6,Daily,Occasionally,3,143.03,7.09,5.1,7,219,26,0.0,synthetic_mining_v1__glencore_sa_mining
104870,36,M,Married,1,0,Diploma,6.7,13.4,23.4,169.2,66.9,Former,Never,1,211.03,8.13,19.9,8,107,20,2.0,synthetic_mining_v1__glencore_sa_mining
104871,35,M,Single,1,0,Secondary,12.7,22.8,27.2,179.5,87.6,Daily,Never,3,143.54,6.58,22.7,3,129,22,0.0,synthetic_mining_v1__glencore_sa_mining
104872,39,M,Married,3,1,Secondary,14.5,8.1,29.0,170.0,83.9,Occasional,Regularly,2,169.26,4.78,20.9,8,119,23,6.0,synthetic_mining_v1__glencore_sa_mining
104873,33,F,Married,0,0,Secondary,14.6,6.3,34.1,156.9,83.9,Former,Never,3,252.22,6.62,24.1,9,186,21,5.0,synthetic_mining_v1__glencore_sa_mining
104874,48,M,Single,0,0,Secondary,6.1,12.2,26.5,166.8,73.6,Never,Occasionally,3,171.8,7.62,10.1,3,115,16,0.0,synthetic_mining_v1__glencore_sa_mining
104875,45,F,Married,0,0,Diploma,6.1,2.7,31.2,153.5,73.5,Never,Occasionally,0,172.98,8.68,3.8,10,100,16,1.0,synthetic_mining_v1__glencore_sa_mining
104876,49,M,Married,3,1,Secondary,3.6,8.9,29.3,166.8,81.6,Never,Occasionally,2,193.9,5.88,4.3,8,43,23,2.0,synthetic_mining_v1__glencore_sa_mining
104877,43,M,Married,3,0,Secondary,17.2,4.9,33.7,167.0,94.0,Daily,Occasionally,0,248.68,7.16,0.3,4,183,23,27.0,synthetic_mining_v1__glencore_sa_mining
104878,31,M,Married,0,0,Tertiary,1.7,32.8,21.7,175.4,66.7,Never,Regularly,3,236.79,4.4,20.9,10,23,25,2.0,synthetic_mining_v1__glencore_sa_mining
104879,37,M,Divorced,2,2,Secondary,7.6,30.7,32.4,167.8,91.2,Never,Occasionally,4,235.08,7.4,9.1,7,251,18,2.0,synthetic_mining_v1__glencore_sa_mining
104880,46,M,Single,2,1,Secondary,3.0,6.6,31.0,166.9,86.2,Never,Regularly,2,330.39,7.94,2.8,9,180,21,11.0,synthetic_mining_v1__glencore_sa_mining
104881,34,M,Single,2,1,Secondary,18.5,4.0,24.5,162.8,64.9,Never,Regularly,3,281.4,7.15,52.3,4,88,21,1.0,synthetic_mining_v1__glencore_sa_mining
104882,62,M,Married,0,0,Secondary,9.5,16.6,20.8,173.7,62.8,Never,Occasionally,2,96.72,6.51,35.7,13,77,29,2.0,synthetic_mining_v1__glencore_sa_mining
104883,36,M,Single,1,1,Secondary,14.1,44.5,26.6,168.8,75.9,Former,Never,4,187.94,6.41,40.8,4,43,22,0.0,synthetic_mining_v1__glencore_sa_mining
104884,33,M,Single,1,1,Secondary,1.8,17.1,22.6,164.3,61.0,Never,Never,0,155.58,6.1,6.9,8,10,15,0.0,synthetic_mining_v1__glencore_sa_mining
104885,48,F,Single,0,0,Secondary,9.5,44.9,33.6,158.6,84.5,Former,Heavy,3,181.45,5.53,8.2,2,92,22,0.0,synthetic_mining_v1__glencore_sa_mining
104886,45,M,Divorced,1,0,Tertiary,5.0,2.4,28.3,180.0,91.6,Never,Regularly,5,274.06,6.32,25.6,10,36,25,7.0,synthetic_mining_v1__glencore_sa_mining
104887,38,F,Married,2,2,Secondary,9.9,12.8,32.4,162.5,85.4,Former,Heavy,6,201.78,7.73,0.6,9,158,27,13.0,synthetic_mining_v1__glencore_sa_mining
104888,36,M,Single,1,0,Secondary,15.8,4.8,28.9,169.0,82.7,Never,Never,0,249.47,6.36,14.7,9,29,20,0.0,synthetic_mining_v1__glencore_sa_mining
104889,42,M,Married,0,0,Primary,9.8,6.7,28.1,175.6,86.7,Daily,Regularly,4,250.34,7.51,3.6,8,118,16,8.0,synthetic_mining_v1__glencore_sa_mining
104890,46,M,Single,2,2,Secondary,4.3,13.8,31.7,163.9,85.1,Daily,Occasionally,1,248.24,6.43,27.9,9,110,21,26.0,synthetic_mining_v1__glencore_sa_mining
104891,45,M,Married,1,1,Primary,6.4,9.1,20.0,166.5,55.5,Occasional,Occasionally,1,88.43,7.3,9.7,8,240,18,0.0,synthetic_mining_v1__glencore_sa_mining
104892,35,F,Single,3,2,Secondary,4.1,13.6,30.4,155.4,73.5,Never,Regularly,3,290.26,6.67,16.9,4,31,19,7.0,synthetic_mining_v1__glencore_sa_mining
104893,42,M,Married,2,0,Secondary,25.0,9.3,29.4,173.0,87.9,Former,Occasionally,2,184.87,5.17,32.4,4,42,28,4.0,synthetic_mining_v1__glencore_sa_mining
104894,46,F,Married,2,0,Primary,8.9,2.9,25.3,163.9,67.9,Never,Never,3,185.3,6.73,24.8,8,148,18,1.0,synthetic_mining_v1__glencore_sa_mining
104895,45,M,Single,0,0,Diploma,0.5,6.1,31.4,175.2,96.4,Daily,Occasionally,2,165.9,5.64,9.3,7,188,29,0.0,synthetic_mining_v1__glencore_sa_mining
104896,19,M,Divorced,4,0,Primary,5.1,7.5,31.3,177.7,98.7,Never,Never,3,95.61,6.52,27.0,7,73,22,0.0,synthetic_mining_v1__glencore_sa_mining
104897,30,M,Married,2,1,Primary,1.5,37.6,30.3,163.4,81.0,Never,Regularly,4,177.32,8.68,4.3,8,146,21,1.0,synthetic_mining_v1__glencore_sa_mining
104898,31,M,Single,2,1,Secondary,4.9,22.6,30.9,178.9,98.8,Former,Occasionally,2,219.14,6.42,5.4,6,97,20,1.0,synthetic_mining_v1__glencore_sa_mining
104899,36,M,Married,1,1,Secondary,2.7,12.1,21.2,156.7,52.1,Former,Occasionally,2,199.85,6.12,15.9,6,81,15,1.0,synthetic_mining_v1__glencore_sa_mining
104900,40,F,Married,0,0,Secondary,10.2,17.6,27.7,145.6,58.7,Daily,Regularly,4,217.85,6.92,14.2,7,312,16,0.0,synthetic_mining_v1__glencore_sa_mining
104901,46,M,Married,1,1,Secondary,1.2,12.9,25.6,165.1,69.8,Never,Never,4,272.84,5.93,3.2,8,92,13,7.0,synthetic_mining_v1__glencore_sa_mining
104902,44,M,Married,0,0,Secondary,3.4,26.4,27.6,161.2,71.7,Daily,Occasionally,1,164.9,7.35,7.7,8,21,18,9.0,synthetic_mining_v1__glencore_sa_mining
104903,37,M,Married,0,0,Diploma,5.5,24.7,19.5,176.6,60.8,Daily,Never,1,194.57,6.37,9.3,14,145,29,0.0,synthetic_mining_v1__glencore_sa_mining
104904,38,M,Widowed,1,1,Secondary,7.3,21.1,27.4,174.2,83.1,Former,Occasionally,0,222.07,6.42,9.8,4,308,24,2.0,synthetic_mining_v1__glencore_sa_mining
104905,54,M,Married,0,0,Primary,14.2,4.0,30.9,162.1,81.1,Occasional,Never,4,270.46,6.68,7.8,9,92,20,5.0,synthetic_mining_v1__glencore_sa_mining
104906,32,M,Divorced,0,0,Primary,4.4,0.9,20.5,164.9,55.8,Never,Heavy,2,264.23,6.53,18.2,8,62,16,4.0,synthetic_mining_v1__glencore_sa_mining
104907,41,M,Married,2,1,Secondary,14.3,11.5,32.6,170.5,94.7,Daily,Occasionally,1,186.14,6.67,11.0,7,103,15,14.0,synthetic_mining_v1__glencore_sa_mining
104908,52,F,Single,1,1,Diploma,6.6,8.4,25.7,162.9,68.4,Occasional,Never,4,216.0,4.74,17.3,4,152,28,9.0,synthetic_mining_v1__glencore_sa_mining
104909,41,M,Married,1,1,Diploma,3.6,14.5,18.5,184.4,63.0,Never,Never,4,220.67,6.29,19.0,8,210,22,1.0,synthetic_mining_v1__glencore_sa_mining
104910,20,F,Married,0,0,Diploma,9.5,25.1,23.4,156.9,57.6,Daily,Heavy,3,227.99,9.09,15.0,5,30,14,2.0,synthetic_mining_v1__glencore_sa_mining
104911,41,M,Single,2,2,Secondary,4.6,54.5,29.0,166.9,80.7,Daily,Heavy,2,185.52,6.13,16.9,6,18,15,16.0,synthetic_mining_v1__glencore_sa_mining
104912,35,M,Single,1,1,Secondary,5.3,11.2,33.5,165.8,92.2,Never,Occasionally,2,218.22,6.21,28.3,10,4,26,3.0,synthetic_mining_v1__glencore_sa_mining
104913,37,M,Single,2,1,Diploma,6.2,42.1,30.5,179.8,98.5,Former,Never,4,225.55,4.52,5.6,8,117,20,4.0,synthetic_mining_v1__glencore_sa_mining
104914,47,M,Single,3,1,Secondary,19.4,6.6,18.8,168.5,53.3,Former,Regularly,1,250.1,5.65,25.0,8,75,32,2.0,synthetic_mining_v1__glencore_sa_mining
104915,42,M,Married,1,1,Secondary,13.3,7.4,25.7,168.6,73.1,Daily,Never,2,240.42,5.9,10.7,9,82,18,0.0,synthetic_mining_v1__glencore_sa_mining
104916,36,M,Married,3,1,Secondary,4.9,3.2,23.4,164.1,62.9,Daily,Occasionally,1,211.51,6.53,32.4,13,150,23,7.0,synthetic_mining_v1__glencore_sa_mining
104917,46,M,Married,1,1,Secondary,11.9,24.3,31.9,155.6,77.2,Occasional,Never,2,151.8,6.1,8.5,8,94,16,8.0,synthetic_mining_v1__glencore_sa_mining
104918,42,F,Married,0,0,Secondary,8.4,25.4,25.8,164.7,69.9,Daily,Occasionally,1,267.19,6.56,42.5,7,102,18,30.0,synthetic_mining_v1__glencore_sa_mining
104919,39,M,Married,1,0,Secondary,4.1,6.6,22.5,167.1,62.9,Never,Regularly,1,174.5,7.1,24.3,2,20,16,0.0,synthetic_mining_v1__glencore_sa_mining
104920,41,M,Single,0,0,Primary,3.5,42.2,32.1,173.4,96.5,Former,Occasionally,3,186.91,6.38,29.1,6,43,10,0.0,synthetic_mining_v1__glencore_sa_mining
104921,40,M,Divorced,5,2,Diploma,13.6,2.4,18.9,154.1,44.8,Former,Never,0,255.17,6.8,53.9,13,119,27,0.0,synthetic_mining_v1__glencore_sa_mining
104922,35,M,Married,3,2,Tertiary,9.2,17.3,23.1,166.2,63.8,Daily,Never,1,225.91,4.62,11.1,10,132,27,17.0,synthetic_mining_v1__glencore_sa_mining
104923,34,M,Single,2,2,Primary,14.9,8.3,28.3,166.4,78.3,Daily,Occasionally,3,201.65,6.91,13.2,2,180,23,0.0,synthetic_mining_v1__glencore_sa_mining
104924,38,M,Single,1,1,Secondary,1.8,19.9,24.3,170.3,70.6,Daily,Regularly,2,178.91,6.21,19.3,5,44,20,5.0,synthetic_mining_v1__glencore_sa_mining
104925,29,M,Single,1,0,Secondary,1.1,8.9,24.6,172.8,73.4,Never,Never,4,269.57,7.48,18.8,7,42,28,2.0,synthetic_mining_v1__glencore_sa_mining
104926,27,M,Married,1,1,Secondary,4.7,18.1,34.2,166.7,95.2,Former,Occasionally,0,173.04,4.6,10.3,5,332,18,8.0,synthetic_mining_v1__glencore_sa_mining
104927,50,F,Married,1,0,Tertiary,8.1,16.2,32.8,157.2,80.9,Former,Never,3,160.82,4.89,38.2,2,197,31,11.0,synthetic_mining_v1__glencore_sa_mining
104928,36,M,Single,4,0,Secondary,8.8,20.7,30.8,150.3,69.5,Daily,Occasionally,2,206.14,5.99,1.9,5,41,11,4.0,synthetic_mining_v1__glencore_sa_mining
104929,38,F,Married,0,0,Secondary,6.5,10.4,26.5,161.7,69.4,Former,Never,1,204.61,7.9,20.2,5,35,18,1.0,synthetic_mining_v1__glencore_sa_mining
104930,37,M,Married,0,0,Secondary,13.5,11.6,21.6,171.8,63.7,Former,Occasionally,2,231.44,6.86,53.2,4,126,22,2.0,synthetic_mining_v1__glencore_sa_mining
104931,38,M,Married,1,1,Tertiary,11.9,16.3,27.5,167.7,77.3,Never,Regularly,3,205.28,5.21,21.9,10,62,26,4.0,synthetic_mining_v1__glencore_sa_mining
104932,38,M,Married,0,0,Secondary,4.3,8.2,23.9,162.8,63.4,Occasional,Occasionally,1,189.04,8.81,4.6,3,102,9,1.0,synthetic_mining_v1__glencore_sa_mining
104933,39,M,Single,0,0,Primary,8.3,11.3,28.6,171.9,84.6,Former,Occasionally,0,207.97,4.68,19.0,12,56,23,2.0,synthetic_mining_v1__glencore_sa_mining
104934,31,M,Single,2,1,Secondary,9.2,15.4,29.7,169.4,85.2,Occasional,Occasionally,3,217.48,7.55,25.9,6,107,16,5.0,synthetic_mining_v1__glencore_sa_mining
104935,46,M,Married,0,0,Primary,11.1,11.1,22.6,175.5,69.7,Occasional,Occasionally,0,222.27,6.19,13.8,7,91,20,3.0,synthetic_mining_v1__glencore_sa_mining
104936,32,M,Single,2,0,Primary,3.5,13.2,24.3,165.5,66.7,Occasional,Occasionally,0,258.29,5.73,30.1,3,129,24,7.0,synthetic_mining_v1__glencore_sa_mining
104937,47,M,Married,3,1,Primary,5.0,7.9,32.7,161.5,85.3,Former,Occasionally,4,218.77,6.39,30.2,6,70,25,8.0,synthetic_mining_v1__glencore_sa_mining
104938,21,F,Married,3,2,Secondary,0.9,24.3,26.5,159.4,67.4,Daily,Regularly,2,210.53,7.26,18.0,6,123,19,8.0,synthetic_mining_v1__glencore_sa_mining
104939,28,M,Single,2,0,Diploma,2.4,4.6,27.1,177.7,85.6,Never,Regularly,1,270.06,5.42,36.3,13,91,27,7.0,synthetic_mining_v1__glencore_sa_mining
104940,47,M,Married,3,1,Primary,5.4,20.7,33.1,167.6,93.0,Never,Never,2,219.8,5.51,15.2,11,190,25,0.0,synthetic_mining_v1__glencore_sa_mining
104941,37,M,Married,1,1,Secondary,5.0,28.0,25.4,171.5,74.7,Never,Regularly,2,141.38,4.21,31.8,5,92,26,6.0,synthetic_mining_v1__glencore_sa_mining
104942,32,M,Married,1,1,Diploma,5.2,23.4,27.3,165.8,74.9,Occasional,Occasionally,2,198.32,7.26,2.6,7,82,18,2.0,synthetic_mining_v1__glencore_sa_mining
104943,41,M,Married,1,1,Secondary,19.6,8.5,24.2,168.1,68.4,Never,Never,2,238.66,6.18,11.9,5,112,26,0.0,synthetic_mining_v1__glencore_sa_mining
104944,29,F,Married,2,2,Secondary,6.7,1.5,21.7,167.2,60.6,Former,Occasionally,2,227.08,7.47,33.6,5,69,26,1.0,synthetic_mining_v1__glencore_sa_mining
104945,39,M,Married,1,0,Secondary,6.8,31.3,33.9,181.8,111.9,Never,Regularly,2,199.66,6.15,55.4,13,58,19,4.0,synthetic_mining_v1__glencore_sa_mining
104946,19,M,Married,4,1,Secondary,6.0,7.5,25.9,166.8,72.0,Former,Occasionally,3,282.84,6.97,26.1,9,91,27,2.0,synthetic_mining_v1__glencore_sa_mining
104947,34,M,Married,2,1,Secondary,2.2,9.2,27.1,160.1,69.5,Daily,Occasionally,1,211.54,6.74,8.0,8,207,30,20.0,synthetic_mining_v1__glencore_sa_mining
104948,32,M,Single,2,0,Secondary,10.5,6.7,28.1,172.7,83.7,Never,Regularly,1,204.46,6.88,14.6,7,154,12,2.0,synthetic_mining_v1__glencore_sa_mining
104949,43,M,Married,0,0,Secondary,1.7,6.8,28.6,170.6,83.4,Former,Heavy,2,164.22,5.0,15.3,10,55,27,15.0,synthetic_mining_v1__glencore_sa_mining
104950,46,F,Single,0,0,Diploma,5.5,12.9,39.3,149.0,87.2,Occasional,Never,3,287.29,6.92,22.3,8,46,21,0.0,synthetic_mining_v1__glencore_sa_mining
104951,30,M,Married,1,1,Secondary,8.6,17.7,29.9,179.0,95.7,Daily,Regularly,4,188.63,5.44,9.0,5,70,19,6.0,synthetic_mining_v1__glencore_sa_mining
104952,52,M,Married,1,1,Secondary,8.1,39.8,25.8,157.4,63.9,Former,Heavy,4,174.62,6.7,3.2,14,146,12,6.0,synthetic_mining_v1__glencore_sa_mining
104953,33,M,Divorced,0,0,Secondary,5.2,2.3,18.5,171.9,54.7,Occasional,Regularly,4,153.08,6.22,41.7,6,39,30,1.0,synthetic_mining_v1__glencore_sa_mining
104954,19,M,Married,4,1,Primary,28.4,17.4,26.2,168.5,74.5,Occasional,Occasionally,1,106.45,7.95,12.8,13,6,14,1.0,synthetic_mining_v1__glencore_sa_mining
104955,19,M,Married,2,2,Secondary,8.4,23.3,20.9,168.4,59.4,Never,Regularly,1,161.39,6.37,37.5,4,261,24,0.0,synthetic_mining_v1__glencore_sa_mining
104956,52,M,Divorced,2,2,Secondary,2.3,18.5,31.7,175.0,97.2,Daily,Never,2,247.93,7.76,38.1,12,35,30,31.0,synthetic_mining_v1__glencore_sa_mining
104957,37,M,Widowed,1,1,Diploma,2.4,14.0,27.1,165.5,74.4,Never,Occasionally,0,248.04,5.8,11.8,3,65,20,4.0,synthetic_mining_v1__glencore_sa_mining
104958,32,F,Married,2,1,Diploma,3.6,11.1,31.8,159.6,81.1,Former,Occasionally,2,161.41,8.88,14.9,6,76,25,0.0,synthetic_mining_v1__glencore_sa_mining
104959,31,M,Married,2,0,Secondary,0.9,6.1,28.6,171.8,84.4,Former,Occasionally,1,197.68,6.46,2.1,8,119,17,0.0,synthetic_mining_v1__glencore_sa_mining
104960,28,M,Single,0,0,Primary,12.2,11.5,27.5,177.0,86.3,Daily,Occasionally,0,196.6,7.94,6.8,10,7,15,2.0,synthetic_mining_v1__glencore_sa_mining
104961,50,M,Married,1,0,Primary,2.4,17.2,25.0,174.7,76.4,Daily,Never,0,218.34,7.71,12.4,7,185,14,16.0,synthetic_mining_v1__glencore_sa_mining
104962,37,M,Married,1,1,Diploma,1.1,20.8,27.9,166.3,77.3,Occasional,Occasionally,0,259.07,5.05,52.8,5,115,22,66.0,synthetic_mining_v1__glencore_sa_mining
104963,54,F,Divorced,2,2,Diploma,5.5,14.6,22.1,161.0,57.2,Occasional,Occasionally,2,242.09,6.95,7.3,7,104,23,6.0,synthetic_mining_v1__glencore_sa_mining
104964,36,F,Single,0,0,Primary,3.6,20.0,27.4,167.9,77.3,Former,Regularly,4,252.36,5.7,7.7,10,107,22,0.0,synthetic_mining_v1__glencore_sa_mining
104965,19,M,Single,3,0,Secondary,5.6,11.7,33.5,187.8,118.1,Former,Occasionally,3,176.5,6.84,14.3,8,1,21,4.0,synthetic_mining_v1__glencore_sa_mining
104966,46,F,Married,3,0,Diploma,1.7,14.8,18.1,153.6,42.7,Never,Occasionally,1,257.28,5.84,2.0,9,103,31,1.0,synthetic_mining_v1__glencore_sa_mining
104967,35,F,Married,0,0,Secondary,15.2,20.8,27.4,151.6,62.9,Never,Occasionally,2,199.87,6.88,29.2,5,85,12,1.0,synthetic_mining_v1__glencore_sa_mining
104968,36,M,Married,2,2,Secondary,4.6,7.1,24.1,171.0,70.5,Daily,Regularly,3,144.89,6.98,9.2,7,156,23,2.0,synthetic_mining_v1__glencore_sa_mining
104969,52,M,Married,2,2,Secondary,6.5,2.3,25.2,164.6,68.2,Daily,Occasionally,2,254.99,6.4,6.8,11,302,27,0.0,synthetic_mining_v1__glencore_sa_mining
104970,36,M,Single,0,0,Secondary,3.0,37.7,29.2,164.7,79.2,Never,Regularly,3,220.11,7.11,42.3,5,103,24,10.0,synthetic_mining_v1__glencore_sa_mining
104971,48,M,Married,2,0,Primary,2.2,12.2,29.2,177.0,91.6,Never,Occasionally,2,213.17,5.07,18.5,12,91,24,0.0,synthetic_mining_v1__glencore_sa_mining
104972,38,M,Married,1,1,Diploma,1.5,11.7,29.7,166.2,82.1,Never,Never,3,223.76,6.2,7.6,10,185,26,0.0,synthetic_mining_v1__glencore_sa_mining
104973,31,M,Single,3,0,Secondary,8.9,18.3,33.2,170.6,96.7,Never,Occasionally,2,180.38,6.79,15.0,6,123,24,0.0,synthetic_mining_v1__glencore_sa_mining
104974,43,M,Married,1,1,Secondary,7.6,14.5,25.6,180.3,83.3,Never,Occasionally,3,317.6,7.05,21.7,6,23,19,4.0,synthetic_mining_v1__glencore_sa_mining
104975,33,M,Married,3,2,Secondary,12.0,11.1,27.4,170.1,79.3,Daily,Occasionally,3,263.54,6.24,2.2,10,50,20,5.0,synthetic_mining_v1__glencore_sa_mining
104976,49,F,Married,1,1,Secondary,5.8,29.4,25.4,158.7,63.8,Daily,Occasionally,2,259.7,5.64,4.1,3,130,19,23.0,synthetic_mining_v1__glencore_sa_mining
104977,47,M,Married,2,0,Tertiary,27.9,8.4,24.1,160.0,61.8,Former,Regularly,0,204.14,7.06,39.0,2,273,25,4.0,synthetic_mining_v1__glencore_sa_mining
104978,39,M,Single,4,3,Secondary,6.3,23.5,24.6,174.9,75.3,Never,Occasionally,1,242.08,4.67,3.0,9,71,15,4.0,synthetic_mining_v1__glencore_sa_mining
104979,43,M,Single,1,1,Secondary,3.2,12.0,25.8,184.4,87.7,Never,Never,0,239.12,6.69,2.6,6,31,17,0.0,synthetic_mining_v1__glencore_sa_mining
104980,43,M,Divorced,1,1,Secondary,7.1,41.6,34.5,170.4,100.3,Daily,Never,3,230.13,6.47,4.7,13,236,28,55.0,synthetic_mining_v1__glencore_sa_mining
104981,36,M,Married,0,0,Secondary,12.7,12.6,27.8,162.7,73.5,Never,Occasionally,0,196.49,7.6,41.1,7,131,29,9.0,synthetic_mining_v1__glencore_sa_mining
104982,46,M,Married,3,2,Secondary,6.5,5.8,22.2,180.1,71.9,Occasional,Occasionally,0,277.45,5.58,8.5,6,152,15,0.0,synthetic_mining_v1__glencore_sa_mining
104983,36,M,Single,5,0,Primary,17.0,3.7,23.8,173.2,71.3,Daily,Occasionally,0,236.36,7.56,8.5,8,24,17,8.0,synthetic_mining_v1__glencore_sa_mining
104984,44,M,Married,1,1,Diploma,7.4,25.5,36.8,167.3,103.1,Daily,Heavy,2,244.49,6.72,19.5,7,145,26,67.0,synthetic_mining_v1__glencore_sa_mining
104985,29,M,Married,3,1,Secondary,1.3,14.8,24.9,176.2,77.4,Daily,Regularly,3,185.67,6.72,18.1,4,91,21,11.0,synthetic_mining_v1__glencore_sa_mining
104986,39,M,Married,1,1,Primary,9.6,7.1,31.6,185.0,108.2,Daily,Regularly,1,273.77,6.77,28.8,10,29,16,81.0,synthetic_mining_v1__glencore_sa_mining
104987,42,M,Married,1,0,Secondary,9.4,15.5,34.1,163.5,91.1,Daily,Regularly,3,230.0,8.08,25.2,1,54,19,0.0,synthetic_mining_v1__glencore_sa_mining
104988,31,F,Single,2,1,Secondary,5.9,10.1,33.8,164.8,91.9,Never,Occasionally,1,233.0,6.05,15.8,5,75,20,4.0,synthetic_mining_v1__glencore_sa_mining
104989,34,M,Single,2,2,Secondary,2.6,15.3,24.2,158.5,60.9,Never,Regularly,2,105.69,8.09,17.8,2,185,18,0.0,synthetic_mining_v1__glencore_sa_mining
104990,33,M,Divorced,2,1,Diploma,15.9,10.1,28.7,173.2,86.0,Former,Regularly,2,181.41,6.92,6.7,8,230,23,2.0,synthetic_mining_v1__glencore_sa_mining
104991,45,M,Single,4,1,Secondary,10.9,12.4,33.5,172.7,99.9,Never,Regularly,2,191.28,6.85,11.0,4,48,15,7.0,synthetic_mining_v1__glencore_sa_mining
104992,32,M,Married,1,1,Primary,9.4,24.8,16.5,150.5,37.4,Never,Regularly,2,249.11,6.74,4.2,6,161,23,1.0,synthetic_mining_v1__glencore_sa_mining
104993,42,M,Married,0,0,Secondary,7.0,8.6,23.0,160.6,59.5,Daily,Regularly,3,337.45,8.08,13.4,11,27,20,14.0,synthetic_mining_v1__glencore_sa_mining
104994,52,M,Single,4,2,Secondary,15.4,12.3,24.6,167.2,68.8,Never,Regularly,2,135.06,6.58,22.7,9,48,13,2.0,synthetic_mining_v1__glencore_sa_mining
104995,41,M,Married,0,0,Secondary,2.8,16.3,24.5,154.1,58.3,Never,Never,2,224.22,5.77,6.4,10,173,23,1.0,synthetic_mining_v1__glencore_sa_mining
104996,24,M,Married,3,0,Secondary,7.8,11.8,31.1,175.5,95.7,Daily,Never,2,216.24,5.66,15.7,8,218,16,0.0,synthetic_mining_v1__glencore_sa_mining
104997,39,M,Divorced,2,1,Secondary,3.4,4.2,25.6,170.6,74.4,Never,Never,4,212.3,6.92,8.2,8,115,19,1.0,synthetic_mining_v1__glencore_sa_mining
104998,47,M,Married,1,0,Secondary,2.5,28.1,25.5,164.7,69.3,Occasional,Regularly,1,261.26,6.66,13.3,10,139,15,35.0,synthetic_mining_v1__glencore_sa_mining
104999,35,M,Married,2,2,Tertiary,6.7,12.3,21.6,159.0,54.7,Never,Regularly,1,197.5,5.65,20.4,8,94,12,2.0,synthetic_mining_v1__glencore_sa_mining
105000,48,F,Married,1,0,Primary,6.8,6.2,25.7,163.0,68.2,Never,Occasionally,3,242.61,6.7,37.6,5,47,23,0.0,synthetic_mining_v1__glencore_sa_mining
105001,44,M,Married,4,0,Diploma,7.2,11.0,33.2,165.9,91.3,Former,Never,1,286.77,4.47,16.6,4,37,25,19.0,synthetic_mining_v1__glencore_sa_mining
105002,42,M,Single,1,1,Secondary,13.3,13.9,22.5,171.7,66.3,Never,Never,1,284.24,5.5,0.5,8,45,21,0.0,synthetic_mining_v1__glencore_sa_mining
105003,36,M,Single,1,1,Diploma,7.7,23.1,31.2,164.0,84.0,Never,Never,5,178.75,7.12,5.1,4,23,14,1.0,synthetic_mining_v1__glencore_sa_mining
105004,33,F,Married,3,0,Diploma,4.7,9.8,34.8,156.9,85.6,Daily,Regularly,4,315.44,6.0,11.5,7,110,28,27.0,synthetic_mining_v1__glencore_sa_mining
105005,36,M,Married,1,1,Secondary,14.9,13.9,34.9,171.8,103.1,Never,Occasionally,0,255.54,6.78,44.5,3,141,24,0.0,synthetic_mining_v1__glencore_sa_mining
105006,39,M,Single,1,1,Secondary,1.9,3.0,31.3,158.6,78.7,Never,Regularly,5,265.69,4.61,6.1,8,30,19,0.0,synthetic_mining_v1__glencore_sa_mining
105007,43,M,Married,0,0,Primary,17.2,5.7,30.5,168.1,86.1,Daily,Never,1,254.69,4.8,4.8,4,290,27,0.0,synthetic_mining_v1__glencore_sa_mining
105008,42,M,Married,1,0,Diploma,8.8,42.8,20.8,171.2,61.0,Never,Never,4,197.69,5.55,28.5,8,125,25,2.0,synthetic_mining_v1__glencore_sa_mining
105009,35,M,Widowed,3,1,Secondary,5.7,3.2,32.8,174.9,100.3,Never,Never,0,225.93,6.25,18.8,5,365,17,10.0,synthetic_mining_v1__glencore_sa_mining
105010,39,M,Divorced,3,0,Diploma,3.4,17.0,23.0,172.3,68.2,Former,Never,5,220.46,4.72,5.5,6,43,24,0.0,synthetic_mining_v1__glencore_sa_mining
105011,42,F,Single,2,2,Secondary,8.1,9.0,33.1,156.1,80.6,Former,Occasionally,2,251.52,5.66,12.7,8,161,23,9.0,synthetic_mining_v1__glencore_sa_mining
105012,23,M,Married,2,1,Diploma,12.7,12.4,30.4,162.2,80.0,Never,Never,3,167.08,6.46,16.7,11,208,22,1.0,synthetic_mining_v1__glencore_sa_mining
105013,31,M,Married,2,1,Secondary,3.5,20.2,22.8,173.9,68.9,Occasional,Regularly,4,255.45,6.0,3.6,10,151,24,0.0,synthetic_mining_v1__glencore_sa_mining
105014,31,F,Single,2,1,Secondary,4.8,13.0,27.2,154.3,64.8,Never,Occasionally,3,153.25,7.0,89.5,7,365,32,3.0,synthetic_mining_v1__glencore_sa_mining
105015,36,M,Married,0,0,Primary,4.8,5.8,20.2,174.5,61.6,Never,Never,5,184.02,8.44,24.5,5,33,22,0.0,synthetic_mining_v1__glencore_sa_mining
105016,36,M,Married,0,0,Secondary,13.1,7.2,34.2,172.0,101.1,Occasional,Occasionally,3,175.55,7.11,13.7,8,76,23,0.0,synthetic_mining_v1__glencore_sa_mining
105017,36,M,Married,0,0,Tertiary,2.8,6.5,26.7,165.2,72.8,Former,Never,0,244.2,5.0,38.2,5,41,15,1.0,synthetic_mining_v1__glencore_sa_mining
105018,30,M,Divorced,1,1,Diploma,10.5,40.8,28.9,173.0,86.6,Never,Never,0,220.28,5.06,30.5,7,82,26,4.0,synthetic_mining_v1__glencore_sa_mining
105019,44,M,Married,3,0,Secondary,10.0,5.7,28.9,170.4,83.9,Former,Occasionally,4,293.17,6.59,77.2,6,104,28,9.0,synthetic_mining_v1__glencore_sa_mining
105020,41,M,Single,3,2,Secondary,9.3,20.3,33.1,174.6,101.1,Never,Occasionally,3,240.12,5.63,49.5,5,20,27,3.0,synthetic_mining_v1__glencore_sa_mining
105021,23,F,Married,2,1,Primary,27.4,13.8,31.5,160.0,80.6,Former,Never,1,153.33,7.56,19.0,6,58,26,1.0,synthetic_mining_v1__glencore_sa_mining
105022,38,M,Divorced,1,1,Secondary,4.3,64.7,22.5,173.5,67.8,Daily,Heavy,5,186.27,6.36,31.4,6,180,21,35.0,synthetic_mining_v1__glencore_sa_mining
105023,28,F,Single,0,0,Secondary,12.2,7.1,19.9,160.5,51.2,Never,Never,4,245.7,6.84,38.3,5,14,26,1.0,synthetic_mining_v1__glencore_sa_mining
105024,53,M,Divorced,1,0,Secondary,0.4,11.3,21.8,164.7,59.0,Daily,Occasionally,1,231.7,6.11,31.1,5,45,30,20.0,synthetic_mining_v1__glencore_sa_mining
105025,34,M,Single,3,1,Secondary,8.3,7.8,37.1,174.4,112.7,Daily,Never,2,275.82,7.4,22.7,6,90,22,28.0,synthetic_mining_v1__glencore_sa_mining
105026,35,M,Married,3,1,Diploma,2.4,15.0,29.0,167.9,81.9,Never,Heavy,3,240.33,6.33,4.5,10,96,16,2.0,synthetic_mining_v1__glencore_sa_mining
105027,39,M,Married,0,0,Tertiary,3.1,8.8,30.0,162.9,79.5,Daily,Occasionally,4,258.19,6.28,19.9,4,126,23,8.0,synthetic_mining_v1__glencore_sa_mining
105028,36,M,Divorced,2,0,Diploma,12.8,15.1,23.9,171.5,70.3,Daily,Heavy,2,143.45,5.75,7.6,9,261,22,7.0,synthetic_mining_v1__glencore_sa_mining
105029,38,F,Widowed,5,0,Diploma,1.3,17.4,30.0,162.2,78.9,Former,Never,2,268.94,5.03,4.7,5,93,24,13.0,synthetic_mining_v1__glencore_sa_mining
105030,52,M,Single,3,1,Diploma,3.0,11.0,31.0,179.0,99.2,Never,Occasionally,4,287.64,6.1,6.1,6,62,20,0.0,synthetic_mining_v1__glencore_sa_mining
105031,40,M,Married,2,2,Secondary,12.1,8.7,28.7,166.2,79.1,Never,Occasionally,6,153.24,5.35,10.7,8,68,20,0.0,synthetic_mining_v1__glencore_sa_mining
105032,46,M,Divorced,4,2,Primary,12.7,3.3,23.6,173.2,70.7,Former,Occasionally,1,112.54,5.45,9.7,3,110,20,1.0,synthetic_mining_v1__glencore_sa_mining
105033,48,M,Married,3,1,Secondary,1.5,19.7,27.2,167.9,76.6,Daily,Never,3,221.89,6.01,16.7,10,140,21,21.0,synthetic_mining_v1__glencore_sa_mining
105034,29,M,Single,0,0,Secondary,5.4,9.0,31.6,176.0,97.9,Never,Regularly,3,180.83,6.74,58.5,5,163,24,2.0,synthetic_mining_v1__glencore_sa_mining
105035,53,M,Married,4,1,Primary,18.7,12.2,22.5,166.9,62.8,Daily,Regularly,2,259.77,6.59,11.9,3,56,27,10.0,synthetic_mining_v1__glencore_sa_mining
105036,44,M,Single,2,2,Primary,3.4,28.4,21.2,173.5,63.9,Never,Never,4,164.04,6.5,7.4,4,104,12,0.0,synthetic_mining_v1__glencore_sa_mining
105037,47,M,Single,0,0,Secondary,18.4,41.9,30.1,172.0,89.0,Former,Occasionally,2,216.4,6.88,9.2,9,6,17,4.0,synthetic_mining_v1__glencore_sa_mining
105038,30,M,Divorced,1,1,Primary,10.5,33.8,30.2,169.4,86.6,Daily,Occasionally,2,317.75,8.45,35.0,4,82,30,34.0,synthetic_mining_v1__glencore_sa_mining
105039,46,M,Married,1,1,Secondary,6.7,37.3,26.6,167.7,74.9,Never,Occasionally,1,170.38,7.83,35.2,7,40,21,5.0,synthetic_mining_v1__glencore_sa_mining
105040,42,F,Married,0,0,Tertiary,14.7,11.2,24.9,161.3,64.7,Never,Regularly,3,259.77,6.52,12.0,8,197,18,3.0,synthetic_mining_v1__glencore_sa_mining
105041,33,M,Single,1,1,Secondary,6.5,2.4,27.1,165.3,74.1,Former,Regularly,2,138.82,8.78,16.2,8,86,20,3.0,synthetic_mining_v1__glencore_sa_mining
105042,59,F,Married,5,0,Primary,5.6,2.1,23.4,157.7,58.2,Never,Heavy,4,148.09,5.73,32.2,8,56,24,0.0,synthetic_mining_v1__glencore_sa_mining
105043,43,M,Married,2,2,Secondary,4.1,9.8,26.8,166.0,73.8,Occasional,Occasionally,0,261.16,6.68,9.7,7,107,19,15.0,synthetic_mining_v1__glencore_sa_mining
105044,36,M,Married,0,0,Primary,6.9,19.1,22.9,172.9,68.4,Daily,Occasionally,1,223.02,5.52,16.6,5,11,20,0.0,synthetic_mining_v1__glencore_sa_mining
105045,40,M,Married,3,2,Primary,5.9,38.6,22.4,185.7,77.4,Never,Occasionally,4,80.0,7.34,3.6,8,98,10,0.0,synthetic_mining_v1__glencore_sa_mining
105046,46,F,Single,5,1,Primary,4.1,25.5,28.9,158.8,72.8,Former,Regularly,1,126.63,5.79,20.4,7,55,24,7.0,synthetic_mining_v1__glencore_sa_mining
105047,48,M,Divorced,2,1,Tertiary,4.9,6.6,29.0,169.0,82.8,Former,Occasionally,3,194.2,6.39,16.4,5,104,23,11.0,synthetic_mining_v1__glencore_sa_mining
105048,43,M,Married,1,1,Secondary,4.5,7.8,23.7,177.3,74.4,Daily,Never,3,209.09,8.28,1.9,6,164,19,6.0,synthetic_mining_v1__glencore_sa_mining
105049,49,M,Married,1,1,Secondary,4.9,8.1,32.6,179.5,105.1,Never,Occasionally,4,286.08,5.54,14.2,7,90,19,6.0,synthetic_mining_v1__glencore_sa_mining
105050,51,M,Married,0,0,Diploma,16.2,10.9,25.4,168.9,72.5,Never,Occasionally,4,228.05,7.85,22.7,8,50,14,1.0,synthetic_mining_v1__glencore_sa_mining
105051,27,M,Single,2,0,Primary,11.7,7.8,34.7,168.4,98.5,Never,Never,4,176.81,5.49,9.6,3,19,25,1.0,synthetic_mining_v1__glencore_sa_mining
105052,34,M,Married,2,1,Secondary,18.0,8.6,26.7,164.9,72.5,Occasional,Occasionally,1,180.63,8.87,90.0,2,120,27,2.0,synthetic_mining_v1__glencore_sa_mining
105053,30,M,Divorced,1,0,Secondary,12.8,17.1,27.6,170.9,80.6,Former,Occasionally,4,223.94,5.65,41.1,8,94,37,4.0,synthetic_mining_v1__glencore_sa_mining
105054,39,F,Divorced,1,1,Tertiary,4.9,6.5,26.9,156.5,65.8,Former,Occasionally,3,185.01,5.75,6.0,6,363,27,2.0,synthetic_mining_v1__glencore_sa_mining
105055,51,M,Single,1,1,Secondary,1.6,11.6,20.1,170.4,58.3,Former,Regularly,1,175.09,5.17,23.8,7,52,30,5.0,synthetic_mining_v1__glencore_sa_mining
105056,44,M,Married,1,1,Primary,11.0,1.4,37.8,165.0,102.9,Daily,Occasionally,0,189.03,6.59,8.6,7,86,23,0.0,synthetic_mining_v1__glencore_sa_mining
105057,29,M,Married,1,1,Secondary,0.4,6.9,32.7,162.4,86.2,Never,Never,3,233.9,5.27,26.9,10,32,18,2.0,synthetic_mining_v1__glencore_sa_mining
105058,36,F,Married,1,0,Secondary,8.3,10.2,26.8,160.1,68.7,Occasional,Regularly,4,284.73,6.24,22.9,1,142,25,0.0,synthetic_mining_v1__glencore_sa_mining
105059,47,M,Married,6,0,Secondary,6.4,1.7,24.9,166.9,69.3,Daily,Regularly,3,288.46,5.8,13.0,7,223,28,19.0,synthetic_mining_v1__glencore_sa_mining
105060,33,M,Divorced,5,1,Secondary,7.2,3.9,21.8,169.5,62.8,Former,Regularly,0,274.93,6.72,26.2,7,238,27,0.0,synthetic_mining_v1__glencore_sa_mining
105061,37,M,Married,1,1,Secondary,3.6,3.6,28.7,169.2,82.3,Daily,Occasionally,1,236.34,6.27,23.1,6,155,22,21.0,synthetic_mining_v1__glencore_sa_mining
105062,41,F,Married,1,0,Tertiary,15.1,51.2,32.1,156.6,78.8,Former,Never,3,239.56,7.9,4.8,6,25,14,3.0,synthetic_mining_v1__glencore_sa_mining
105063,22,M,Single,0,0,Tertiary,8.2,11.6,25.7,161.9,67.4,Former,Never,1,242.59,6.83,1.0,7,65,17,1.0,synthetic_mining_v1__glencore_sa_mining
105064,45,M,Married,0,0,Diploma,9.5,30.7,29.5,165.7,80.9,Never,Heavy,1,208.6,7.05,16.6,9,64,13,8.0,synthetic_mining_v1__glencore_sa_mining
105065,41,M,Single,2,0,Diploma,7.1,51.2,28.7,181.7,94.6,Former,Never,0,198.58,5.7,6.0,3,72,22,1.0,synthetic_mining_v1__glencore_sa_mining
105066,43,M,Married,1,1,Secondary,3.6,8.1,31.9,162.2,84.0,Daily,Never,0,219.58,6.47,18.0,4,66,13,0.0,synthetic_mining_v1__glencore_sa_mining
105067,29,F,Married,1,1,Tertiary,3.5,7.1,28.2,165.7,77.3,Occasional,Regularly,4,235.63,4.73,32.7,5,168,24,6.0,synthetic_mining_v1__glencore_sa_mining
105068,31,M,Married,3,1,Primary,14.6,10.8,26.3,168.5,74.7,Former,Heavy,1,175.64,5.48,46.6,4,154,35,24.0,synthetic_mining_v1__glencore_sa_mining
105069,33,M,Single,1,1,Secondary,7.0,8.0,32.0,167.5,89.6,Daily,Never,2,230.77,4.41,14.4,10,75,28,5.0,synthetic_mining_v1__glencore_sa_mining
105070,40,M,Married,3,1,Secondary,13.2,19.3,32.2,155.8,78.2,Former,Regularly,2,198.22,5.83,4.3,10,158,26,4.0,synthetic_mining_v1__glencore_sa_mining
105071,39,M,Married,5,0,Primary,4.0,7.2,27.6,160.0,70.7,Occasional,Occasionally,3,192.86,7.11,7.8,4,147,33,18.0,synthetic_mining_v1__glencore_sa_mining
105072,39,F,Married,4,0,Diploma,1.2,21.0,38.5,159.3,97.8,Never,Regularly,4,219.96,6.8,20.9,7,97,23,7.0,synthetic_mining_v1__glencore_sa_mining
105073,54,F,Single,0,0,Secondary,3.7,4.6,26.7,164.9,72.6,Daily,Occasionally,0,213.76,6.2,7.3,5,127,19,7.0,synthetic_mining_v1__glencore_sa_mining
105074,50,M,Married,3,0,Secondary,2.7,9.5,30.7,188.4,109.1,Never,Regularly,0,320.1,5.52,41.9,9,41,25,74.0,synthetic_mining_v1__glencore_sa_mining
105075,32,M,Single,1,1,Secondary,1.7,14.9,25.5,167.6,71.7,Never,Never,1,182.28,5.95,59.9,5,159,18,0.0,synthetic_mining_v1__glencore_sa_mining
105076,32,M,Divorced,0,0,Secondary,5.0,2.6,20.4,164.2,55.1,Never,Occasionally,2,218.58,6.92,27.9,9,38,24,0.0,synthetic_mining_v1__glencore_sa_mining
105077,54,M,Single,2,2,Secondary,2.1,11.6,18.4,181.4,60.5,Never,Never,1,213.43,7.11,1.6,5,141,17,0.0,synthetic_mining_v1__glencore_sa_mining
105078,35,M,Single,1,1,Tertiary,1.4,10.7,29.7,165.0,80.9,Former,Heavy,2,270.01,7.11,42.7,5,86,19,0.0,synthetic_mining_v1__glencore_sa_mining
105079,51,M,Divorced,0,0,Secondary,5.2,53.0,24.7,171.0,72.3,Never,Occasionally,3,195.17,5.47,15.1,8,109,32,4.0,synthetic_mining_v1__glencore_sa_mining
105080,53,M,Married,4,0,Diploma,14.4,24.1,25.4,160.5,65.4,Never,Regularly,0,228.4,6.54,10.7,7,43,11,0.0,synthetic_mining_v1__glencore_sa_mining
105081,33,M,Married,4,1,Secondary,19.4,2.0,22.9,158.5,57.6,Daily,Occasionally,2,287.83,3.94,11.1,4,26,25,4.0,synthetic_mining_v1__glencore_sa_mining
105082,36,M,Single,1,1,Secondary,21.2,19.3,24.2,168.9,69.1,Former,Regularly,1,164.0,7.09,46.2,8,41,24,2.0,synthetic_mining_v1__glencore_sa_mining
105083,39,M,Single,1,0,Primary,13.6,50.7,25.8,170.3,74.7,Never,Never,3,207.72,7.17,15.3,8,257,25,4.0,synthetic_mining_v1__glencore_sa_mining
105084,30,M,Married,1,0,Primary,12.8,7.3,29.3,183.3,98.5,Never,Heavy,1,215.29,7.16,9.2,7,150,19,2.0,synthetic_mining_v1__glencore_sa_mining
105085,29,M,Single,5,0,Secondary,2.6,24.7,20.2,179.4,65.1,Never,Never,0,251.4,5.72,7.3,11,28,28,0.0,synthetic_mining_v1__glencore_sa_mining
105086,35,M,Single,3,1,Secondary,8.1,11.3,37.1,170.6,108.1,Never,Occasionally,3,213.04,7.06,15.1,10,192,22,6.0,synthetic_mining_v1__glencore_sa_mining
105087,46,M,Married,1,0,Secondary,1.5,3.3,23.7,165.7,65.1,Daily,Regularly,3,251.95,4.82,4.0,9,35,19,5.0,synthetic_mining_v1__glencore_sa_mining
105088,34,M,Married,1,1,Secondary,6.5,49.0,18.7,177.1,58.7,Former,Occasionally,2,242.73,4.83,30.3,4,177,28,5.0,synthetic_mining_v1__glencore_sa_mining
105089,36,F,Single,0,0,Secondary,1.5,18.0,24.7,145.0,51.9,Never,Occasionally,5,238.5,5.53,7.1,11,46,13,0.0,synthetic_mining_v1__glencore_sa_mining
105090,34,M,Single,1,0,Diploma,1.5,14.7,35.6,160.5,91.7,Daily,Regularly,0,246.43,6.3,13.6,9,130,21,24.0,synthetic_mining_v1__glencore_sa_mining
105091,26,M,Married,0,0,Secondary,4.7,3.2,26.7,178.3,84.8,Former,Never,2,239.52,5.93,12.2,4,69,20,2.0,synthetic_mining_v1__glencore_sa_mining
105092,52,M,Married,1,1,Secondary,18.8,13.5,31.3,153.5,73.9,Never,Occasionally,1,220.46,3.5,13.9,6,63,23,14.0,synthetic_mining_v1__glencore_sa_mining
105093,19,M,Married,1,0,Secondary,12.8,18.4,27.1,182.3,90.2,Daily,Occasionally,4,214.78,8.14,20.7,5,81,16,2.0,synthetic_mining_v1__glencore_sa_mining
105094,32,M,Married,0,0,Primary,4.6,21.4,25.2,174.1,76.3,Never,Occasionally,2,239.63,6.98,31.8,8,131,28,0.0,synthetic_mining_v1__glencore_sa_mining
105095,43,M,Married,1,1,Secondary,2.8,16.1,19.3,171.2,56.5,Occasional,Never,0,290.27,7.15,11.1,8,282,25,0.0,synthetic_mining_v1__glencore_sa_mining
105096,26,M,Divorced,2,2,Secondary,4.1,12.1,27.2,173.8,82.2,Daily,Never,5,282.32,7.21,4.2,6,158,17,3.0,synthetic_mining_v1__glencore_sa_mining
105097,44,M,Married,1,1,Secondary,16.7,17.9,24.1,167.0,67.3,Never,Heavy,2,176.53,6.61,30.8,4,174,17,3.0,synthetic_mining_v1__glencore_sa_mining
105098,49,M,Married,1,1,Secondary,4.5,4.7,35.0,174.4,106.5,Never,Occasionally,1,154.01,6.74,11.1,10,86,24,3.0,synthetic_mining_v1__glencore_sa_mining
105099,30,F,Married,2,1,Primary,1.2,12.6,26.8,150.5,60.7,Former,Occasionally,2,216.46,5.82,9.8,7,191,11,1.0,synthetic_mining_v1__glencore_sa_mining
105100,40,M,Married,0,0,Secondary,3.6,18.2,31.0,166.8,86.2,Daily,Never,1,189.19,7.04,17.0,8,98,23,16.0,synthetic_mining_v1__glencore_sa_mining
105101,28,M,Married,2,2,Secondary,4.4,6.0,34.4,173.4,103.4,Never,Never,1,215.42,9.66,5.7,5,191,8,1.0,synthetic_mining_v1__glencore_sa_mining
105102,43,M,Single,0,0,Secondary,13.7,9.3,34.7,176.8,108.4,Former,Regularly,1,146.03,4.89,21.3,6,161,26,9.0,synthetic_mining_v1__glencore_sa_mining
105103,39,M,Married,3,2,Secondary,2.3,42.3,24.7,175.4,76.1,Daily,Never,2,240.24,6.63,11.5,4,120,16,6.0,synthetic_mining_v1__glencore_sa_mining
105104,40,M,Single,3,2,Primary,19.6,21.1,24.5,168.8,69.8,Former,Never,4,201.69,7.23,2.4,16,16,19,1.0,synthetic_mining_v1__glencore_sa_mining
105105,50,M,Divorced,2,0,Primary,8.2,11.0,24.0,172.4,71.5,Daily,Regularly,5,257.34,6.97,16.2,7,128,19,10.0,synthetic_mining_v1__glencore_sa_mining
105106,42,M,Married,1,0,Primary,2.6,16.5,29.7,156.9,73.1,Daily,Occasionally,3,291.6,6.18,27.4,7,75,26,23.0,synthetic_mining_v1__glencore_sa_mining
105107,50,M,Married,2,0,Diploma,6.8,24.2,29.8,172.0,88.1,Daily,Never,3,249.55,5.95,8.3,5,106,25,44.0,synthetic_mining_v1__glencore_sa_mining
105108,44,M,Divorced,1,0,Secondary,9.6,9.1,25.7,170.8,74.9,Daily,Never,4,179.14,5.96,1.1,10,107,29,11.0,synthetic_mining_v1__glencore_sa_mining
105109,27,M,Divorced,2,2,Primary,8.9,22.7,22.9,160.3,58.9,Former,Never,3,205.64,7.08,4.0,8,95,12,0.0,synthetic_mining_v1__glencore_sa_mining
105110,41,M,Single,0,0,Secondary,1.2,37.2,27.2,163.9,73.1,Occasional,Regularly,0,264.19,7.66,19.3,5,179,31,17.0,synthetic_mining_v1__glencore_sa_mining
105111,43,F,Divorced,2,2,Primary,2.4,39.3,32.0,161.7,83.6,Never,Occasionally,0,250.48,7.32,26.6,9,193,22,13.0,synthetic_mining_v1__glencore_sa_mining
105112,25,M,Divorced,2,1,Secondary,8.7,11.0,30.5,171.1,89.2,Never,Never,0,193.21,5.18,7.0,9,43,16,2.0,synthetic_mining_v1__glencore_sa_mining
105113,50,M,Single,2,1,Secondary,6.8,23.4,18.5,179.4,59.4,Daily,Regularly,2,183.22,7.03,30.8,9,66,37,4.0,synthetic_mining_v1__glencore_sa_mining
105114,39,F,Married,1,1,Diploma,7.3,13.1,32.0,152.9,74.9,Never,Regularly,0,222.69,6.54,32.0,7,71,24,0.0,synthetic_mining_v1__glencore_sa_mining
105115,41,M,Married,0,0,Tertiary,12.3,32.2,30.3,158.1,75.7,Never,Never,2,257.02,5.23,34.7,4,273,31,0.0,synthetic_mining_v1__glencore_sa_mining
105116,30,F,Married,0,0,Primary,13.1,16.2,25.5,146.6,54.9,Never,Occasionally,3,284.94,7.79,30.4,9,45,24,1.0,synthetic_mining_v1__glencore_sa_mining
105117,39,M,Married,1,1,Diploma,3.4,23.3,28.7,170.2,83.2,Never,Never,3,259.36,6.6,34.7,4,52,14,2.0,synthetic_mining_v1__glencore_sa_mining
105118,41,M,Married,0,0,Secondary,10.3,12.8,32.4,161.5,84.6,Never,Occasionally,0,278.33,6.16,1.4,4,48,15,0.0,synthetic_mining_v1__glencore_sa_mining
105119,35,M,Married,1,1,Secondary,11.6,19.8,23.5,175.4,72.3,Never,Occasionally,2,210.54,7.18,15.1,8,71,21,1.0,synthetic_mining_v1__glencore_sa_mining
105120,39,M,Married,1,1,Diploma,2.0,7.0,33.2,161.9,87.2,Daily,Heavy,1,227.46,6.35,11.9,10,36,13,120.0,synthetic_mining_v1__glencore_sa_mining
105121,19,F,Married,1,0,Diploma,2.7,44.6,23.9,153.5,56.4,Daily,Occasionally,2,216.95,6.12,82.2,10,58,24,13.0,synthetic_mining_v1__glencore_sa_mining
105122,50,M,Single,2,1,Secondary,0.8,2.1,27.7,170.7,80.7,Former,Never,3,218.27,6.11,13.2,7,77,14,1.0,synthetic_mining_v1__glencore_sa_mining
105123,28,M,Single,2,2,Secondary,7.1,20.3,29.3,157.7,72.8,Daily,Occasionally,4,176.01,7.87,18.4,6,36,21,0.0,synthetic_mining_v1__glencore_sa_mining
105124,19,M,Married,3,2,Secondary,9.9,10.4,26.8,155.7,64.9,Daily,Never,0,168.91,6.45,6.9,4,78,15,4.0,synthetic_mining_v1__glencore_sa_mining
105125,30,M,Married,1,1,Secondary,4.8,2.7,26.9,180.5,87.6,Former,Never,1,258.23,7.46,42.8,7,13,24,5.0,synthetic_mining_v1__glencore_sa_mining
105126,31,M,Married,0,0,Primary,8.6,27.4,24.3,168.9,69.5,Daily,Regularly,2,157.07,6.01,5.7,6,61,13,3.0,synthetic_mining_v1__glencore_sa_mining
105127,43,M,Single,1,1,Tertiary,9.7,9.8,16.0,167.9,45.1,Never,Heavy,2,252.57,7.06,43.9,12,16,33,5.0,synthetic_mining_v1__glencore_sa_mining
105128,30,F,Single,1,1,Secondary,9.6,3.4,20.4,158.9,51.4,Daily,Never,0,221.46,8.21,11.3,10,101,24,2.0,synthetic_mining_v1__glencore_sa_mining
105129,41,M,Married,0,0,Secondary,3.1,2.8,24.7,173.4,74.2,Occasional,Regularly,1,186.15,7.07,13.1,7,45,17,9.0,synthetic_mining_v1__glencore_sa_mining
105130,30,M,Married,2,1,Secondary,1.7,18.8,25.8,180.1,83.8,Never,Occasionally,2,203.46,8.27,16.9,8,143,25,1.0,synthetic_mining_v1__glencore_sa_mining
105131,58,M,Married,2,2,Diploma,10.8,3.9,26.0,166.4,72.1,Former,Never,4,199.43,5.8,12.9,11,82,22,2.0,synthetic_mining_v1__glencore_sa_mining
105132,43,M,Divorced,1,1,Diploma,5.8,29.6,18.3,158.5,46.1,Former,Occasionally,1,237.41,7.28,85.4,8,48,30,3.0,synthetic_mining_v1__glencore_sa_mining
105133,56,M,Married,2,1,Secondary,3.8,5.6,33.7,160.2,86.4,Daily,Occasionally,3,156.52,6.46,2.7,6,196,15,12.0,synthetic_mining_v1__glencore_sa_mining
105134,29,M,Single,1,0,Secondary,18.3,16.6,24.9,169.9,72.0,Never,Heavy,1,251.75,5.61,7.6,9,77,19,0.0,synthetic_mining_v1__glencore_sa_mining
105135,44,F,Single,5,2,Primary,6.1,7.9,19.7,156.0,47.8,Occasional,Regularly,3,203.59,6.62,4.3,5,42,14,2.0,synthetic_mining_v1__glencore_sa_mining
105136,30,M,Married,1,0,Diploma,11.5,20.1,28.4,171.5,83.7,Never,Never,0,255.17,3.86,9.7,9,114,29,7.0,synthetic_mining_v1__glencore_sa_mining
105137,43,M,Married,4,1,Secondary,14.3,17.7,29.2,176.6,91.2,Never,Regularly,3,189.22,4.77,14.9,10,90,23,0.0,synthetic_mining_v1__glencore_sa_mining
105138,44,M,Single,0,0,Primary,3.4,9.9,30.0,156.9,74.0,Former,Occasionally,1,207.31,6.76,9.7,6,107,23,3.0,synthetic_mining_v1__glencore_sa_mining
105139,24,M,Married,0,0,Secondary,7.3,8.6,25.5,172.7,76.1,Daily,Never,2,223.9,8.8,17.0,6,15,15,1.0,synthetic_mining_v1__glencore_sa_mining
105140,28,M,Single,1,1,Secondary,9.6,13.9,35.8,171.9,105.6,Daily,Occasionally,0,235.61,5.3,20.3,3,266,23,16.0,synthetic_mining_v1__glencore_sa_mining
105141,28,M,Single,1,0,Secondary,3.5,12.8,28.5,168.3,80.9,Former,Regularly,2,259.89,7.11,5.6,6,41,20,3.0,synthetic_mining_v1__glencore_sa_mining
105142,25,M,Married,2,0,Secondary,8.6,7.0,37.7,175.1,115.5,Daily,Occasionally,1,197.4,6.95,8.2,9,76,21,7.0,synthetic_mining_v1__glencore_sa_mining
105143,32,F,Married,1,1,Secondary,0.8,5.9,24.2,155.1,58.3,Daily,Never,3,180.68,7.55,8.3,6,22,20,0.0,synthetic_mining_v1__glencore_sa_mining
105144,30,M,Married,1,0,Secondary,5.0,6.8,23.6,176.5,73.5,Never,Occasionally,6,252.15,6.57,23.4,8,176,27,1.0,synthetic_mining_v1__glencore_sa_mining
105145,25,M,Married,2,2,Primary,2.5,11.9,33.0,162.4,87.2,Daily,Never,2,140.42,7.52,41.7,3,81,20,0.0,synthetic_mining_v1__glencore_sa_mining
105146,39,F,Single,2,0,Secondary,4.0,11.2,26.2,145.0,55.0,Daily,Occasionally,3,218.33,7.9,27.7,5,132,26,0.0,synthetic_mining_v1__glencore_sa_mining
105147,43,M,Single,3,0,Secondary,2.8,11.5,35.4,155.1,85.1,Never,Regularly,2,241.46,5.73,16.4,11,193,34,22.0,synthetic_mining_v1__glencore_sa_mining
105148,26,M,Single,2,0,Primary,8.9,41.3,26.3,163.5,70.2,Never,Occasionally,5,173.02,7.56,7.0,7,95,18,0.0,synthetic_mining_v1__glencore_sa_mining
105149,33,F,Single,0,0,Diploma,12.9,11.1,19.1,160.5,49.4,Daily,Never,1,311.85,7.08,44.7,4,35,25,8.0,synthetic_mining_v1__glencore_sa_mining
105150,38,M,Married,0,0,Primary,0.4,20.7,18.9,170.1,54.8,Daily,Never,1,294.24,8.81,26.2,5,115,14,7.0,synthetic_mining_v1__glencore_sa_mining
105151,36,M,Married,0,0,Diploma,17.3,3.6,34.1,185.6,117.3,Former,Never,3,210.23,6.37,11.2,9,32,17,2.0,synthetic_mining_v1__glencore_sa_mining
105152,32,F,Married,1,0,Secondary,4.8,7.6,25.7,158.1,64.2,Never,Occasionally,3,148.83,5.23,5.3,7,164,23,0.0,synthetic_mining_v1__glencore_sa_mining
105153,45,F,Single,5,0,Secondary,1.9,10.8,33.5,159.1,84.8,Never,Regularly,2,298.42,7.64,8.9,4,85,26,28.0,synthetic_mining_v1__glencore_sa_mining
105154,46,M,Single,1,1,Tertiary,1.8,1.6,22.4,178.1,71.0,Former,Never,2,183.5,7.1,13.0,7,70,15,1.0,synthetic_mining_v1__glencore_sa_mining
105155,44,M,Married,2,2,Secondary,13.8,10.5,28.9,167.2,80.7,Daily,Occasionally,2,221.72,6.29,5.3,4,83,16,5.0,synthetic_mining_v1__glencore_sa_mining
105156,36,M,Single,4,3,Tertiary,1.6,11.8,33.6,171.7,99.0,Daily,Regularly,5,236.98,7.96,39.1,7,107,24,20.0,synthetic_mining_v1__glencore_sa_mining
105157,56,M,Married,0,0,Secondary,8.1,41.7,29.0,178.3,92.2,Never,Regularly,4,172.88,7.64,19.2,11,152,22,3.0,synthetic_mining_v1__glencore_sa_mining
105158,54,M,Single,0,0,Secondary,7.1,50.2,23.9,184.7,81.4,Never,Regularly,3,201.83,6.52,1.5,2,186,8,2.0,synthetic_mining_v1__glencore_sa_mining
105159,34,M,Divorced,2,0,Tertiary,7.0,10.2,23.0,166.9,64.1,Occasional,Occasionally,3,213.32,5.83,5.8,7,138,26,1.0,synthetic_mining_v1__glencore_sa_mining
105160,37,M,Divorced,0,0,Diploma,5.4,21.5,30.8,167.1,86.1,Never,Never,2,224.55,6.32,6.5,6,137,13,0.0,synthetic_mining_v1__glencore_sa_mining
105161,49,M,Single,1,1,Secondary,9.0,6.7,22.2,167.5,62.4,Daily,Never,0,180.9,7.2,14.8,2,31,15,5.0,synthetic_mining_v1__glencore_sa_mining
105162,31,M,Divorced,2,1,Diploma,4.1,40.3,33.3,177.4,104.8,Never,Heavy,1,278.32,6.88,8.6,8,92,28,24.0,synthetic_mining_v1__glencore_sa_mining
105163,42,M,Married,3,1,Secondary,1.9,37.7,35.2,168.5,99.8,Never,Regularly,5,228.86,6.97,42.8,6,171,27,15.0,synthetic_mining_v1__glencore_sa_mining
105164,39,F,Married,3,2,Primary,3.4,13.4,28.9,154.4,68.8,Former,Never,1,301.6,4.74,3.7,6,36,28,6.0,synthetic_mining_v1__glencore_sa_mining
105165,32,M,Married,1,1,Primary,5.6,23.7,22.8,159.3,57.9,Former,Regularly,3,183.46,5.01,5.7,7,181,25,3.0,synthetic_mining_v1__glencore_sa_mining
105166,36,M,Married,2,1,Tertiary,6.0,13.3,24.8,167.0,69.0,Never,Occasionally,0,160.54,6.65,10.6,12,158,17,3.0,synthetic_mining_v1__glencore_sa_mining
105167,24,M,Married,3,1,Diploma,25.9,14.9,31.9,169.9,92.1,Daily,Regularly,1,218.21,5.28,19.7,4,50,20,9.0,synthetic_mining_v1__glencore_sa_mining
105168,33,M,Married,5,0,Primary,19.6,10.3,24.7,172.9,73.9,Never,Regularly,1,257.01,6.0,20.2,6,27,26,2.0,synthetic_mining_v1__glencore_sa_mining
105169,20,M,Married,2,1,Diploma,7.4,31.7,20.7,170.9,60.5,Occasional,Occasionally,2,220.26,7.07,21.0,3,33,21,2.0,synthetic_mining_v1__glencore_sa_mining
105170,59,F,Single,0,0,Secondary,8.1,23.0,23.0,154.1,54.5,Former,Heavy,1,227.01,3.82,17.6,9,120,29,68.0,synthetic_mining_v1__glencore_sa_mining
105171,52,M,Married,0,0,Secondary,7.5,1.3,30.9,170.9,90.2,Never,Never,2,192.4,7.75,56.3,5,122,35,5.0,synthetic_mining_v1__glencore_sa_mining
105172,49,M,Married,3,2,Diploma,5.7,3.8,27.4,170.7,79.9,Never,Heavy,2,193.43,4.07,18.4,6,89,22,7.0,synthetic_mining_v1__glencore_sa_mining
105173,41,F,Married,0,0,Diploma,7.5,5.3,23.9,158.6,60.1,Never,Regularly,1,289.3,5.19,29.5,5,181,34,4.0,synthetic_mining_v1__glencore_sa_mining
105174,47,F,Married,2,1,Secondary,18.3,34.8,26.4,149.1,58.8,Occasional,Occasionally,5,252.86,6.79,2.6,11,28,17,6.0,synthetic_mining_v1__glencore_sa_mining
105175,50,M,Married,0,0,Secondary,13.1,9.4,37.7,157.5,93.4,Daily,Occasionally,3,159.14,8.03,12.7,10,76,17,46.0,synthetic_mining_v1__glencore_sa_mining
105176,47,M,Married,1,1,Diploma,11.7,27.8,32.2,152.9,75.4,Daily,Occasionally,3,222.18,6.11,15.4,4,145,25,23.0,synthetic_mining_v1__glencore_sa_mining
105177,46,F,Married,2,2,Secondary,6.2,65.4,26.5,168.1,75.0,Never,Occasionally,1,174.37,5.7,16.9,8,65,22,5.0,synthetic_mining_v1__glencore_sa_mining
105178,30,M,Married,4,1,Diploma,6.8,5.8,29.6,163.5,79.1,Occasional,Never,1,194.36,6.69,77.8,5,83,26,4.0,synthetic_mining_v1__glencore_sa_mining
105179,42,M,Single,2,2,Diploma,10.4,1.9,27.1,164.6,73.3,Daily,Never,2,200.23,6.21,10.4,4,267,16,1.0,synthetic_mining_v1__glencore_sa_mining
105180,33,F,Single,2,1,Secondary,6.6,61.0,26.8,165.9,73.7,Occasional,Heavy,3,175.48,5.27,60.4,7,226,29,0.0,synthetic_mining_v1__glencore_sa_mining
105181,27,M,Married,3,3,Primary,9.2,24.5,31.9,164.3,86.0,Never,Regularly,4,195.11,7.17,12.4,5,39,15,2.0,synthetic_mining_v1__glencore_sa_mining
105182,28,M,Single,2,0,Primary,6.3,33.4,31.5,164.6,85.3,Never,Occasionally,3,153.29,9.09,18.0,8,58,13,2.0,synthetic_mining_v1__glencore_sa_mining
105183,42,M,Married,1,1,Primary,2.4,19.9,30.4,169.6,87.3,Daily,Never,4,301.82,8.99,19.4,9,97,23,73.0,synthetic_mining_v1__glencore_sa_mining
105184,48,M,Married,1,1,Tertiary,9.1,75.2,35.6,172.8,106.2,Former,Never,6,170.34,6.7,10.2,5,32,22,8.0,synthetic_mining_v1__glencore_sa_mining
105185,26,M,Married,2,1,Secondary,7.8,19.8,35.8,169.7,103.0,Never,Never,1,225.89,5.02,61.2,5,241,19,3.0,synthetic_mining_v1__glencore_sa_mining
105186,54,F,Single,0,0,Diploma,2.7,4.9,29.7,172.5,88.5,Never,Occasionally,2,225.44,6.12,33.1,7,146,31,7.0,synthetic_mining_v1__glencore_sa_mining
105187,51,M,Married,2,2,Secondary,3.4,9.7,33.3,175.4,102.4,Daily,Regularly,3,184.3,6.35,12.1,12,59,19,32.0,synthetic_mining_v1__glencore_sa_mining
105188,35,M,Single,1,0,Secondary,1.5,41.7,24.3,173.3,72.9,Daily,Occasionally,1,195.15,7.17,10.5,8,50,25,0.0,synthetic_mining_v1__glencore_sa_mining
105189,34,F,Married,1,1,Diploma,8.4,9.1,24.5,153.3,57.7,Daily,Never,2,207.06,5.5,21.0,10,172,31,11.0,synthetic_mining_v1__glencore_sa_mining
105190,37,F,Divorced,1,1,Secondary,17.1,19.7,24.1,155.7,58.4,Never,Never,4,267.32,7.14,42.3,9,27,25,2.0,synthetic_mining_v1__glencore_sa_mining
105191,47,M,Single,1,1,Secondary,7.5,9.0,26.8,172.6,79.8,Occasional,Never,2,142.15,6.97,51.5,9,223,29,3.0,synthetic_mining_v1__glencore_sa_mining
105192,35,M,Single,3,0,Diploma,10.2,5.3,28.7,161.8,75.1,Daily,Regularly,3,206.64,6.3,11.7,3,6,24,5.0,synthetic_mining_v1__glencore_sa_mining
105193,28,F,Married,1,1,Diploma,20.0,13.9,25.3,166.7,70.2,Daily,Heavy,4,204.95,7.43,17.2,8,72,20,4.0,synthetic_mining_v1__glencore_sa_mining
105194,41,M,Widowed,0,0,Diploma,7.7,9.1,27.6,166.5,76.5,Daily,Heavy,3,199.2,6.33,29.6,9,85,24,30.0,synthetic_mining_v1__glencore_sa_mining
105195,19,M,Single,3,0,Primary,11.0,5.4,29.1,168.5,82.5,Daily,Occasionally,2,245.37,5.88,12.9,4,112,23,3.0,synthetic_mining_v1__glencore_sa_mining
105196,39,M,Single,0,0,Secondary,1.5,5.4,34.5,176.4,107.5,Former,Regularly,1,279.16,5.74,41.8,2,109,29,72.0,synthetic_mining_v1__glencore_sa_mining
105197,48,M,Married,1,1,Secondary,10.1,4.2,23.7,166.9,66.0,Never,Never,0,261.48,7.13,7.3,2,107,15,1.0,synthetic_mining_v1__glencore_sa_mining
105198,41,M,Married,2,2,Secondary,2.0,8.7,27.6,175.9,85.3,Daily,Occasionally,2,234.91,6.68,14.9,5,134,23,6.0,synthetic_mining_v1__glencore_sa_mining
105199,45,M,Single,2,0,Secondary,8.3,3.0,28.3,167.9,79.9,Never,Occasionally,4,167.46,6.68,30.9,6,104,24,0.0,synthetic_mining_v1__glencore_sa_mining
105200,42,M,Married,1,0,Primary,11.4,15.0,28.9,173.3,86.7,Occasional,Heavy,5,297.18,5.86,30.7,8,43,24,35.0,synthetic_mining_v1__glencore_sa_mining
105201,45,M,Single,2,0,Secondary,4.8,7.5,30.4,163.0,80.9,Never,Occasionally,3,126.21,6.18,10.7,10,94,24,2.0,synthetic_mining_v1__glencore_sa_mining
105202,39,M,Single,2,0,Tertiary,3.5,8.4,22.1,161.9,58.0,Daily,Occasionally,1,192.43,5.33,25.8,6,184,26,17.0,synthetic_mining_v1__glencore_sa_mining
105203,31,M,Married,1,1,Secondary,9.1,19.9,30.0,168.5,85.1,Never,Occasionally,0,260.05,4.47,0.9,5,48,20,0.0,synthetic_mining_v1__glencore_sa_mining
105204,36,M,Divorced,1,0,Secondary,8.4,7.4,21.4,166.0,58.9,Daily,Occasionally,0,230.9,5.51,42.6,7,139,24,8.0,synthetic_mining_v1__glencore_sa_mining
105205,37,M,Single,2,1,Secondary,11.6,8.5,31.3,166.6,86.8,Never,Regularly,2,249.09,5.52,11.3,7,20,20,2.0,synthetic_mining_v1__glencore_sa_mining
105206,49,M,Single,1,1,Secondary,1.0,25.0,29.0,164.0,77.9,Never,Occasionally,2,247.6,7.63,28.2,2,55,19,2.0,synthetic_mining_v1__glencore_sa_mining
105207,53,M,Single,2,1,Secondary,2.2,11.0,25.3,165.6,69.5,Never,Heavy,3,226.09,6.5,4.0,8,140,30,5.0,synthetic_mining_v1__glencore_sa_mining
105208,42,M,Single,2,0,Diploma,7.4,7.7,31.8,174.7,97.0,Daily,Occasionally,3,169.92,5.53,9.7,9,37,16,5.0,synthetic_mining_v1__glencore_sa_mining
105209,31,M,Single,1,0,Primary,3.1,15.1,32.4,165.7,88.9,Daily,Regularly,1,294.03,6.14,22.3,5,283,31,34.0,synthetic_mining_v1__glencore_sa_mining
105210,31,M,Married,1,1,Secondary,6.9,10.2,26.9,170.6,78.3,Former,Occasionally,2,177.54,6.47,25.9,11,80,24,2.0,synthetic_mining_v1__glencore_sa_mining
105211,36,M,Single,0,0,Diploma,0.7,20.5,26.9,181.9,89.1,Daily,Occasionally,4,210.6,7.16,22.6,4,55,11,1.0,synthetic_mining_v1__glencore_sa_mining
105212,50,F,Married,0,0,Secondary,2.5,23.2,22.5,162.3,59.1,Never,Regularly,1,244.19,5.95,30.9,9,98,21,2.0,synthetic_mining_v1__glencore_sa_mining
105213,41,M,Single,0,0,Secondary,6.4,16.9,26.0,177.8,82.2,Former,Never,6,238.59,5.7,30.3,8,40,22,0.0,synthetic_mining_v1__glencore_sa_mining
105214,38,F,Divorced,4,0,Secondary,2.9,26.4,28.7,160.4,73.9,Daily,Occasionally,3,191.09,5.88,22.6,5,88,23,0.0,synthetic_mining_v1__glencore_sa_mining
105215,31,M,Married,2,1,Diploma,8.3,5.7,29.8,163.4,79.6,Never,Never,4,195.63,4.88,20.8,7,28,24,1.0,synthetic_mining_v1__glencore_sa_mining
105216,46,M,Married,2,2,Secondary,2.5,27.6,22.7,161.4,59.2,Never,Occasionally,4,235.19,6.9,23.4,1,140,15,4.0,synthetic_mining_v1__glencore_sa_mining
105217,41,M,Single,0,0,Secondary,4.4,4.3,35.6,165.7,97.8,Occasional,Regularly,3,204.05,7.62,25.3,9,44,21,9.0,synthetic_mining_v1__glencore_sa_mining
105218,38,F,Married,4,0,Secondary,5.7,7.1,26.9,161.1,69.9,Former,Never,6,223.0,4.58,17.6,7,150,24,2.0,synthetic_mining_v1__glencore_sa_mining
105219,39,F,Married,3,0,Secondary,17.0,25.9,20.2,163.3,54.0,Occasional,Regularly,1,253.05,5.78,6.9,3,77,25,3.0,synthetic_mining_v1__glencore_sa_mining
105220,53,M,Married,2,2,Secondary,3.9,10.7,20.8,172.0,61.7,Occasional,Never,2,204.76,6.77,32.6,6,267,29,7.0,synthetic_mining_v1__glencore_sa_mining
105221,37,M,Divorced,2,1,Primary,15.8,13.7,31.1,162.6,82.1,Former,Regularly,1,246.14,6.43,60.2,9,138,24,32.0,synthetic_mining_v1__glencore_sa_mining
105222,53,M,Married,3,1,Secondary,4.7,11.4,30.7,172.6,91.6,Never,Never,1,245.44,6.57,32.6,5,151,28,19.0,synthetic_mining_v1__glencore_sa_mining
105223,49,M,Single,0,0,Diploma,3.7,23.6,36.2,180.4,117.9,Former,Never,0,230.34,4.89,21.2,4,138,26,6.0,synthetic_mining_v1__glencore_sa_mining
105224,38,M,Married,2,2,Primary,8.8,16.1,35.2,166.6,97.7,Daily,Never,1,234.25,4.19,24.9,6,103,29,46.0,synthetic_mining_v1__glencore_sa_mining
105225,46,M,Married,2,2,Secondary,12.3,45.4,33.2,170.1,96.1,Never,Never,2,258.53,5.22,2.6,8,49,20,0.0,synthetic_mining_v1__glencore_sa_mining
105226,37,M,Single,1,1,Tertiary,4.6,9.0,24.6,164.1,66.1,Never,Occasionally,3,225.25,6.15,42.0,8,56,30,12.0,synthetic_mining_v1__glencore_sa_mining
105227,31,M,Married,1,1,Secondary,3.8,54.8,28.4,158.2,71.1,Daily,Regularly,2,232.38,6.18,16.8,2,112,21,0.0,synthetic_mining_v1__glencore_sa_mining
105228,36,M,Married,1,0,Diploma,6.9,7.0,44.5,152.6,103.8,Daily,Occasionally,2,187.84,7.47,5.3,5,66,12,29.0,synthetic_mining_v1__glencore_sa_mining
105229,30,M,Single,2,2,Primary,11.2,5.3,31.3,173.0,93.5,Daily,Never,4,251.8,8.71,20.0,4,120,16,0.0,synthetic_mining_v1__glencore_sa_mining
105230,43,M,Single,0,0,Secondary,0.6,28.2,21.9,172.0,64.9,Former,Regularly,0,225.34,6.86,24.0,16,115,28,12.0,synthetic_mining_v1__glencore_sa_mining
105231,38,M,Married,3,2,Diploma,11.9,11.8,31.8,165.3,86.9,Former,Never,2,171.59,8.6,0.6,5,171,26,3.0,synthetic_mining_v1__glencore_sa_mining
105232,43,M,Divorced,2,0,Secondary,3.8,14.9,30.9,163.6,82.7,Daily,Regularly,3,245.53,5.98,13.6,6,28,21,11.0,synthetic_mining_v1__glencore_sa_mining
105233,45,F,Single,1,0,Secondary,9.2,10.6,31.4,152.4,73.0,Daily,Occasionally,0,241.2,5.22,40.0,6,51,24,40.0,synthetic_mining_v1__glencore_sa_mining
105234,19,M,Married,1,1,Primary,10.0,12.2,16.0,177.6,50.5,Daily,Regularly,2,156.65,4.1,23.4,2,136,24,2.0,synthetic_mining_v1__glencore_sa_mining
105235,41,M,Married,1,1,Primary,7.0,10.3,19.1,192.1,70.6,Daily,Never,2,188.98,6.73,11.2,7,100,26,5.0,synthetic_mining_v1__glencore_sa_mining
105236,22,M,Married,0,0,Primary,14.6,17.5,32.2,171.9,95.2,Former,Never,4,204.04,7.53,22.8,10,166,28,1.0,synthetic_mining_v1__glencore_sa_mining
105237,39,M,Single,2,0,Secondary,14.0,11.5,24.5,168.9,69.8,Never,Occasionally,4,176.29,8.17,8.0,7,18,13,1.0,synthetic_mining_v1__glencore_sa_mining
105238,30,M,Married,1,1,Secondary,9.6,13.7,37.6,178.1,119.2,Occasional,Never,2,229.88,8.14,14.4,2,102,21,3.0,synthetic_mining_v1__glencore_sa_mining
105239,39,M,Married,1,1,Secondary,6.8,5.8,30.2,180.1,98.1,Never,Occasionally,0,239.37,7.16,17.1,8,81,22,0.0,synthetic_mining_v1__glencore_sa_mining
105240,50,M,Single,1,1,Primary,22.0,27.5,25.2,160.0,64.5,Daily,Never,2,229.94,5.88,6.9,5,39,19,6.0,synthetic_mining_v1__glencore_sa_mining
105241,23,M,Married,4,1,Primary,7.7,24.0,31.5,163.6,84.3,Occasional,Heavy,3,246.96,4.5,5.4,2,188,26,12.0,synthetic_mining_v1__glencore_sa_mining
105242,40,M,Married,1,1,Primary,10.5,15.8,27.0,178.4,85.9,Former,Never,1,303.68,5.28,19.5,9,96,28,7.0,synthetic_mining_v1__glencore_sa_mining
105243,37,M,Single,3,3,Secondary,19.5,13.0,21.8,159.2,55.3,Never,Never,1,294.74,6.03,18.9,7,190,27,0.0,synthetic_mining_v1__glencore_sa_mining
105244,21,M,Married,1,0,Tertiary,11.1,7.9,29.6,172.0,87.6,Never,Regularly,3,185.18,6.01,8.3,9,104,20,1.0,synthetic_mining_v1__glencore_sa_mining
105245,44,F,Married,2,1,Diploma,4.4,12.9,29.4,170.0,85.0,Former,Occasionally,2,153.99,8.16,31.8,10,108,26,0.0,synthetic_mining_v1__glencore_sa_mining
105246,38,M,Married,2,1,Diploma,7.6,23.0,26.6,160.5,68.5,Never,Never,0,144.61,7.99,16.2,5,94,14,2.0,synthetic_mining_v1__glencore_sa_mining
105247,33,M,Single,2,2,Secondary,1.9,17.4,25.2,177.4,79.2,Never,Occasionally,1,211.01,5.97,5.0,6,65,20,1.0,synthetic_mining_v1__glencore_sa_mining
105248,32,M,Married,3,0,Secondary,8.7,3.0,37.7,170.7,109.7,Former,Heavy,1,245.49,7.86,2.1,7,209,25,44.0,synthetic_mining_v1__glencore_sa_mining
105249,62,M,Married,1,1,Secondary,19.7,39.3,28.5,169.5,81.9,Never,Regularly,3,252.11,7.32,9.7,6,150,19,22.0,synthetic_mining_v1__glencore_sa_mining
105250,34,M,Married,3,0,Secondary,2.4,15.2,29.9,176.7,93.3,Former,Occasionally,0,188.33,7.44,15.6,9,249,27,3.0,synthetic_mining_v1__glencore_sa_mining
105251,22,M,Single,1,1,Secondary,5.7,22.7,26.7,162.8,70.7,Never,Occasionally,2,228.24,8.28,2.0,8,64,14,0.0,synthetic_mining_v1__glencore_sa_mining
105252,30,M,Married,4,3,Secondary,3.0,4.6,28.8,174.8,88.2,Never,Never,2,225.14,5.64,19.3,2,146,16,3.0,synthetic_mining_v1__glencore_sa_mining
105253,35,M,Married,0,0,Secondary,3.1,40.4,38.9,163.0,103.4,Never,Occasionally,0,175.08,7.41,0.4,5,70,18,3.0,synthetic_mining_v1__glencore_sa_mining
105254,35,M,Married,2,1,Primary,9.7,56.4,30.6,159.7,78.1,Former,Never,3,165.46,5.53,41.1,11,38,20,0.0,synthetic_mining_v1__glencore_sa_mining
105255,37,F,Married,2,0,Diploma,6.4,2.9,30.4,156.7,74.6,Never,Occasionally,5,170.61,6.66,2.4,14,161,25,1.0,synthetic_mining_v1__glencore_sa_mining
105256,29,M,Single,2,1,Secondary,2.4,0.5,26.3,179.5,84.8,Former,Never,1,142.72,6.38,52.7,9,107,24,6.0,synthetic_mining_v1__glencore_sa_mining
105257,43,F,Married,1,0,Tertiary,21.9,6.1,27.1,156.9,66.6,Daily,Never,5,253.57,7.55,23.4,3,96,25,0.0,synthetic_mining_v1__glencore_sa_mining
105258,34,M,Single,2,0,Secondary,5.3,33.0,34.0,166.5,94.3,Never,Never,2,274.25,6.3,1.9,5,62,18,0.0,synthetic_mining_v1__glencore_sa_mining
105259,26,F,Married,0,0,Secondary,3.6,12.5,19.6,169.0,56.0,Never,Never,0,190.48,7.62,15.7,11,181,26,2.0,synthetic_mining_v1__glencore_sa_mining
105260,31,M,Single,1,1,Primary,14.0,14.0,20.9,163.8,56.2,Former,Never,4,206.15,6.34,11.0,8,141,23,0.0,synthetic_mining_v1__glencore_sa_mining
105261,35,M,Single,0,0,Tertiary,0.5,24.1,26.0,171.7,76.6,Never,Occasionally,1,232.53,7.71,11.6,9,119,22,0.0,synthetic_mining_v1__glencore_sa_mining
105262,46,F,Single,2,2,Secondary,1.7,38.4,24.9,170.9,72.8,Never,Occasionally,1,137.01,6.47,4.1,8,81,16,2.0,synthetic_mining_v1__glencore_sa_mining
105263,42,M,Single,2,1,Diploma,7.7,5.6,21.3,161.4,55.6,Daily,Never,1,154.39,5.42,29.8,8,192,27,4.0,synthetic_mining_v1__glencore_sa_mining
105264,35,M,Married,0,0,Secondary,5.3,4.2,30.2,172.0,89.4,Former,Occasionally,4,191.45,5.33,42.7,9,61,23,1.0,synthetic_mining_v1__glencore_sa_mining
105265,38,M,Divorced,1,0,Diploma,3.9,21.6,16.0,174.0,48.5,Daily,Occasionally,3,144.2,4.99,16.1,11,257,26,3.0,synthetic_mining_v1__glencore_sa_mining
105266,40,M,Divorced,0,0,Secondary,17.4,1.7,26.9,177.9,85.1,Daily,Never,2,237.18,6.84,25.4,5,113,24,3.0,synthetic_mining_v1__glencore_sa_mining
105267,56,M,Married,5,1,Tertiary,1.6,28.4,29.9,172.9,89.3,Never,Occasionally,2,150.02,4.78,22.6,5,72,20,6.0,synthetic_mining_v1__glencore_sa_mining
105268,32,M,Married,0,0,Diploma,16.7,9.0,26.8,171.2,78.6,Occasional,Regularly,6,241.84,5.56,10.0,8,163,26,5.0,synthetic_mining_v1__glencore_sa_mining
105269,42,F,Divorced,1,1,Tertiary,9.3,0.7,24.1,153.0,56.5,Occasional,Never,3,172.43,7.87,18.7,8,139,20,1.0,synthetic_mining_v1__glencore_sa_mining
105270,45,M,Single,2,2,Secondary,17.1,34.3,29.0,166.1,79.8,Never,Regularly,0,163.61,7.24,17.9,9,62,27,6.0,synthetic_mining_v1__glencore_sa_mining
105271,29,M,Married,4,1,Secondary,1.2,7.3,40.4,167.5,113.3,Daily,Occasionally,2,258.91,5.36,20.6,4,98,23,73.0,synthetic_mining_v1__glencore_sa_mining
105272,40,M,Married,1,0,Primary,2.5,19.7,26.2,170.7,76.2,Daily,Regularly,2,225.18,5.46,40.4,6,123,22,28.0,synthetic_mining_v1__glencore_sa_mining
105273,39,M,Divorced,1,0,Primary,3.3,24.9,28.8,149.4,64.3,Daily,Regularly,1,199.57,4.54,16.1,3,179,17,0.0,synthetic_mining_v1__glencore_sa_mining
105274,34,M,Married,0,0,Tertiary,1.7,15.3,25.9,171.1,75.8,Never,Regularly,1,246.68,6.86,19.9,7,104,13,0.0,synthetic_mining_v1__glencore_sa_mining
105275,43,F,Single,1,1,Diploma,4.2,17.3,31.0,157.2,76.7,Daily,Never,4,232.39,6.22,6.5,7,36,19,13.0,synthetic_mining_v1__glencore_sa_mining
105276,47,M,Married,2,1,Primary,2.9,21.9,25.1,181.0,82.3,Occasional,Regularly,2,234.11,7.58,67.4,6,102,20,11.0,synthetic_mining_v1__glencore_sa_mining
105277,48,M,Single,1,0,Diploma,13.4,2.5,30.4,162.3,80.2,Never,Occasionally,0,206.47,5.67,2.8,7,74,18,4.0,synthetic_mining_v1__glencore_sa_mining
105278,36,M,Married,2,2,Secondary,7.7,35.3,19.3,164.8,52.4,Occasional,Regularly,1,185.32,6.74,1.7,8,54,18,0.0,synthetic_mining_v1__glencore_sa_mining
105279,40,M,Married,5,1,Secondary,8.7,5.1,18.2,163.0,48.5,Former,Regularly,1,229.95,8.92,34.4,13,301,30,9.0,synthetic_mining_v1__glencore_sa_mining
105280,59,M,Married,3,1,Secondary,5.4,9.9,30.2,173.0,90.3,Occasional,Regularly,1,203.74,7.41,46.1,9,109,38,120.0,synthetic_mining_v1__glencore_sa_mining
105281,28,M,Single,0,0,Secondary,11.3,5.7,28.6,180.4,92.9,Daily,Occasionally,0,134.99,7.78,46.2,8,91,26,12.0,synthetic_mining_v1__glencore_sa_mining
105282,40,M,Divorced,0,0,Secondary,2.9,11.3,24.7,167.4,69.2,Former,Regularly,2,197.47,6.73,20.8,5,28,22,2.0,synthetic_mining_v1__glencore_sa_mining
105283,46,M,Divorced,2,2,Secondary,10.9,8.7,22.1,165.0,60.3,Never,Never,4,132.43,5.96,5.9,6,98,19,0.0,synthetic_mining_v1__glencore_sa_mining
105284,39,M,Divorced,2,2,Primary,2.9,16.6,29.1,170.3,84.5,Daily,Never,5,273.4,7.2,27.0,8,142,23,7.0,synthetic_mining_v1__glencore_sa_mining
105285,44,M,Married,5,3,Diploma,17.3,6.4,23.0,180.8,75.3,Occasional,Occasionally,3,255.53,7.89,10.8,4,128,23,4.0,synthetic_mining_v1__glencore_sa_mining
105286,40,M,Widowed,1,1,Secondary,5.4,42.4,25.1,167.5,70.4,Former,Occasionally,4,191.41,5.45,5.0,6,182,23,3.0,synthetic_mining_v1__glencore_sa_mining
105287,45,F,Single,3,1,Secondary,2.9,1.0,38.8,159.2,98.3,Former,Occasionally,4,229.22,4.34,22.9,9,180,26,13.0,synthetic_mining_v1__glencore_sa_mining
105288,50,M,Single,4,1,Secondary,6.9,15.2,24.4,166.9,68.0,Daily,Regularly,2,244.4,6.08,26.8,7,62,26,15.0,synthetic_mining_v1__glencore_sa_mining
105289,36,M,Married,1,1,Tertiary,9.3,7.3,27.8,174.5,84.5,Daily,Regularly,2,200.89,5.46,42.2,5,26,21,12.0,synthetic_mining_v1__glencore_sa_mining
105290,40,M,Married,5,0,Secondary,4.2,32.9,23.3,186.7,81.1,Never,Occasionally,2,309.05,6.84,22.7,5,82,21,14.0,synthetic_mining_v1__glencore_sa_mining
105291,38,M,Single,2,1,Tertiary,16.7,3.5,23.2,171.8,68.5,Never,Occasionally,0,189.17,7.61,10.0,7,78,22,1.0,synthetic_mining_v1__glencore_sa_mining
105292,34,M,Married,0,0,Secondary,6.0,8.3,33.8,166.2,93.3,Never,Regularly,0,213.24,5.28,35.3,4,106,27,4.0,synthetic_mining_v1__glencore_sa_mining
105293,38,M,Single,1,1,Diploma,2.7,35.0,24.3,167.1,68.0,Never,Regularly,0,286.08,6.84,20.2,10,58,22,12.0,synthetic_mining_v1__glencore_sa_mining
105294,28,M,Single,1,1,Primary,2.9,36.6,29.3,168.0,82.6,Daily,Never,3,199.85,7.83,16.0,10,51,18,12.0,synthetic_mining_v1__glencore_sa_mining
105295,45,M,Widowed,1,0,Secondary,3.6,10.6,34.3,166.6,95.3,Never,Regularly,2,194.02,5.63,11.6,5,34,22,7.0,synthetic_mining_v1__glencore_sa_mining
105296,53,M,Divorced,0,0,Secondary,1.1,29.2,27.7,175.0,84.9,Never,Never,1,208.69,7.75,11.2,8,81,24,3.0,synthetic_mining_v1__glencore_sa_mining
105297,53,M,Single,1,1,Secondary,6.2,10.9,35.4,168.4,100.4,Daily,Occasionally,2,289.79,6.22,2.6,7,83,16,37.0,synthetic_mining_v1__glencore_sa_mining
105298,49,M,Married,3,3,Secondary,16.3,15.4,25.3,169.1,72.4,Never,Occasionally,3,235.73,5.37,8.8,4,14,15,0.0,synthetic_mining_v1__glencore_sa_mining
105299,29,F,Married,3,1,Diploma,3.9,14.2,28.9,168.9,82.4,Daily,Regularly,0,258.7,5.36,3.8,10,280,21,0.0,synthetic_mining_v1__glencore_sa_mining
105300,52,F,Married,3,0,Secondary,5.5,28.9,22.9,170.6,66.6,Occasional,Occasionally,3,133.05,8.52,23.8,9,56,14,0.0,synthetic_mining_v1__glencore_sa_mining
105301,32,M,Married,6,1,Secondary,13.7,7.2,27.4,161.8,71.7,Never,Never,1,202.82,6.82,47.9,4,138,26,5.0,synthetic_mining_v1__glencore_sa_mining
105302,38,M,Married,1,1,Secondary,6.2,10.8,28.1,165.9,77.5,Former,Regularly,3,184.32,6.56,15.3,4,67,15,1.0,synthetic_mining_v1__glencore_sa_mining
105303,55,F,Single,0,0,Tertiary,7.7,3.0,23.2,158.7,58.5,Daily,Regularly,2,191.56,6.83,7.5,11,154,23,10.0,synthetic_mining_v1__glencore_sa_mining
105304,28,F,Divorced,0,0,Tertiary,18.7,16.9,20.9,152.6,48.7,Never,Occasionally,2,150.64,8.86,35.0,3,28,19,0.0,synthetic_mining_v1__glencore_sa_mining
105305,46,M,Married,0,0,Secondary,14.0,44.1,29.5,167.2,82.4,Former,Occasionally,5,192.63,5.92,9.2,9,123,27,2.0,synthetic_mining_v1__glencore_sa_mining
105306,41,M,Married,0,0,Diploma,10.9,18.2,31.2,167.0,87.1,Occasional,Never,1,205.52,6.45,17.6,11,67,16,2.0,synthetic_mining_v1__glencore_sa_mining
105307,37,M,Single,8,1,Secondary,3.9,17.0,29.7,156.1,72.3,Former,Regularly,3,165.71,5.31,11.7,3,45,15,5.0,synthetic_mining_v1__glencore_sa_mining
105308,30,M,Single,0,0,Secondary,2.9,9.5,30.2,167.4,84.6,Occasional,Occasionally,2,274.48,6.44,17.0,6,35,20,3.0,synthetic_mining_v1__glencore_sa_mining
105309,42,M,Married,1,1,Secondary,15.0,14.4,30.1,174.9,92.0,Never,Regularly,1,240.97,6.31,4.3,6,57,11,5.0,synthetic_mining_v1__glencore_sa_mining
105310,34,M,Single,1,1,Primary,6.5,14.9,23.1,169.3,66.3,Daily,Never,2,217.45,6.28,75.3,4,41,22,0.0,synthetic_mining_v1__glencore_sa_mining
105311,47,M,Married,2,1,Secondary,9.4,12.1,22.8,178.4,72.4,Daily,Occasionally,2,248.67,4.67,8.8,10,114,23,0.0,synthetic_mining_v1__glencore_sa_mining
105312,49,M,Single,1,1,Primary,2.5,10.6,30.8,162.8,81.6,Daily,Occasionally,0,182.84,4.82,13.9,4,140,30,17.0,synthetic_mining_v1__glencore_sa_mining
105313,26,M,Married,1,1,Secondary,19.6,17.1,21.7,179.5,69.8,Never,Never,4,170.87,6.88,6.6,9,83,19,0.0,synthetic_mining_v1__glencore_sa_mining
105314,33,M,Single,1,1,Secondary,6.3,21.2,21.3,172.4,63.4,Daily,Never,0,260.55,5.47,35.0,12,54,24,24.0,synthetic_mining_v1__glencore_sa_mining
105315,35,M,Single,1,1,Secondary,26.3,17.2,22.1,178.5,70.4,Occasional,Never,5,222.38,6.09,11.4,8,97,22,0.0,synthetic_mining_v1__glencore_sa_mining
105316,27,M,Married,0,0,Diploma,9.0,3.8,34.7,172.4,102.9,Former,Occasionally,0,302.01,6.36,13.0,7,108,24,0.0,synthetic_mining_v1__glencore_sa_mining
105317,28,M,Divorced,6,2,Secondary,6.6,33.7,29.6,180.8,96.7,Never,Occasionally,2,164.66,6.66,38.9,11,88,21,0.0,synthetic_mining_v1__glencore_sa_mining
105318,39,M,Married,3,1,Secondary,0.6,20.6,32.4,176.1,100.6,Never,Occasionally,3,236.53,6.77,3.6,6,50,18,2.0,synthetic_mining_v1__glencore_sa_mining
105319,36,M,Single,3,3,Secondary,1.2,18.8,21.3,175.1,65.3,Former,Regularly,4,255.52,5.78,6.2,6,103,24,3.0,synthetic_mining_v1__glencore_sa_mining
105320,23,F,Married,0,0,Diploma,1.5,20.3,33.1,158.3,83.0,Daily,Heavy,0,80.0,7.19,26.3,9,150,21,21.0,synthetic_mining_v1__glencore_sa_mining
105321,33,M,Single,2,1,Diploma,19.4,25.8,32.6,166.7,90.6,Never,Occasionally,2,175.37,7.75,22.5,11,34,22,0.0,synthetic_mining_v1__glencore_sa_mining
105322,43,M,Divorced,3,0,Primary,11.2,9.3,27.5,173.6,83.0,Daily,Occasionally,5,191.95,6.49,15.0,6,72,13,2.0,synthetic_mining_v1__glencore_sa_mining
105323,27,M,Married,2,1,Secondary,4.9,6.5,17.7,155.1,42.6,Never,Occasionally,0,180.99,5.99,2.3,9,150,24,1.0,synthetic_mining_v1__glencore_sa_mining
105324,30,M,Married,1,1,Secondary,4.5,18.4,21.3,173.1,63.7,Occasional,Occasionally,4,179.98,6.64,5.9,7,89,16,1.0,synthetic_mining_v1__glencore_sa_mining
105325,52,F,Married,1,1,Diploma,8.5,12.3,34.9,158.6,87.8,Never,Never,0,180.89,7.23,22.3,6,153,25,14.0,synthetic_mining_v1__glencore_sa_mining
105326,50,M,Married,2,1,Primary,7.2,38.3,28.5,177.2,89.4,Never,Occasionally,4,82.15,7.35,10.2,12,60,20,2.0,synthetic_mining_v1__glencore_sa_mining
105327,23,M,Married,0,0,Secondary,4.0,17.7,25.0,167.1,69.8,Occasional,Never,3,256.75,8.22,19.4,7,15,21,1.0,synthetic_mining_v1__glencore_sa_mining
105328,26,M,Married,3,0,Secondary,9.1,14.8,38.4,163.5,102.7,Occasional,Never,5,202.92,5.1,6.7,10,62,24,7.0,synthetic_mining_v1__glencore_sa_mining
105329,41,M,Married,1,1,Secondary,10.0,0.9,29.0,166.2,80.1,Daily,Never,1,220.39,5.28,19.2,4,33,16,0.0,synthetic_mining_v1__glencore_sa_mining
105330,27,M,Married,3,3,Secondary,7.5,8.9,23.2,178.3,73.9,Daily,Regularly,2,192.75,7.22,11.6,6,94,23,2.0,synthetic_mining_v1__glencore_sa_mining
105331,36,M,Married,2,2,Secondary,12.3,17.2,25.2,175.9,77.9,Daily,Never,3,200.18,6.56,10.6,6,365,22,6.0,synthetic_mining_v1__glencore_sa_mining
105332,34,M,Married,2,0,Tertiary,8.3,15.9,29.3,179.1,93.8,Never,Never,5,238.45,7.0,57.0,6,174,32,1.0,synthetic_mining_v1__glencore_sa_mining
105333,43,M,Single,3,2,Diploma,3.5,3.5,31.8,171.9,93.9,Never,Occasionally,3,188.08,5.2,26.4,7,237,28,10.0,synthetic_mining_v1__glencore_sa_mining
105334,19,M,Married,2,1,Secondary,10.2,2.2,24.1,171.9,71.2,Never,Occasionally,4,186.87,7.39,12.0,3,114,13,0.0,synthetic_mining_v1__glencore_sa_mining
105335,19,M,Divorced,0,0,Secondary,5.8,22.4,27.1,163.2,72.3,Never,Never,0,242.42,7.19,5.3,11,142,23,1.0,synthetic_mining_v1__glencore_sa_mining
105336,27,M,Married,1,0,Primary,13.1,13.9,26.8,170.3,77.6,Former,Never,3,198.22,5.6,14.1,5,24,17,1.0,synthetic_mining_v1__glencore_sa_mining
105337,47,M,Married,2,2,Diploma,9.4,12.5,29.6,163.1,78.7,Occasional,Regularly,2,229.83,5.47,5.2,6,79,17,8.0,synthetic_mining_v1__glencore_sa_mining
105338,37,M,Married,0,0,Primary,9.4,1.9,37.4,166.7,103.8,Never,Regularly,0,221.79,6.84,43.5,7,147,21,14.0,synthetic_mining_v1__glencore_sa_mining
105339,23,M,Single,1,1,Primary,14.5,13.8,33.1,160.6,85.5,Never,Occasionally,5,188.67,6.64,18.4,6,44,21,0.0,synthetic_mining_v1__glencore_sa_mining
105340,42,M,Married,4,1,Secondary,5.4,18.4,32.3,165.3,88.4,Former,Never,2,230.72,6.83,6.3,4,170,19,6.0,synthetic_mining_v1__glencore_sa_mining
105341,44,M,Single,1,1,Secondary,12.6,4.7,29.2,180.7,95.3,Occasional,Occasionally,5,316.75,5.79,2.8,6,12,21,19.0,synthetic_mining_v1__glencore_sa_mining
105342,36,F,Married,1,1,Secondary,5.4,10.9,33.0,160.4,85.0,Former,Regularly,0,162.59,3.5,6.8,6,8,21,5.0,synthetic_mining_v1__glencore_sa_mining
105343,35,F,Single,0,0,Secondary,6.7,18.8,28.5,145.0,60.0,Never,Never,3,303.21,4.4,14.6,10,143,31,11.0,synthetic_mining_v1__glencore_sa_mining
105344,42,M,Married,0,0,Secondary,15.2,8.8,30.3,170.7,88.2,Never,Occasionally,2,242.23,5.84,4.2,10,215,14,6.0,synthetic_mining_v1__glencore_sa_mining
105345,49,M,Single,2,0,Secondary,9.8,19.1,35.2,174.7,107.4,Never,Never,1,264.23,6.5,24.6,8,67,26,11.0,synthetic_mining_v1__glencore_sa_mining
105346,39,M,Married,3,1,Secondary,3.3,45.0,27.7,178.2,87.9,Former,Regularly,3,272.45,7.18,25.4,7,110,21,31.0,synthetic_mining_v1__glencore_sa_mining
105347,43,M,Married,1,1,Diploma,13.1,13.5,23.7,155.6,57.4,Occasional,Never,3,242.4,6.03,23.6,9,193,32,5.0,synthetic_mining_v1__glencore_sa_mining
105348,38,M,Divorced,3,0,Primary,23.7,1.7,28.8,167.1,80.3,Daily,Regularly,1,172.16,5.33,6.2,8,82,25,14.0,synthetic_mining_v1__glencore_sa_mining
105349,35,F,Married,2,1,Diploma,9.0,19.2,21.4,155.8,52.0,Daily,Regularly,0,227.1,7.88,30.0,7,157,27,23.0,synthetic_mining_v1__glencore_sa_mining
105350,30,F,Married,4,1,Tertiary,16.0,12.7,20.2,162.5,53.4,Former,Regularly,4,204.37,8.44,31.3,6,61,19,3.0,synthetic_mining_v1__glencore_sa_mining
105351,40,M,Single,0,0,Secondary,6.0,20.1,28.4,165.3,77.6,Former,Never,1,173.99,8.93,13.6,8,152,24,3.0,synthetic_mining_v1__glencore_sa_mining
105352,35,M,Single,2,0,Tertiary,7.7,14.2,31.7,165.3,86.4,Daily,Occasionally,2,245.31,4.19,9.0,3,152,31,33.0,synthetic_mining_v1__glencore_sa_mining
105353,36,F,Single,2,2,Secondary,6.8,14.3,33.4,152.2,77.3,Never,Heavy,0,197.62,7.59,24.2,7,98,23,26.0,synthetic_mining_v1__glencore_sa_mining
105354,46,M,Married,2,2,Secondary,13.1,4.4,28.6,168.1,80.8,Former,Never,2,132.91,4.81,4.2,9,63,20,4.0,synthetic_mining_v1__glencore_sa_mining
105355,42,M,Married,3,3,Primary,6.6,7.9,24.2,172.9,72.4,Never,Never,0,130.8,7.43,34.8,5,82,28,6.0,synthetic_mining_v1__glencore_sa_mining
105356,46,M,Single,2,1,Tertiary,3.9,4.9,24.9,168.8,71.1,Never,Never,1,130.67,5.84,14.7,8,52,29,1.0,synthetic_mining_v1__glencore_sa_mining
105357,24,F,Married,2,2,Diploma,2.7,7.5,27.3,157.7,68.0,Never,Regularly,3,249.56,5.63,6.8,6,140,29,4.0,synthetic_mining_v1__glencore_sa_mining
105358,43,M,Married,3,0,Secondary,7.2,27.9,28.4,168.1,80.3,Former,Occasionally,3,239.12,6.13,3.9,4,68,15,3.0,synthetic_mining_v1__glencore_sa_mining
105359,33,M,Married,0,0,Tertiary,8.1,31.1,23.2,160.9,60.1,Occasional,Regularly,3,185.74,5.67,15.3,5,119,23,3.0,synthetic_mining_v1__glencore_sa_mining
105360,31,M,Single,0,0,Tertiary,9.9,2.7,27.7,167.7,77.8,Never,Regularly,3,232.43,6.92,11.8,8,139,21,1.0,synthetic_mining_v1__glencore_sa_mining
105361,30,F,Married,0,0,Tertiary,9.7,7.5,19.4,151.8,44.8,Never,Never,1,185.4,7.32,21.2,9,74,18,1.0,synthetic_mining_v1__glencore_sa_mining
105362,49,M,Divorced,1,1,Secondary,7.3,24.7,31.9,156.4,78.0,Never,Never,3,277.12,8.76,5.9,6,113,18,8.0,synthetic_mining_v1__glencore_sa_mining
105363,45,M,Divorced,1,1,Secondary,8.6,42.2,29.4,182.6,97.9,Never,Never,1,203.66,5.97,33.6,5,191,25,7.0,synthetic_mining_v1__glencore_sa_mining
105364,32,M,Single,1,1,Primary,4.2,12.5,29.0,165.3,79.4,Daily,Never,1,210.18,5.34,42.6,6,77,35,0.0,synthetic_mining_v1__glencore_sa_mining
105365,28,M,Married,0,0,Diploma,5.7,9.9,32.4,155.3,78.1,Never,Regularly,0,266.75,6.33,16.4,11,175,29,11.0,synthetic_mining_v1__glencore_sa_mining
105366,38,M,Widowed,0,0,Diploma,2.9,19.1,34.5,176.0,106.7,Former,Never,3,228.23,5.94,22.1,8,21,15,4.0,synthetic_mining_v1__glencore_sa_mining
105367,34,M,Divorced,0,0,Primary,5.9,17.5,30.0,178.6,95.6,Former,Regularly,3,282.96,5.51,20.6,9,52,27,11.0,synthetic_mining_v1__glencore_sa_mining
105368,53,M,Divorced,1,1,Secondary,2.2,2.4,23.7,153.7,56.1,Never,Occasionally,0,231.89,6.65,6.7,8,20,17,2.0,synthetic_mining_v1__glencore_sa_mining
105369,25,F,Single,1,0,Diploma,4.9,12.6,24.8,157.1,61.2,Former,Regularly,2,168.59,4.26,18.1,7,169,30,3.0,synthetic_mining_v1__glencore_sa_mining
105370,22,M,Married,0,0,Diploma,5.0,11.4,20.6,168.8,58.7,Never,Never,3,213.12,5.72,37.4,2,114,23,0.0,synthetic_mining_v1__glencore_sa_mining
105371,36,M,Married,1,0,Secondary,7.8,19.5,34.3,174.3,104.3,Never,Never,3,293.67,7.59,10.7,12,41,19,5.0,synthetic_mining_v1__glencore_sa_mining
105372,38,M,Divorced,1,1,Diploma,5.7,22.1,23.7,171.4,69.5,Never,Heavy,3,256.2,6.66,15.1,5,86,16,8.0,synthetic_mining_v1__glencore_sa_mining
105373,39,M,Married,0,0,Secondary,8.6,13.6,35.1,177.1,110.2,Daily,Never,3,87.78,6.03,44.8,5,107,24,24.0,synthetic_mining_v1__glencore_sa_mining
105374,45,M,Married,4,1,Secondary,3.9,12.8,26.3,172.2,78.1,Former,Never,1,219.69,5.6,51.0,1,25,17,4.0,synthetic_mining_v1__glencore_sa_mining
105375,57,M,Married,0,0,Secondary,3.0,2.0,29.6,158.3,74.2,Former,Never,3,168.38,6.7,13.2,9,9,20,1.0,synthetic_mining_v1__glencore_sa_mining
105376,35,M,Married,1,1,Diploma,6.0,15.5,19.8,166.0,54.6,Never,Occasionally,2,206.85,6.81,9.3,7,72,11,1.0,synthetic_mining_v1__glencore_sa_mining
105377,33,M,Single,2,0,Secondary,2.0,1.2,26.9,165.0,73.3,Never,Occasionally,0,284.55,5.41,12.5,8,100,36,9.0,synthetic_mining_v1__glencore_sa_mining
105378,22,F,Married,1,1,Primary,2.3,12.9,25.3,158.9,64.0,Never,Occasionally,3,209.74,5.83,14.5,7,28,16,0.0,synthetic_mining_v1__glencore_sa_mining
105379,40,M,Divorced,1,1,Secondary,5.7,4.6,23.7,167.8,66.8,Never,Never,0,216.29,8.72,20.5,5,93,18,2.0,synthetic_mining_v1__glencore_sa_mining
105380,46,M,Single,3,1,Secondary,1.3,28.2,26.5,173.5,79.7,Daily,Never,1,263.49,7.64,19.2,4,128,20,22.0,synthetic_mining_v1__glencore_sa_mining
105381,36,M,Married,1,1,Secondary,15.4,16.8,19.4,165.4,53.0,Daily,Regularly,4,254.67,6.43,32.2,5,183,20,9.0,synthetic_mining_v1__glencore_sa_mining
105382,49,F,Single,0,0,Secondary,12.7,14.2,33.2,166.7,92.3,Former,Heavy,2,255.19,4.55,44.5,9,57,24,0.0,synthetic_mining_v1__glencore_sa_mining
105383,38,M,Single,2,2,Primary,3.6,17.4,26.1,172.3,77.4,Daily,Never,2,120.96,7.28,11.7,8,116,16,2.0,synthetic_mining_v1__glencore_sa_mining
105384,52,M,Married,2,2,Diploma,11.8,21.2,25.7,175.8,79.3,Daily,Regularly,1,227.72,5.62,53.3,7,157,24,120.0,synthetic_mining_v1__glencore_sa_mining
105385,41,M,Married,1,1,Secondary,11.8,33.5,29.7,171.1,87.0,Never,Occasionally,2,159.0,5.69,11.3,9,8,24,0.0,synthetic_mining_v1__glencore_sa_mining
105386,28,F,Single,2,2,Secondary,9.5,12.5,22.7,170.2,65.7,Never,Never,0,176.0,6.59,11.0,4,89,16,0.0,synthetic_mining_v1__glencore_sa_mining
105387,32,M,Divorced,2,1,Tertiary,3.9,10.6,30.3,173.4,91.0,Occasional,Never,4,105.81,7.8,27.0,5,2,22,1.0,synthetic_mining_v1__glencore_sa_mining
105388,24,M,Married,3,0,Secondary,10.4,5.9,28.5,177.8,90.2,Never,Occasionally,3,175.82,6.92,57.4,6,13,27,0.0,synthetic_mining_v1__glencore_sa_mining
105389,22,M,Single,3,1,Secondary,5.9,50.9,37.4,177.7,118.1,Former,Occasionally,2,215.82,5.06,44.8,14,46,31,23.0,synthetic_mining_v1__glencore_sa_mining
105390,40,F,Single,2,1,Secondary,4.3,17.4,33.4,167.2,93.4,Daily,Heavy,3,223.6,7.29,7.3,11,41,17,41.0,synthetic_mining_v1__glencore_sa_mining
105391,46,M,Divorced,2,1,Secondary,5.7,1.0,17.7,186.1,61.3,Never,Regularly,2,248.68,6.26,1.5,6,37,22,0.0,synthetic_mining_v1__glencore_sa_mining
105392,56,M,Single,0,0,Secondary,2.5,14.9,32.3,168.7,92.1,Never,Never,0,227.8,8.89,19.6,5,73,33,4.0,synthetic_mining_v1__glencore_sa_mining
105393,38,M,Single,3,3,Secondary,8.2,12.6,29.4,172.9,87.9,Never,Heavy,1,189.39,7.01,2.7,5,70,21,4.0,synthetic_mining_v1__glencore_sa_mining
105394,36,F,Single,1,1,Primary,2.5,16.6,17.2,155.2,41.4,Daily,Never,3,244.72,6.31,9.3,10,227,21,3.0,synthetic_mining_v1__glencore_sa_mining
105395,28,M,Single,2,1,Diploma,5.2,13.9,31.7,167.5,88.9,Never,Occasionally,3,200.16,5.31,11.0,12,130,28,1.0,synthetic_mining_v1__glencore_sa_mining
105396,47,M,Single,1,1,Secondary,1.5,31.6,26.6,161.7,69.5,Never,Regularly,2,202.6,6.6,8.6,7,32,15,3.0,synthetic_mining_v1__glencore_sa_mining
105397,42,M,Married,4,0,Secondary,6.2,13.6,25.0,168.1,70.5,Former,Regularly,3,156.21,6.32,26.3,4,152,16,0.0,synthetic_mining_v1__glencore_sa_mining
105398,33,F,Married,0,0,Diploma,0.9,15.0,30.8,166.1,85.1,Never,Never,1,198.23,7.14,32.5,3,123,22,3.0,synthetic_mining_v1__glencore_sa_mining
105399,44,F,Married,1,0,Secondary,14.4,6.5,23.2,161.0,60.2,Daily,Occasionally,1,150.12,6.24,9.0,5,211,19,3.0,synthetic_mining_v1__glencore_sa_mining
105400,43,M,Married,2,1,Secondary,7.9,11.1,30.6,172.6,91.2,Daily,Regularly,2,163.56,5.36,24.5,6,16,31,6.0,synthetic_mining_v1__glencore_sa_mining
105401,21,M,Single,2,1,Diploma,8.4,14.5,34.0,177.5,107.2,Never,Regularly,3,178.44,7.29,5.4,7,246,18,2.0,synthetic_mining_v1__glencore_sa_mining
105402,45,M,Married,1,0,Secondary,5.0,6.5,23.6,160.6,61.0,Daily,Never,1,177.68,6.43,12.0,7,325,30,0.0,synthetic_mining_v1__glencore_sa_mining
105403,39,M,Married,4,1,Secondary,12.7,6.9,33.2,177.4,104.5,Occasional,Occasionally,0,189.77,9.14,6.1,5,42,16,6.0,synthetic_mining_v1__glencore_sa_mining
105404,34,M,Married,2,1,Secondary,5.1,12.4,23.6,177.2,74.1,Former,Occasionally,2,163.74,7.16,6.2,4,150,17,0.0,synthetic_mining_v1__glencore_sa_mining
105405,34,M,Divorced,0,0,Secondary,9.0,8.1,25.8,170.7,75.0,Never,Regularly,4,173.36,8.13,19.7,10,107,28,2.0,synthetic_mining_v1__glencore_sa_mining
105406,54,M,Married,3,3,Secondary,12.0,11.6,28.7,170.4,83.3,Never,Regularly,1,189.53,7.72,3.9,3,277,14,2.0,synthetic_mining_v1__glencore_sa_mining
105407,52,M,Divorced,1,1,Secondary,2.4,30.6,32.4,171.1,94.8,Daily,Occasionally,4,123.2,6.51,13.5,9,61,16,11.0,synthetic_mining_v1__glencore_sa_mining
105408,54,F,Single,2,1,Primary,10.2,31.1,29.0,157.2,71.7,Never,Heavy,0,228.17,7.49,36.9,5,39,25,46.0,synthetic_mining_v1__glencore_sa_mining
105409,28,M,Married,0,0,Diploma,3.8,4.2,33.7,164.2,90.8,Occasional,Regularly,1,177.03,6.66,12.6,5,89,29,1.0,synthetic_mining_v1__glencore_sa_mining
105410,32,M,Married,1,1,Secondary,7.9,20.0,25.0,170.7,72.8,Daily,Heavy,0,235.01,8.26,32.8,5,188,30,51.0,synthetic_mining_v1__glencore_sa_mining
105411,46,F,Divorced,0,0,Secondary,7.1,45.0,29.1,159.1,73.7,Daily,Occasionally,1,211.11,6.65,13.4,9,78,18,12.0,synthetic_mining_v1__glencore_sa_mining
105412,27,M,Single,2,2,Primary,19.8,27.8,30.8,164.9,83.8,Daily,Occasionally,4,151.5,6.77,4.5,10,240,23,3.0,synthetic_mining_v1__glencore_sa_mining
105413,32,M,Married,2,0,Secondary,4.6,44.0,26.7,168.0,75.4,Never,Occasionally,0,208.86,7.35,12.1,4,97,24,0.0,synthetic_mining_v1__glencore_sa_mining
105414,22,M,Divorced,2,0,Secondary,19.3,8.6,25.4,178.1,80.7,Never,Never,2,274.4,6.27,19.7,9,296,26,2.0,synthetic_mining_v1__glencore_sa_mining
105415,55,M,Married,1,1,Secondary,8.9,27.7,27.9,166.2,77.0,Occasional,Occasionally,2,200.89,7.19,24.8,6,32,30,8.0,synthetic_mining_v1__glencore_sa_mining
105416,48,F,Widowed,3,2,Diploma,5.9,11.5,26.4,171.4,77.5,Daily,Occasionally,4,145.37,7.09,7.9,6,110,14,4.0,synthetic_mining_v1__glencore_sa_mining
105417,42,M,Divorced,4,2,Secondary,10.2,11.2,23.5,167.8,66.1,Daily,Never,6,203.2,7.87,21.8,8,43,23,4.0,synthetic_mining_v1__glencore_sa_mining
105418,40,M,Single,3,0,Secondary,8.4,5.5,28.5,164.6,77.3,Occasional,Never,4,222.88,5.82,14.0,5,49,22,1.0,synthetic_mining_v1__glencore_sa_mining
105419,34,M,Married,0,0,Diploma,5.3,1.3,23.6,159.8,60.3,Never,Occasionally,3,195.91,6.64,26.9,11,137,32,1.0,synthetic_mining_v1__glencore_sa_mining
105420,34,M,Married,1,1,Tertiary,4.8,30.4,39.1,174.8,119.4,Occasional,Never,3,234.62,6.14,8.3,6,34,18,11.0,synthetic_mining_v1__glencore_sa_mining
105421,44,F,Married,5,1,Diploma,7.7,8.7,26.1,156.3,63.8,Daily,Never,2,188.09,6.43,22.3,6,47,21,6.0,synthetic_mining_v1__glencore_sa_mining
105422,32,M,Single,1,1,Secondary,6.4,10.7,27.8,163.5,74.3,Occasional,Occasionally,2,194.31,6.06,9.7,2,72,14,1.0,synthetic_mining_v1__glencore_sa_mining
105423,49,M,Married,2,1,Primary,3.1,20.0,25.5,167.5,71.6,Daily,Occasionally,3,207.79,7.53,1.9,3,118,20,0.0,synthetic_mining_v1__glencore_sa_mining
105424,34,M,Single,0,0,Secondary,35.0,2.6,25.9,172.9,77.5,Occasional,Regularly,4,297.44,4.35,16.6,5,23,23,5.0,synthetic_mining_v1__glencore_sa_mining
105425,30,M,Single,0,0,Secondary,3.8,5.0,30.0,174.1,91.0,Never,Occasionally,4,205.5,7.52,10.3,5,87,25,0.0,synthetic_mining_v1__glencore_sa_mining
105426,50,M,Married,0,0,Secondary,6.0,11.8,30.6,174.2,92.8,Occasional,Never,1,267.86,5.18,4.7,7,1,24,27.0,synthetic_mining_v1__glencore_sa_mining
105427,37,M,Single,0,0,Primary,4.1,12.7,25.9,171.5,76.1,Never,Occasionally,0,166.72,7.01,19.2,1,251,15,2.0,synthetic_mining_v1__glencore_sa_mining
105428,43,F,Married,3,1,Primary,10.2,19.6,29.3,165.6,80.4,Never,Never,4,259.5,6.87,26.3,8,220,27,7.0,synthetic_mining_v1__glencore_sa_mining
105429,34,F,Divorced,1,1,Secondary,4.6,37.3,30.9,169.7,89.0,Never,Occasionally,1,215.38,6.96,8.5,8,89,24,0.0,synthetic_mining_v1__glencore_sa_mining
105430,19,M,Single,3,2,Diploma,6.7,13.9,28.3,165.1,77.1,Daily,Regularly,0,239.72,6.55,28.6,8,109,22,16.0,synthetic_mining_v1__glencore_sa_mining
105431,43,M,Married,1,1,Secondary,13.6,13.8,24.4,168.5,69.4,Daily,Occasionally,4,198.07,5.2,22.1,6,43,20,5.0,synthetic_mining_v1__glencore_sa_mining
105432,26,M,Married,1,1,Secondary,4.6,13.0,33.0,159.6,84.1,Former,Occasionally,2,197.18,7.96,54.8,10,159,27,5.0,synthetic_mining_v1__glencore_sa_mining
105433,48,M,Married,0,0,Diploma,6.5,13.6,35.0,157.1,86.5,Never,Occasionally,1,180.98,8.7,13.8,5,102,23,4.0,synthetic_mining_v1__glencore_sa_mining
105434,24,M,Married,2,1,Secondary,5.9,9.7,31.1,160.7,80.4,Occasional,Occasionally,0,228.33,6.86,7.9,8,194,27,4.0,synthetic_mining_v1__glencore_sa_mining
105435,21,M,Single,2,0,Secondary,3.9,38.0,27.5,158.2,68.8,Never,Occasionally,2,210.63,6.83,30.0,4,196,28,4.0,synthetic_mining_v1__glencore_sa_mining
105436,41,M,Married,2,2,Primary,13.3,2.5,24.3,162.9,64.5,Daily,Never,3,263.9,5.6,6.0,10,126,14,4.0,synthetic_mining_v1__glencore_sa_mining
105437,42,M,Married,0,0,Secondary,20.3,15.0,33.6,165.9,92.5,Never,Never,3,165.7,5.52,7.5,4,202,28,4.0,synthetic_mining_v1__glencore_sa_mining
105438,39,F,Married,1,0,Secondary,3.2,15.5,25.4,159.0,64.2,Occasional,Never,3,273.08,5.81,26.4,8,116,39,4.0,synthetic_mining_v1__glencore_sa_mining
105439,27,M,Married,4,0,Primary,26.8,30.1,30.4,185.3,104.5,Occasional,Never,2,253.34,3.55,36.2,5,67,25,25.0,synthetic_mining_v1__glencore_sa_mining
105440,46,M,Married,1,1,Secondary,10.1,16.0,29.9,170.3,86.8,Daily,Heavy,1,196.65,6.71,18.5,7,84,21,0.0,synthetic_mining_v1__glencore_sa_mining
105441,25,M,Married,1,1,Diploma,3.8,13.5,20.8,161.5,54.4,Daily,Regularly,3,168.85,5.82,15.6,4,8,15,0.0,synthetic_mining_v1__glencore_sa_mining
105442,34,M,Married,3,0,Diploma,3.6,1.8,19.5,172.5,57.9,Never,Occasionally,3,194.96,8.64,21.9,14,93,24,1.0,synthetic_mining_v1__glencore_sa_mining
105443,31,M,Married,1,1,Primary,5.8,24.1,26.2,173.9,79.1,Occasional,Heavy,2,249.57,4.9,22.3,8,89,22,57.0,synthetic_mining_v1__glencore_sa_mining
105444,35,F,Single,0,0,Secondary,5.3,33.8,31.6,154.0,75.0,Never,Occasionally,4,271.62,7.22,5.2,9,77,16,12.0,synthetic_mining_v1__glencore_sa_mining
105445,46,F,Single,1,1,Secondary,8.4,21.7,19.5,153.0,45.7,Never,Occasionally,1,200.21,6.76,13.9,10,84,15,1.0,synthetic_mining_v1__glencore_sa_mining
105446,32,M,Divorced,1,1,Primary,6.1,9.1,34.5,173.2,103.5,Never,Regularly,0,187.27,7.7,31.7,7,365,30,16.0,synthetic_mining_v1__glencore_sa_mining
105447,43,M,Married,0,0,Secondary,8.4,28.0,27.0,174.6,82.3,Former,Regularly,3,252.05,5.92,16.2,6,29,17,0.0,synthetic_mining_v1__glencore_sa_mining
105448,44,M,Married,1,1,Tertiary,5.5,11.6,23.8,174.6,72.6,Never,Never,1,287.46,6.1,26.3,9,97,16,10.0,synthetic_mining_v1__glencore_sa_mining
105449,23,M,Single,2,1,Secondary,2.5,9.8,27.4,172.5,81.6,Never,Regularly,3,230.97,7.59,0.1,7,99,13,0.0,synthetic_mining_v1__glencore_sa_mining
105450,28,F,Married,0,0,Primary,3.7,8.1,32.2,158.7,81.0,Daily,Regularly,4,250.72,7.51,28.1,7,94,28,5.0,synthetic_mining_v1__glencore_sa_mining
105451,35,M,Married,3,0,Secondary,3.9,7.1,27.4,167.3,76.7,Never,Never,1,207.96,5.22,14.3,8,86,17,3.0,synthetic_mining_v1__glencore_sa_mining
105452,33,M,Married,1,1,Secondary,2.6,16.2,26.1,167.2,73.0,Former,Never,0,227.47,6.71,10.9,4,163,20,3.0,synthetic_mining_v1__glencore_sa_mining
105453,41,M,Married,0,0,Primary,5.2,5.3,28.2,165.0,76.7,Never,Never,1,229.5,6.28,23.7,5,22,19,1.0,synthetic_mining_v1__glencore_sa_mining
105454,21,F,Widowed,0,0,Diploma,3.6,5.6,27.8,155.7,67.3,Never,Never,1,153.74,7.95,4.4,6,104,20,0.0,synthetic_mining_v1__glencore_sa_mining
105455,44,M,Single,2,0,Diploma,7.0,14.8,25.8,173.0,77.2,Never,Never,2,242.71,5.09,31.9,3,81,24,4.0,synthetic_mining_v1__glencore_sa_mining
105456,45,F,Married,1,1,Tertiary,8.2,15.2,29.0,157.4,71.8,Never,Occasionally,4,135.36,8.27,12.7,4,113,18,1.0,synthetic_mining_v1__glencore_sa_mining
105457,36,M,Single,1,0,Primary,9.1,27.6,27.3,174.8,83.3,Former,Heavy,2,239.22,6.26,1.0,11,46,14,0.0,synthetic_mining_v1__glencore_sa_mining
105458,26,M,Married,1,1,Primary,11.5,15.4,29.3,175.1,89.9,Occasional,Regularly,0,276.08,7.57,17.8,7,27,23,11.0,synthetic_mining_v1__glencore_sa_mining
105459,38,F,Single,1,0,Secondary,10.5,8.8,25.1,155.1,60.4,Never,Heavy,4,211.67,6.66,38.8,5,293,31,0.0,synthetic_mining_v1__glencore_sa_mining
105460,33,M,Single,3,2,Secondary,7.4,7.3,26.9,166.4,74.4,Daily,Heavy,2,229.77,6.4,8.5,6,159,21,9.0,synthetic_mining_v1__glencore_sa_mining
105461,43,M,Divorced,3,3,Diploma,3.0,6.8,29.7,162.8,78.7,Never,Regularly,2,179.1,4.99,5.0,6,256,24,12.0,synthetic_mining_v1__glencore_sa_mining
105462,37,M,Married,1,1,Primary,4.1,32.9,28.5,181.7,94.2,Former,Occasionally,6,245.88,6.17,8.7,8,113,18,1.0,synthetic_mining_v1__glencore_sa_mining
105463,45,M,Single,3,1,Secondary,9.0,8.4,25.0,176.0,77.4,Occasional,Occasionally,4,219.67,8.42,30.2,9,177,22,1.0,synthetic_mining_v1__glencore_sa_mining
105464,34,F,Single,0,0,Secondary,3.7,8.1,30.5,153.6,72.1,Never,Regularly,1,146.61,6.2,35.9,6,49,19,0.0,synthetic_mining_v1__glencore_sa_mining
105465,51,M,Single,2,2,Secondary,6.4,7.0,24.3,169.9,70.0,Never,Never,2,200.96,4.95,11.1,8,201,26,3.0,synthetic_mining_v1__glencore_sa_mining
105466,19,M,Married,1,0,Secondary,18.2,17.3,32.0,164.6,86.7,Occasional,Never,4,156.52,6.6,2.3,5,114,14,1.0,synthetic_mining_v1__glencore_sa_mining
105467,29,M,Married,2,1,Primary,3.8,21.5,30.5,175.7,94.0,Never,Regularly,1,169.51,4.74,77.4,8,365,35,0.0,synthetic_mining_v1__glencore_sa_mining
105468,42,M,Married,2,2,Secondary,12.0,34.7,35.2,170.4,102.2,Former,Occasionally,3,191.64,7.29,17.5,9,310,24,11.0,synthetic_mining_v1__glencore_sa_mining
105469,24,M,Married,0,0,Secondary,4.3,15.7,25.1,176.1,78.0,Never,Never,2,250.69,8.25,3.8,7,203,13,2.0,synthetic_mining_v1__glencore_sa_mining
105470,45,M,Married,0,0,Secondary,3.6,6.7,18.5,172.9,55.2,Never,Regularly,0,174.35,7.37,14.3,10,274,23,3.0,synthetic_mining_v1__glencore_sa_mining
105471,27,M,Single,0,0,Tertiary,31.2,4.2,22.6,167.5,63.3,Daily,Heavy,6,245.05,3.87,6.3,5,55,17,6.0,synthetic_mining_v1__glencore_sa_mining
105472,39,M,Married,2,0,Secondary,8.3,15.0,25.5,161.3,66.4,Daily,Occasionally,1,226.73,6.45,24.8,5,42,19,0.0,synthetic_mining_v1__glencore_sa_mining
105473,30,M,Single,2,2,Primary,8.7,36.6,32.0,167.8,90.1,Daily,Regularly,2,267.97,5.5,3.0,8,116,19,0.0,synthetic_mining_v1__glencore_sa_mining
105474,34,M,Married,2,0,Diploma,5.3,5.4,29.3,167.9,82.7,Never,Occasionally,2,218.04,7.63,4.8,3,365,17,2.0,synthetic_mining_v1__glencore_sa_mining
105475,40,F,Single,2,1,Tertiary,1.9,9.3,35.7,154.6,85.2,Occasional,Occasionally,2,267.65,5.34,20.6,3,151,18,15.0,synthetic_mining_v1__glencore_sa_mining
105476,37,M,Married,2,1,Primary,16.0,6.8,25.5,163.0,67.9,Daily,Never,2,129.12,6.95,30.0,5,87,16,4.0,synthetic_mining_v1__glencore_sa_mining
105477,35,M,Married,3,2,Diploma,8.0,11.7,31.4,180.9,102.8,Former,Regularly,3,231.47,6.54,28.9,5,92,24,5.0,synthetic_mining_v1__glencore_sa_mining
105478,57,M,Single,0,0,Diploma,12.2,8.5,22.6,163.8,60.5,Daily,Heavy,3,218.21,6.15,14.0,4,57,15,12.0,synthetic_mining_v1__glencore_sa_mining
105479,38,F,Single,0,0,Diploma,5.1,26.1,21.5,147.9,47.1,Former,Regularly,3,174.02,6.17,12.8,3,152,22,0.0,synthetic_mining_v1__glencore_sa_mining
105480,29,M,Single,1,0,Primary,0.6,16.7,26.8,160.4,69.0,Occasional,Never,3,216.13,7.65,2.2,5,235,18,1.0,synthetic_mining_v1__glencore_sa_mining
105481,46,M,Single,2,0,Secondary,11.0,34.5,31.2,164.1,84.1,Former,Regularly,2,197.38,7.55,4.2,7,35,16,8.0,synthetic_mining_v1__glencore_sa_mining
105482,45,M,Married,3,1,Secondary,23.2,12.7,34.0,157.1,83.8,Occasional,Regularly,0,263.54,6.14,52.3,8,37,19,71.0,synthetic_mining_v1__glencore_sa_mining
105483,49,M,Divorced,0,0,Primary,7.5,37.4,30.9,168.0,87.4,Never,Never,1,247.15,5.33,32.4,9,79,21,14.0,synthetic_mining_v1__glencore_sa_mining
105484,54,M,Married,3,0,Primary,4.8,16.9,28.2,173.9,85.3,Former,Occasionally,1,187.26,4.96,10.3,4,35,26,5.0,synthetic_mining_v1__glencore_sa_mining
105485,30,M,Married,1,1,Tertiary,14.4,10.7,28.0,164.0,75.4,Daily,Never,0,237.21,7.65,46.7,7,31,24,10.0,synthetic_mining_v1__glencore_sa_mining
105486,48,F,Married,2,1,Secondary,4.1,27.1,24.0,159.7,61.3,Never,Never,0,307.0,6.51,12.8,10,187,26,7.0,synthetic_mining_v1__glencore_sa_mining
105487,48,M,Married,3,0,Secondary,6.9,19.7,18.8,160.1,48.3,Daily,Occasionally,0,300.97,7.57,21.2,4,79,17,53.0,synthetic_mining_v1__glencore_sa_mining
105488,38,M,Married,2,0,Diploma,9.6,4.4,25.0,166.3,69.1,Daily,Occasionally,3,196.31,4.65,1.8,6,241,30,0.0,synthetic_mining_v1__glencore_sa_mining
105489,40,M,Married,2,2,Secondary,5.2,24.1,31.9,176.0,98.9,Daily,Heavy,3,194.41,7.28,22.0,11,133,28,86.0,synthetic_mining_v1__glencore_sa_mining
105490,19,M,Divorced,2,0,Secondary,8.8,8.4,27.9,180.9,91.4,Daily,Never,0,266.06,7.33,15.6,3,64,21,12.0,synthetic_mining_v1__glencore_sa_mining
105491,33,M,Married,3,0,Tertiary,14.3,12.8,28.2,164.5,76.3,Never,Regularly,0,254.45,4.81,32.9,8,42,20,27.0,synthetic_mining_v1__glencore_sa_mining
105492,54,M,Single,0,0,Primary,2.7,30.7,29.7,162.5,78.5,Daily,Never,4,211.55,4.41,21.8,9,48,33,82.0,synthetic_mining_v1__glencore_sa_mining
105493,22,M,Married,3,2,Diploma,7.7,4.3,27.7,157.2,68.5,Former,Occasionally,2,207.97,6.16,21.6,10,280,24,1.0,synthetic_mining_v1__glencore_sa_mining
105494,33,M,Married,1,1,Secondary,4.9,21.6,27.4,159.8,70.0,Daily,Occasionally,3,218.29,5.86,22.2,2,41,14,12.0,synthetic_mining_v1__glencore_sa_mining
105495,41,M,Married,3,2,Primary,11.7,13.9,25.1,176.2,78.0,Daily,Never,3,292.24,5.38,12.8,12,18,23,36.0,synthetic_mining_v1__glencore_sa_mining
105496,43,M,Married,0,0,Primary,13.2,9.5,24.4,166.3,67.4,Never,Never,3,238.99,6.11,19.0,7,158,16,2.0,synthetic_mining_v1__glencore_sa_mining
105497,53,F,Single,3,2,Secondary,10.6,19.3,30.3,161.9,79.5,Daily,Never,0,214.61,7.22,25.1,5,219,22,37.0,synthetic_mining_v1__glencore_sa_mining
105498,22,M,Married,2,2,Secondary,13.7,52.1,35.2,174.0,106.7,Daily,Occasionally,4,203.99,5.78,14.9,2,267,17,11.0,synthetic_mining_v1__glencore_sa_mining
105499,38,M,Single,2,0,Diploma,5.3,17.0,21.1,166.7,58.6,Never,Regularly,3,297.17,6.58,49.7,7,111,28,0.0,synthetic_mining_v1__glencore_sa_mining
105500,46,M,Married,2,0,Secondary,5.5,13.8,28.5,166.5,79.0,Never,Occasionally,3,199.87,7.33,5.6,5,136,14,0.0,synthetic_mining_v1__glencore_sa_mining
105501,26,M,Married,0,0,Secondary,13.9,24.8,28.0,173.1,83.8,Daily,Never,3,116.34,7.54,16.8,6,148,23,4.0,synthetic_mining_v1__glencore_sa_mining
105502,38,M,Married,1,0,Secondary,3.7,10.3,28.6,167.9,80.7,Occasional,Never,6,164.73,7.08,14.2,3,326,22,2.0,synthetic_mining_v1__glencore_sa_mining
105503,55,F,Single,4,0,Primary,6.9,18.8,28.5,145.0,60.0,Daily,Occasionally,0,186.76,5.15,58.1,7,59,27,41.0,synthetic_mining_v1__glencore_sa_mining
105504,50,M,Married,0,0,Secondary,5.9,9.3,26.3,175.9,81.4,Daily,Occasionally,4,169.9,7.46,18.1,7,148,26,6.0,synthetic_mining_v1__glencore_sa_mining
105505,43,M,Single,0,0,Secondary,6.9,21.8,30.6,158.9,77.4,Daily,Occasionally,2,248.22,7.37,18.3,5,53,14,0.0,synthetic_mining_v1__glencore_sa_mining
105506,19,M,Married,2,1,Secondary,6.1,6.4,25.7,170.1,74.2,Never,Occasionally,3,171.59,5.91,23.9,7,117,15,0.0,synthetic_mining_v1__glencore_sa_mining
105507,37,M,Married,1,0,Primary,2.1,10.4,19.5,160.5,50.1,Occasional,Occasionally,0,217.47,8.48,7.6,8,226,22,3.0,synthetic_mining_v1__glencore_sa_mining
105508,41,M,Widowed,3,2,Secondary,3.0,29.4,28.9,176.6,90.1,Daily,Never,0,170.07,7.09,49.0,6,21,15,9.0,synthetic_mining_v1__glencore_sa_mining
105509,35,M,Married,2,0,Secondary,7.4,7.1,32.0,174.3,97.3,Never,Regularly,3,151.36,6.47,43.5,7,14,23,2.0,synthetic_mining_v1__glencore_sa_mining
105510,37,M,Divorced,3,2,Secondary,6.7,42.1,23.7,169.5,68.1,Never,Heavy,2,238.31,7.98,8.8,7,50,18,2.0,synthetic_mining_v1__glencore_sa_mining
105511,62,M,Single,0,0,Diploma,15.9,16.9,23.2,169.0,66.2,Occasional,Heavy,1,230.37,8.01,45.7,1,73,20,23.0,synthetic_mining_v1__glencore_sa_mining
105512,36,M,Married,0,0,Diploma,8.5,6.5,26.2,177.3,82.4,Never,Occasionally,4,192.67,5.45,53.9,8,149,26,0.0,synthetic_mining_v1__glencore_sa_mining
105513,29,M,Divorced,0,0,Secondary,8.8,8.4,28.1,174.4,85.6,Never,Occasionally,7,193.99,6.36,16.1,5,39,26,0.0,synthetic_mining_v1__glencore_sa_mining
105514,40,M,Divorced,3,1,Secondary,13.3,20.4,22.3,152.4,51.8,Daily,Occasionally,3,259.29,6.99,1.5,6,98,23,0.0,synthetic_mining_v1__glencore_sa_mining
105515,35,M,Married,1,0,Primary,5.0,15.8,23.5,183.7,79.1,Never,Occasionally,1,197.85,5.33,7.1,11,137,19,1.0,synthetic_mining_v1__glencore_sa_mining
105516,35,M,Married,0,0,Tertiary,9.5,4.6,34.0,165.7,93.4,Never,Heavy,4,197.24,6.72,52.3,4,197,28,3.0,synthetic_mining_v1__glencore_sa_mining
105517,37,F,Single,0,0,Secondary,7.8,9.1,32.7,150.7,74.2,Daily,Occasionally,1,172.3,6.61,12.7,12,173,27,7.0,synthetic_mining_v1__glencore_sa_mining
105518,45,M,Married,0,0,Diploma,9.1,3.9,25.1,180.4,81.6,Never,Never,1,190.92,3.75,1.3,9,56,24,4.0,synthetic_mining_v1__glencore_sa_mining
105519,40,F,Divorced,0,0,Primary,14.4,5.0,22.6,159.2,57.2,Never,Occasionally,4,285.6,4.82,6.4,8,139,25,1.0,synthetic_mining_v1__glencore_sa_mining
105520,27,M,Married,2,2,Diploma,10.6,3.9,21.7,167.3,60.7,Daily,Occasionally,4,253.99,7.41,7.5,4,99,18,0.0,synthetic_mining_v1__glencore_sa_mining
105521,37,M,Married,1,1,Secondary,2.5,25.9,34.8,167.7,98.0,Never,Heavy,3,258.25,6.23,30.8,5,87,31,34.0,synthetic_mining_v1__glencore_sa_mining
105522,42,M,Married,0,0,Diploma,1.3,42.8,30.4,168.0,85.8,Never,Never,3,222.66,6.13,19.9,5,139,24,5.0,synthetic_mining_v1__glencore_sa_mining
105523,34,M,Single,0,0,Secondary,8.1,4.6,23.5,180.9,76.8,Never,Never,3,192.68,6.99,5.2,8,105,25,0.0,synthetic_mining_v1__glencore_sa_mining
105524,48,M,Single,2,1,Secondary,12.3,16.8,23.2,169.6,66.7,Daily,Heavy,3,189.83,7.93,31.2,7,52,24,47.0,synthetic_mining_v1__glencore_sa_mining
105525,45,F,Married,2,0,Primary,7.0,20.6,38.5,162.1,101.1,Daily,Heavy,0,363.15,6.71,15.3,10,45,24,120.0,synthetic_mining_v1__glencore_sa_mining
105526,29,F,Divorced,1,1,Secondary,10.8,39.8,31.8,161.9,83.2,Never,Occasionally,3,240.82,6.05,13.8,4,52,16,3.0,synthetic_mining_v1__glencore_sa_mining
105527,41,M,Married,1,1,Secondary,3.4,2.4,28.0,176.9,87.6,Never,Regularly,3,201.45,6.38,32.4,0,41,18,1.0,synthetic_mining_v1__glencore_sa_mining
105528,56,M,Divorced,1,1,Diploma,6.1,19.4,34.9,162.2,91.8,Occasional,Never,1,191.91,5.07,15.1,5,116,26,17.0,synthetic_mining_v1__glencore_sa_mining
105529,52,M,Married,0,0,Diploma,0.6,13.0,32.0,172.9,95.5,Former,Occasionally,1,258.04,6.81,12.1,6,70,24,0.0,synthetic_mining_v1__glencore_sa_mining
105530,37,M,Married,2,1,Diploma,16.4,0.8,21.6,179.1,69.2,Daily,Never,6,179.54,6.45,9.3,5,131,19,1.0,synthetic_mining_v1__glencore_sa_mining
105531,46,M,Married,0,0,Secondary,18.4,4.5,28.8,173.4,86.5,Daily,Never,4,178.81,5.41,18.9,10,80,23,13.0,synthetic_mining_v1__glencore_sa_mining
105532,32,M,Single,2,2,Primary,3.8,7.9,27.2,169.3,78.1,Former,Occasionally,0,299.42,6.18,29.7,4,111,23,15.0,synthetic_mining_v1__glencore_sa_mining
105533,25,M,Married,0,0,Secondary,2.6,15.8,30.5,178.5,97.3,Former,Heavy,2,174.74,7.99,23.7,4,83,25,2.0,synthetic_mining_v1__glencore_sa_mining
105534,43,M,Married,0,0,Secondary,3.3,16.3,23.7,169.9,68.3,Former,Regularly,2,157.55,6.84,55.4,3,114,27,3.0,synthetic_mining_v1__glencore_sa_mining
105535,40,M,Widowed,1,0,Secondary,2.5,20.6,26.2,165.1,71.5,Never,Occasionally,2,210.96,8.61,20.9,3,62,23,2.0,synthetic_mining_v1__glencore_sa_mining
105536,43,M,Married,0,0,Secondary,7.1,28.0,20.2,170.7,58.9,Occasional,Occasionally,2,221.83,8.11,5.0,7,71,21,2.0,synthetic_mining_v1__glencore_sa_mining
105537,38,M,Single,1,1,Diploma,4.3,33.7,27.9,155.7,67.6,Never,Occasionally,2,236.96,5.85,12.9,7,93,26,2.0,synthetic_mining_v1__glencore_sa_mining
105538,41,M,Single,0,0,Primary,4.2,16.5,18.3,168.2,51.7,Occasional,Regularly,6,284.53,8.45,3.5,2,103,25,2.0,synthetic_mining_v1__glencore_sa_mining
105539,33,M,Married,0,0,Secondary,6.6,1.2,26.3,169.1,75.2,Never,Occasionally,0,257.89,7.27,30.2,10,48,25,0.0,synthetic_mining_v1__glencore_sa_mining
105540,42,M,Married,0,0,Secondary,22.7,17.7,27.2,175.2,83.6,Daily,Regularly,1,271.99,6.19,5.5,4,195,15,17.0,synthetic_mining_v1__glencore_sa_mining
105541,45,M,Married,1,0,Secondary,9.9,28.8,36.7,162.3,96.6,Occasional,Occasionally,3,257.18,6.14,28.9,9,35,24,45.0,synthetic_mining_v1__glencore_sa_mining
105542,37,M,Married,5,1,Primary,8.0,5.9,24.7,185.7,85.1,Never,Regularly,3,270.58,4.86,2.6,6,160,21,4.0,synthetic_mining_v1__glencore_sa_mining
105543,45,M,Single,2,1,Secondary,13.8,13.5,23.1,170.0,66.8,Daily,Never,4,256.89,8.11,25.5,3,107,21,8.0,synthetic_mining_v1__glencore_sa_mining
105544,22,M,Married,0,0,Secondary,20.5,12.9,33.9,176.0,105.1,Never,Never,4,151.92,7.75,19.3,7,86,29,1.0,synthetic_mining_v1__glencore_sa_mining
105545,31,M,Single,0,0,Secondary,2.3,6.3,22.2,166.0,61.1,Occasional,Heavy,3,159.78,5.1,4.2,14,46,26,8.0,synthetic_mining_v1__glencore_sa_mining
105546,51,M,Single,1,0,Diploma,7.2,2.0,28.1,160.9,72.8,Never,Occasionally,5,215.24,4.88,45.4,5,53,24,3.0,synthetic_mining_v1__glencore_sa_mining
105547,54,M,Divorced,2,1,Primary,3.7,13.4,31.0,169.2,88.8,Occasional,Heavy,2,261.12,4.46,18.5,7,216,24,0.0,synthetic_mining_v1__glencore_sa_mining
105548,40,F,Single,1,1,Secondary,1.6,8.4,28.2,156.0,68.5,Never,Occasionally,1,246.84,6.34,26.4,9,29,19,5.0,synthetic_mining_v1__glencore_sa_mining
105549,37,M,Married,3,0,Tertiary,19.5,0.5,20.0,167.8,56.3,Never,Occasionally,2,218.0,4.85,6.0,7,199,29,2.0,synthetic_mining_v1__glencore_sa_mining
105550,27,M,Married,1,1,Secondary,5.5,22.0,29.7,168.4,84.1,Never,Occasionally,1,255.02,7.07,16.4,6,102,29,5.0,synthetic_mining_v1__glencore_sa_mining
105551,41,M,Single,0,0,Secondary,7.4,27.9,28.9,171.6,85.0,Never,Never,2,233.88,6.68,11.5,9,144,27,2.0,synthetic_mining_v1__glencore_sa_mining
105552,45,F,Single,2,0,Diploma,0.9,19.9,20.7,165.7,56.9,Never,Regularly,1,279.59,6.13,14.8,9,89,28,7.0,synthetic_mining_v1__glencore_sa_mining
105553,25,M,Single,3,2,Secondary,9.5,1.8,34.2,166.0,94.2,Former,Never,2,311.76,7.72,7.7,7,76,23,0.0,synthetic_mining_v1__glencore_sa_mining
105554,43,F,Divorced,4,3,Secondary,12.6,4.1,30.0,156.3,73.3,Occasional,Regularly,2,218.75,6.42,21.3,6,46,24,6.0,synthetic_mining_v1__glencore_sa_mining
105555,42,F,Married,1,1,Secondary,11.2,1.0,31.0,159.3,78.6,Daily,Regularly,6,218.34,6.61,8.8,4,115,16,4.0,synthetic_mining_v1__glencore_sa_mining
105556,42,F,Single,1,1,Diploma,18.3,12.6,29.3,159.7,74.6,Daily,Never,3,233.35,7.23,5.2,7,192,18,13.0,synthetic_mining_v1__glencore_sa_mining
105557,28,M,Widowed,3,2,Secondary,11.8,12.9,26.5,182.4,88.2,Never,Occasionally,0,207.62,6.45,2.7,9,154,24,2.0,synthetic_mining_v1__glencore_sa_mining
105558,43,F,Married,4,1,Primary,4.5,4.2,36.2,152.2,84.0,Daily,Regularly,2,246.22,6.45,16.1,11,36,23,77.0,synthetic_mining_v1__glencore_sa_mining
105559,25,M,Divorced,0,0,Diploma,4.5,8.3,25.5,174.0,77.1,Never,Occasionally,1,265.24,5.96,18.7,4,275,23,1.0,synthetic_mining_v1__glencore_sa_mining
105560,51,M,Single,3,1,Secondary,0.6,11.8,20.6,172.6,61.4,Never,Never,2,277.44,7.54,21.5,8,221,23,0.0,synthetic_mining_v1__glencore_sa_mining
105561,39,M,Married,0,0,Secondary,7.4,19.6,27.5,177.2,86.3,Former,Regularly,3,249.52,6.57,19.5,10,56,20,0.0,synthetic_mining_v1__glencore_sa_mining
105562,28,M,Married,0,0,Diploma,5.3,41.3,25.6,179.5,82.4,Never,Never,4,296.45,5.39,19.4,10,89,23,3.0,synthetic_mining_v1__glencore_sa_mining
105563,50,M,Married,0,0,Primary,7.0,7.3,26.4,166.2,72.9,Former,Occasionally,2,228.09,7.26,7.1,8,89,17,4.0,synthetic_mining_v1__glencore_sa_mining
105564,48,M,Married,1,1,Diploma,3.1,9.7,25.8,156.7,63.4,Daily,Occasionally,2,245.3,5.32,11.3,6,80,18,8.0,synthetic_mining_v1__glencore_sa_mining
105565,32,M,Single,0,0,Diploma,8.4,6.2,22.9,171.8,67.5,Never,Never,3,131.01,6.59,13.2,10,68,20,0.0,synthetic_mining_v1__glencore_sa_mining
105566,58,M,Single,1,0,Primary,16.2,8.6,21.9,175.7,67.7,Never,Regularly,0,189.01,6.82,46.7,9,99,21,5.0,synthetic_mining_v1__glencore_sa_mining
105567,29,M,Single,2,0,Diploma,6.1,9.3,28.4,179.2,91.1,Daily,Regularly,4,183.33,6.4,34.0,8,87,28,8.0,synthetic_mining_v1__glencore_sa_mining
105568,41,F,Married,1,1,Secondary,4.0,2.7,30.1,166.0,82.8,Former,Never,1,320.62,4.47,62.3,5,152,36,114.0,synthetic_mining_v1__glencore_sa_mining
105569,49,M,Single,3,0,Secondary,4.1,15.8,28.0,163.6,74.9,Daily,Regularly,3,252.67,7.27,15.3,2,54,24,15.0,synthetic_mining_v1__glencore_sa_mining
105570,19,M,Single,0,0,Secondary,20.0,16.9,18.5,166.4,51.4,Never,Never,4,273.99,7.37,19.6,7,191,19,0.0,synthetic_mining_v1__glencore_sa_mining
105571,47,M,Married,6,0,Secondary,5.0,30.1,21.5,166.2,59.4,Former,Occasionally,1,246.33,6.91,6.3,6,13,16,0.0,synthetic_mining_v1__glencore_sa_mining
105572,37,F,Widowed,3,2,Tertiary,4.8,25.4,29.4,156.0,71.4,Former,Never,5,211.59,6.73,23.1,8,161,21,0.0,synthetic_mining_v1__glencore_sa_mining
105573,38,M,Single,4,1,Diploma,5.8,25.6,24.0,165.7,66.0,Never,Regularly,2,228.17,7.34,4.3,7,103,24,2.0,synthetic_mining_v1__glencore_sa_mining
105574,28,M,Married,1,1,Secondary,17.4,8.0,26.1,160.8,67.6,Daily,Occasionally,3,278.36,5.45,37.9,6,108,32,0.0,synthetic_mining_v1__glencore_sa_mining
105575,41,M,Married,4,2,Diploma,5.3,4.3,30.9,167.6,86.7,Former,Occasionally,4,195.68,6.15,8.2,8,77,15,1.0,synthetic_mining_v1__glencore_sa_mining
105576,28,M,Married,1,1,Secondary,8.4,23.6,28.8,162.6,76.1,Never,Regularly,1,206.26,6.59,2.2,8,117,26,4.0,synthetic_mining_v1__glencore_sa_mining
105577,29,F,Married,4,0,Diploma,8.2,23.4,17.2,159.9,43.8,Occasional,Occasionally,2,194.85,4.71,17.7,10,64,22,1.0,synthetic_mining_v1__glencore_sa_mining
105578,34,F,Married,0,0,Secondary,17.2,39.5,22.8,169.1,65.2,Never,Never,3,166.33,6.72,48.5,11,92,24,1.0,synthetic_mining_v1__glencore_sa_mining
105579,27,M,Single,1,1,Primary,1.0,0.9,23.8,168.1,67.1,Never,Occasionally,2,271.19,7.92,24.8,7,39,26,1.0,synthetic_mining_v1__glencore_sa_mining
105580,52,F,Single,0,0,Diploma,2.8,19.8,31.7,163.9,85.2,Never,Occasionally,5,273.41,4.32,15.1,5,179,22,14.0,synthetic_mining_v1__glencore_sa_mining
105581,26,M,Married,3,0,Secondary,27.7,4.7,22.7,173.2,68.2,Never,Heavy,7,254.51,6.94,27.7,7,32,19,1.0,synthetic_mining_v1__glencore_sa_mining
105582,31,M,Single,3,2,Diploma,5.8,19.3,24.7,167.2,69.1,Occasional,Regularly,3,158.48,6.8,19.6,8,88,19,2.0,synthetic_mining_v1__glencore_sa_mining
105583,35,F,Married,0,0,Diploma,13.9,10.3,33.3,162.5,87.8,Daily,Never,0,229.23,6.86,5.8,11,311,20,28.0,synthetic_mining_v1__glencore_sa_mining
105584,38,M,Single,1,0,Tertiary,10.7,5.2,24.7,166.5,68.4,Never,Occasionally,2,289.57,5.64,7.7,6,146,18,0.0,synthetic_mining_v1__glencore_sa_mining
105585,45,M,Married,2,0,Secondary,0.6,9.2,33.3,169.3,95.3,Daily,Occasionally,2,185.85,6.02,8.5,1,65,19,6.0,synthetic_mining_v1__glencore_sa_mining
105586,45,M,Single,0,0,Tertiary,2.6,9.9,33.2,175.9,102.8,Occasional,Regularly,4,255.31,5.97,14.2,13,12,23,13.0,synthetic_mining_v1__glencore_sa_mining
105587,35,M,Married,1,1,Secondary,8.9,35.2,28.3,175.7,87.3,Former,Occasionally,3,180.38,4.97,90.0,8,152,30,0.0,synthetic_mining_v1__glencore_sa_mining
105588,35,M,Married,1,0,Primary,7.4,19.4,20.3,164.3,54.9,Daily,Heavy,4,247.07,5.89,26.6,3,188,20,17.0,synthetic_mining_v1__glencore_sa_mining
105589,38,M,Married,3,1,Tertiary,9.7,23.6,23.9,169.8,68.9,Never,Never,3,194.18,6.68,24.0,3,73,17,1.0,synthetic_mining_v1__glencore_sa_mining
105590,45,M,Single,7,1,Diploma,2.5,15.8,26.5,158.6,66.5,Former,Never,2,279.65,8.02,17.0,8,180,21,10.0,synthetic_mining_v1__glencore_sa_mining
105591,44,M,Single,0,0,Diploma,8.9,8.9,23.2,177.5,73.0,Occasional,Occasionally,2,243.37,7.4,18.3,12,77,20,1.0,synthetic_mining_v1__glencore_sa_mining
105592,33,M,Divorced,0,0,Secondary,1.2,17.8,28.6,174.0,86.5,Daily,Occasionally,3,215.74,5.91,18.6,5,60,15,5.0,synthetic_mining_v1__glencore_sa_mining
105593,19,M,Married,2,1,Diploma,4.8,3.4,35.8,171.3,105.1,Daily,Never,1,156.0,5.9,65.0,5,201,26,7.0,synthetic_mining_v1__glencore_sa_mining
105594,57,M,Married,2,2,Secondary,1.3,21.6,25.3,178.8,80.8,Occasional,Occasionally,4,188.51,5.16,40.3,8,102,27,8.0,synthetic_mining_v1__glencore_sa_mining
105595,47,M,Married,3,0,Secondary,10.4,16.5,28.4,170.5,82.6,Occasional,Heavy,3,283.32,7.16,27.3,14,91,37,61.0,synthetic_mining_v1__glencore_sa_mining
105596,40,M,Single,0,0,Secondary,11.4,18.6,29.0,178.6,92.5,Occasional,Occasionally,1,160.25,6.14,8.6,6,159,27,1.0,synthetic_mining_v1__glencore_sa_mining
105597,41,M,Single,1,1,Diploma,11.2,11.4,33.2,172.5,98.8,Never,Never,3,268.81,5.47,10.6,3,47,14,0.0,synthetic_mining_v1__glencore_sa_mining
105598,33,M,Single,2,2,Primary,5.0,14.0,32.7,175.9,101.1,Daily,Occasionally,3,237.14,6.22,16.7,9,46,24,23.0,synthetic_mining_v1__glencore_sa_mining
105599,29,M,Single,2,0,Secondary,6.5,17.6,34.3,171.6,101.1,Never,Regularly,5,192.4,7.52,19.5,7,102,20,4.0,synthetic_mining_v1__glencore_sa_mining
105600,35,M,Married,2,1,Secondary,5.2,39.8,25.9,176.0,80.1,Never,Occasionally,4,226.66,8.1,35.5,7,180,25,4.0,synthetic_mining_v1__glencore_sa_mining
105601,36,M,Divorced,1,1,Tertiary,5.4,25.0,23.4,167.1,65.3,Daily,Occasionally,0,93.08,4.92,25.3,7,97,21,5.0,synthetic_mining_v1__glencore_sa_mining
105602,32,M,Married,1,1,Diploma,7.8,14.2,29.0,177.6,91.5,Former,Heavy,4,224.12,8.31,11.9,7,5,21,3.0,synthetic_mining_v1__glencore_sa_mining
105603,25,M,Widowed,2,2,Diploma,7.7,10.9,33.0,173.3,99.1,Daily,Never,5,257.26,6.42,20.2,4,49,16,2.0,synthetic_mining_v1__glencore_sa_mining
105604,35,F,Single,4,2,Tertiary,4.4,62.1,25.1,157.8,62.6,Former,Regularly,3,244.03,6.02,8.9,3,142,22,7.0,synthetic_mining_v1__glencore_sa_mining
105605,43,M,Married,2,2,Primary,3.4,19.6,28.2,163.0,75.1,Never,Never,5,210.68,6.3,4.4,4,32,17,1.0,synthetic_mining_v1__glencore_sa_mining
105606,34,M,Married,2,0,Secondary,18.4,26.0,32.6,173.8,98.6,Occasional,Occasionally,2,241.6,6.68,17.1,6,84,19,0.0,synthetic_mining_v1__glencore_sa_mining
105607,38,M,Married,0,0,Secondary,6.9,10.5,21.2,176.2,65.8,Daily,Occasionally,0,187.83,5.59,4.2,4,70,21,0.0,synthetic_mining_v1__glencore_sa_mining
105608,19,M,Single,2,2,Primary,7.8,20.1,25.4,165.2,69.3,Never,Heavy,4,268.44,7.34,1.2,3,135,17,2.0,synthetic_mining_v1__glencore_sa_mining
105609,36,M,Divorced,0,0,Secondary,10.2,17.6,34.8,186.4,120.7,Former,Heavy,2,180.47,7.12,10.3,8,212,25,0.0,synthetic_mining_v1__glencore_sa_mining
105610,37,M,Widowed,4,1,Tertiary,3.7,11.9,26.8,160.7,69.3,Never,Never,2,250.43,6.15,43.2,10,40,25,0.0,synthetic_mining_v1__glencore_sa_mining
105611,27,M,Single,1,1,Secondary,2.3,8.3,29.3,161.3,76.1,Former,Never,1,261.15,5.72,43.9,3,110,26,8.0,synthetic_mining_v1__glencore_sa_mining
105612,22,M,Single,3,0,Tertiary,4.7,4.1,29.5,174.8,90.2,Former,Never,0,175.18,6.32,1.4,6,48,15,1.0,synthetic_mining_v1__glencore_sa_mining
105613,42,M,Married,2,2,Diploma,3.0,1.4,31.2,167.2,87.1,Never,Never,3,202.5,5.17,5.7,2,88,24,3.0,synthetic_mining_v1__glencore_sa_mining
105614,31,M,Married,1,0,Tertiary,4.9,10.1,29.2,167.1,81.6,Daily,Never,2,217.91,6.33,18.6,9,54,20,4.0,synthetic_mining_v1__glencore_sa_mining
105615,42,M,Married,1,0,Secondary,4.3,61.2,24.5,163.5,65.5,Never,Regularly,0,269.24,5.67,12.9,5,103,30,13.0,synthetic_mining_v1__glencore_sa_mining
105616,34,M,Divorced,1,0,Primary,15.4,13.5,29.5,165.0,80.3,Former,Regularly,0,170.07,4.83,39.2,5,211,31,18.0,synthetic_mining_v1__glencore_sa_mining
105617,44,F,Married,1,1,Secondary,1.6,10.3,28.7,158.2,71.9,Never,Regularly,0,233.46,8.87,24.7,7,167,24,0.0,synthetic_mining_v1__glencore_sa_mining
105618,35,M,Single,0,0,Secondary,12.4,16.5,28.3,171.3,83.0,Never,Occasionally,1,180.67,6.47,13.8,9,44,24,3.0,synthetic_mining_v1__glencore_sa_mining
105619,24,M,Married,1,0,Primary,30.4,5.1,20.9,179.2,67.1,Never,Regularly,0,271.74,6.77,3.6,9,111,21,1.0,synthetic_mining_v1__glencore_sa_mining
105620,37,M,Divorced,0,0,Secondary,16.1,9.0,35.5,177.7,112.0,Former,Occasionally,4,206.21,5.42,34.1,3,110,25,4.0,synthetic_mining_v1__glencore_sa_mining
105621,35,M,Divorced,2,2,Diploma,23.8,10.4,25.3,171.7,74.7,Occasional,Occasionally,0,199.26,6.72,10.1,5,105,19,1.0,synthetic_mining_v1__glencore_sa_mining
105622,44,M,Married,0,0,Diploma,5.3,2.4,25.3,169.4,72.7,Occasional,Occasionally,0,246.33,7.71,6.3,7,36,14,4.0,synthetic_mining_v1__glencore_sa_mining
105623,34,M,Single,2,0,Diploma,3.1,9.5,28.7,168.3,81.4,Never,Regularly,5,278.06,6.62,9.1,6,83,17,1.0,synthetic_mining_v1__glencore_sa_mining
105624,34,M,Married,1,1,Diploma,13.4,13.7,35.3,158.1,88.3,Daily,Occasionally,2,213.62,6.84,9.9,9,40,16,5.0,synthetic_mining_v1__glencore_sa_mining
105625,46,M,Single,1,1,Secondary,10.8,9.2,22.8,170.8,66.6,Never,Never,3,122.13,7.84,20.0,4,41,13,1.0,synthetic_mining_v1__glencore_sa_mining
105626,48,M,Single,2,1,Primary,9.9,10.6,21.4,178.4,68.0,Never,Never,3,162.01,7.1,41.8,4,39,18,1.0,synthetic_mining_v1__glencore_sa_mining
105627,45,M,Married,2,0,Secondary,3.8,13.9,24.9,170.4,72.2,Occasional,Heavy,1,198.75,6.94,48.2,4,97,32,0.0,synthetic_mining_v1__glencore_sa_mining
105628,47,M,Single,2,2,Secondary,5.5,2.5,30.1,167.2,84.1,Never,Occasionally,3,228.83,7.46,3.6,4,258,18,5.0,synthetic_mining_v1__glencore_sa_mining
105629,42,M,Married,0,0,Diploma,8.8,62.1,28.1,167.4,78.6,Daily,Occasionally,0,323.21,6.81,7.2,7,140,29,41.0,synthetic_mining_v1__glencore_sa_mining
105630,45,M,Divorced,0,0,Secondary,5.2,17.5,31.5,162.4,83.1,Occasional,Regularly,0,201.29,5.84,20.3,6,58,19,17.0,synthetic_mining_v1__glencore_sa_mining
105631,46,F,Married,1,1,Primary,7.1,31.1,21.4,159.3,54.4,Never,Never,1,204.34,7.23,29.7,10,186,22,3.0,synthetic_mining_v1__glencore_sa_mining
105632,42,M,Married,2,2,Diploma,5.6,9.8,23.1,174.3,70.3,Daily,Never,0,97.47,6.1,9.9,5,113,22,2.0,synthetic_mining_v1__glencore_sa_mining
105633,39,M,Single,1,0,Primary,5.4,13.8,25.4,170.8,74.0,Never,Regularly,6,267.02,5.09,17.5,7,75,25,0.0,synthetic_mining_v1__glencore_sa_mining
105634,39,M,Married,0,0,Secondary,1.6,12.3,26.6,172.5,79.3,Never,Occasionally,2,126.58,6.08,8.5,10,56,18,0.0,synthetic_mining_v1__glencore_sa_mining
105635,60,M,Single,1,0,Secondary,5.3,17.3,22.8,156.6,55.9,Occasional,Never,1,189.33,6.68,17.4,8,57,17,0.0,synthetic_mining_v1__glencore_sa_mining
105636,38,M,Single,1,1,Tertiary,12.9,6.1,30.5,167.2,85.2,Former,Regularly,1,262.83,6.89,12.6,11,150,30,10.0,synthetic_mining_v1__glencore_sa_mining
105637,36,M,Single,2,0,Secondary,6.1,35.9,25.8,162.6,68.2,Daily,Never,3,244.54,6.99,13.6,5,100,10,6.0,synthetic_mining_v1__glencore_sa_mining
105638,35,F,Married,2,2,Secondary,10.2,20.2,31.8,163.6,85.0,Never,Occasionally,2,244.25,4.97,10.7,9,141,33,6.0,synthetic_mining_v1__glencore_sa_mining
105639,38,M,Single,2,2,Secondary,9.0,13.2,16.5,171.0,48.2,Daily,Never,1,258.36,6.78,6.9,10,77,22,0.0,synthetic_mining_v1__glencore_sa_mining
105640,40,M,Married,1,0,Secondary,2.3,19.4,18.4,173.7,55.4,Never,Regularly,3,268.15,5.64,18.3,7,108,21,3.0,synthetic_mining_v1__glencore_sa_mining
105641,28,M,Married,3,1,Secondary,11.6,6.7,28.5,165.2,77.8,Occasional,Never,3,199.63,4.66,33.8,7,123,29,16.0,synthetic_mining_v1__glencore_sa_mining
105642,20,M,Single,1,0,Secondary,3.5,8.5,28.8,167.6,80.9,Daily,Occasionally,3,223.51,6.27,18.8,6,153,30,15.0,synthetic_mining_v1__glencore_sa_mining
105643,41,F,Married,2,0,Secondary,7.0,21.2,33.5,169.9,96.7,Daily,Never,1,204.12,6.73,6.2,5,206,21,14.0,synthetic_mining_v1__glencore_sa_mining
105644,24,F,Single,3,1,Secondary,11.5,14.2,23.3,155.8,56.5,Former,Occasionally,2,220.16,7.02,13.6,9,114,19,1.0,synthetic_mining_v1__glencore_sa_mining
105645,40,M,Single,2,1,Primary,7.5,3.3,25.3,176.9,79.1,Never,Regularly,3,257.85,3.5,1.7,7,256,26,0.0,synthetic_mining_v1__glencore_sa_mining
105646,39,M,Divorced,1,0,Secondary,6.9,5.4,31.5,166.1,86.8,Daily,Regularly,2,235.66,6.63,42.6,7,24,17,108.0,synthetic_mining_v1__glencore_sa_mining
105647,48,M,Divorced,1,1,Secondary,4.7,20.9,36.7,158.8,92.5,Daily,Occasionally,3,246.74,5.28,48.9,4,54,31,55.0,synthetic_mining_v1__glencore_sa_mining
105648,53,M,Married,2,1,Secondary,1.7,21.6,21.8,169.5,62.6,Former,Occasionally,1,288.1,7.41,46.3,3,44,35,19.0,synthetic_mining_v1__glencore_sa_mining
105649,41,M,Married,1,1,Secondary,2.6,8.9,24.8,181.5,81.8,Never,Regularly,2,279.03,6.68,1.6,6,173,19,5.0,synthetic_mining_v1__glencore_sa_mining
105650,33,M,Married,1,1,Secondary,11.6,15.6,25.9,165.9,71.2,Occasional,Occasionally,1,141.82,6.98,18.4,10,131,27,0.0,synthetic_mining_v1__glencore_sa_mining
105651,27,M,Divorced,2,2,Secondary,4.4,0.5,29.0,168.7,82.6,Occasional,Occasionally,1,243.3,7.95,1.9,4,365,19,2.0,synthetic_mining_v1__glencore_sa_mining
105652,31,M,Married,1,1,Secondary,0.7,30.2,32.8,169.8,94.6,Never,Regularly,0,184.11,6.16,3.3,2,14,8,1.0,synthetic_mining_v1__glencore_sa_mining
105653,38,M,Divorced,1,1,Secondary,1.6,7.6,30.5,180.4,99.2,Never,Regularly,4,190.6,6.54,56.6,9,99,27,2.0,synthetic_mining_v1__glencore_sa_mining
105654,19,F,Married,0,0,Secondary,2.0,11.0,21.6,162.8,57.3,Never,Occasionally,5,206.01,6.68,36.5,6,39,23,0.0,synthetic_mining_v1__glencore_sa_mining
105655,39,M,Married,3,1,Primary,1.7,6.8,32.1,178.2,101.9,Never,Regularly,0,206.57,4.83,2.8,6,19,21,12.0,synthetic_mining_v1__glencore_sa_mining
105656,38,M,Married,2,1,Diploma,2.8,37.1,22.8,160.5,58.8,Never,Never,4,249.76,6.07,47.9,7,61,19,12.0,synthetic_mining_v1__glencore_sa_mining
105657,44,M,Married,3,0,Secondary,2.9,10.0,27.1,174.3,82.4,Occasional,Heavy,3,237.06,7.39,19.4,6,101,24,35.0,synthetic_mining_v1__glencore_sa_mining
105658,35,M,Single,1,1,Diploma,6.2,6.3,20.4,171.6,59.9,Former,Occasionally,1,270.2,5.63,13.2,6,114,21,3.0,synthetic_mining_v1__glencore_sa_mining
105659,39,M,Married,0,0,Secondary,5.8,8.6,35.1,162.2,92.4,Daily,Occasionally,4,229.67,6.65,26.4,5,54,24,50.0,synthetic_mining_v1__glencore_sa_mining
105660,31,M,Married,2,2,Primary,7.9,17.4,30.0,167.7,84.4,Former,Regularly,2,193.58,4.35,8.2,7,207,21,9.0,synthetic_mining_v1__glencore_sa_mining
105661,34,M,Widowed,1,1,Diploma,10.1,16.9,32.4,169.3,93.0,Daily,Occasionally,3,241.84,6.47,4.3,10,204,20,27.0,synthetic_mining_v1__glencore_sa_mining
105662,22,M,Married,0,0,Secondary,9.9,9.0,29.9,163.6,80.0,Never,Regularly,1,148.07,8.67,11.8,7,204,26,1.0,synthetic_mining_v1__glencore_sa_mining
105663,39,M,Married,0,0,Diploma,5.6,20.8,23.1,173.6,69.8,Former,Occasionally,1,231.95,5.71,26.0,5,5,22,7.0,synthetic_mining_v1__glencore_sa_mining
105664,52,M,Married,2,1,Primary,9.2,7.2,35.3,168.2,99.9,Daily,Occasionally,1,258.21,6.57,15.6,9,21,21,79.0,synthetic_mining_v1__glencore_sa_mining
105665,39,M,Married,1,1,Secondary,9.5,7.5,28.7,159.2,72.6,Occasional,Never,2,231.08,5.01,28.2,6,132,24,4.0,synthetic_mining_v1__glencore_sa_mining
105666,41,M,Single,3,3,Secondary,7.1,28.6,21.3,165.5,58.5,Daily,Never,2,155.98,7.04,31.0,4,136,25,0.0,synthetic_mining_v1__glencore_sa_mining
105667,29,M,Married,1,1,Diploma,2.8,38.9,19.5,176.4,60.8,Never,Regularly,1,246.32,7.87,22.3,9,335,21,0.0,synthetic_mining_v1__glencore_sa_mining
105668,51,M,Single,1,1,Diploma,12.0,17.5,32.6,188.7,115.9,Never,Never,4,212.81,5.39,15.5,5,42,21,0.0,synthetic_mining_v1__glencore_sa_mining
105669,31,M,Married,0,0,Secondary,3.4,19.6,21.1,176.9,66.1,Never,Occasionally,1,247.37,4.96,5.6,10,31,22,1.0,synthetic_mining_v1__glencore_sa_mining
105670,45,M,Single,3,1,Secondary,7.1,10.3,23.7,172.7,70.8,Never,Regularly,0,261.72,3.5,25.0,2,90,25,14.0,synthetic_mining_v1__glencore_sa_mining
105671,39,M,Divorced,3,1,Secondary,9.5,2.6,33.3,177.6,105.1,Daily,Regularly,0,190.47,4.12,27.2,6,230,28,66.0,synthetic_mining_v1__glencore_sa_mining
105672,29,M,Married,2,2,Diploma,10.0,38.1,29.7,174.1,90.1,Former,Regularly,3,211.56,5.75,3.1,3,137,24,0.0,synthetic_mining_v1__glencore_sa_mining
105673,47,M,Divorced,1,1,Secondary,11.7,2.7,30.4,152.0,70.1,Never,Occasionally,0,270.74,7.09,6.3,4,42,16,1.0,synthetic_mining_v1__glencore_sa_mining
105674,38,M,Married,1,0,Secondary,10.2,4.0,23.1,156.8,56.7,Never,Occasionally,1,192.25,7.23,19.0,5,139,23,1.0,synthetic_mining_v1__glencore_sa_mining
105675,40,F,Divorced,1,1,Secondary,19.5,18.4,26.8,157.5,66.3,Never,Regularly,2,178.64,5.84,32.1,9,65,31,9.0,synthetic_mining_v1__glencore_sa_mining
105676,42,M,Married,1,0,Secondary,3.0,19.7,25.3,175.8,78.3,Occasional,Regularly,1,146.76,6.8,25.0,10,82,26,0.0,synthetic_mining_v1__glencore_sa_mining
105677,38,M,Single,2,1,Secondary,16.9,14.3,26.6,172.5,79.1,Never,Regularly,1,208.52,6.04,22.0,5,110,16,2.0,synthetic_mining_v1__glencore_sa_mining
105678,35,M,Single,0,0,Primary,17.4,16.8,32.2,190.8,117.3,Daily,Occasionally,2,187.09,5.47,5.3,10,330,18,0.0,synthetic_mining_v1__glencore_sa_mining
105679,42,M,Married,2,2,Tertiary,5.0,24.2,31.5,173.7,95.1,Former,Occasionally,1,248.52,5.01,13.7,5,68,24,4.0,synthetic_mining_v1__glencore_sa_mining
105680,34,M,Single,0,0,Tertiary,12.6,18.8,25.0,172.6,74.6,Former,Never,2,215.72,6.34,19.5,6,234,20,1.0,synthetic_mining_v1__glencore_sa_mining
105681,39,M,Married,1,1,Secondary,8.4,30.6,21.5,174.1,65.2,Former,Never,0,271.38,9.01,1.1,7,229,30,13.0,synthetic_mining_v1__glencore_sa_mining
105682,32,M,Married,2,2,Secondary,3.0,15.6,29.4,163.9,78.9,Daily,Occasionally,2,198.03,6.43,3.1,7,70,13,5.0,synthetic_mining_v1__glencore_sa_mining
105683,25,M,Divorced,0,0,Diploma,10.7,13.8,21.1,165.0,57.5,Never,Regularly,2,284.99,6.67,4.4,5,33,24,0.0,synthetic_mining_v1__glencore_sa_mining
105684,32,M,Married,3,2,Secondary,4.3,15.1,31.1,164.4,84.1,Occasional,Regularly,3,183.14,5.47,6.2,5,40,12,2.0,synthetic_mining_v1__glencore_sa_mining
105685,34,F,Single,2,2,Diploma,21.9,9.6,29.5,161.8,77.2,Never,Occasionally,0,231.13,8.55,6.6,11,63,19,6.0,synthetic_mining_v1__glencore_sa_mining
105686,38,F,Married,4,2,Primary,16.1,36.3,29.2,156.6,71.5,Former,Never,4,214.47,6.42,9.0,5,228,16,2.0,synthetic_mining_v1__glencore_sa_mining
105687,49,M,Married,1,1,Primary,7.6,17.7,20.6,161.1,53.6,Occasional,Occasionally,0,185.55,8.35,32.1,3,28,24,2.0,synthetic_mining_v1__glencore_sa_mining
105688,23,M,Married,3,2,Primary,2.4,17.8,25.3,163.1,67.2,Former,Regularly,0,211.09,5.73,7.6,5,226,32,4.0,synthetic_mining_v1__glencore_sa_mining
105689,39,M,Married,1,1,Secondary,13.7,10.9,37.3,176.7,116.5,Never,Occasionally,1,248.92,6.02,34.9,6,64,25,12.0,synthetic_mining_v1__glencore_sa_mining
105690,19,M,Single,1,0,Secondary,5.9,45.1,27.4,159.2,69.4,Never,Heavy,0,200.21,6.07,22.1,11,263,23,28.0,synthetic_mining_v1__glencore_sa_mining
105691,29,M,Divorced,5,1,Tertiary,0.4,4.0,27.4,167.6,77.1,Never,Occasionally,0,221.92,6.43,16.5,7,34,19,0.0,synthetic_mining_v1__glencore_sa_mining
105692,33,M,Single,2,2,Secondary,2.1,0.5,27.7,170.7,80.9,Daily,Never,1,218.19,5.45,10.3,8,141,21,0.0,synthetic_mining_v1__glencore_sa_mining
105693,19,M,Married,3,2,Diploma,7.2,7.9,33.1,172.2,98.1,Occasional,Never,1,226.33,6.05,15.8,2,17,15,3.0,synthetic_mining_v1__glencore_sa_mining
105694,21,M,Divorced,4,1,Tertiary,1.8,11.5,26.1,162.2,68.6,Never,Never,0,217.38,7.34,52.1,10,43,26,3.0,synthetic_mining_v1__glencore_sa_mining
105695,39,M,Married,1,1,Diploma,6.5,39.6,27.7,163.8,74.4,Never,Regularly,2,178.53,7.7,17.3,3,38,23,0.0,synthetic_mining_v1__glencore_sa_mining
105696,39,M,Single,1,1,Secondary,9.9,15.9,31.0,186.4,107.7,Never,Heavy,1,215.94,6.83,6.3,4,39,20,7.0,synthetic_mining_v1__glencore_sa_mining
105697,37,M,Single,2,2,Secondary,1.9,19.0,25.6,168.4,72.6,Daily,Occasionally,4,211.96,4.85,29.9,9,267,32,5.0,synthetic_mining_v1__glencore_sa_mining
105698,31,M,Married,1,1,Primary,8.5,21.0,30.5,179.3,98.0,Daily,Regularly,0,236.07,6.72,3.2,6,69,23,9.0,synthetic_mining_v1__glencore_sa_mining
105699,57,M,Married,2,0,Secondary,7.7,12.2,31.0,177.1,97.2,Daily,Occasionally,4,222.01,7.26,29.9,9,24,18,15.0,synthetic_mining_v1__glencore_sa_mining
105700,37,M,Married,0,0,Tertiary,6.8,14.9,23.3,180.1,75.7,Occasional,Never,4,181.1,5.38,8.2,4,194,21,3.0,synthetic_mining_v1__glencore_sa_mining
105701,30,M,Widowed,1,0,Secondary,6.9,15.3,31.8,171.9,94.1,Never,Regularly,3,182.68,6.73,24.1,10,45,20,0.0,synthetic_mining_v1__glencore_sa_mining
105702,53,M,Married,2,0,Secondary,10.9,12.8,26.5,174.1,80.4,Former,Occasionally,5,157.75,5.19,3.4,8,64,23,3.0,synthetic_mining_v1__glencore_sa_mining
105703,44,M,Divorced,1,1,Diploma,13.4,32.5,28.5,171.2,83.6,Never,Occasionally,5,194.89,5.95,11.2,5,200,26,1.0,synthetic_mining_v1__glencore_sa_mining
105704,35,M,Widowed,0,0,Primary,8.6,20.3,29.7,174.3,90.3,Former,Heavy,1,169.68,4.33,12.0,11,82,22,0.0,synthetic_mining_v1__glencore_sa_mining
105705,49,M,Married,4,1,Primary,2.8,22.1,31.3,170.5,91.0,Daily,Occasionally,5,155.71,5.72,21.8,6,201,25,34.0,synthetic_mining_v1__glencore_sa_mining
105706,39,M,Married,1,1,Tertiary,4.3,16.2,23.0,158.3,57.7,Never,Never,2,185.82,6.39,12.0,3,40,17,0.0,synthetic_mining_v1__glencore_sa_mining
105707,44,M,Single,1,0,Primary,6.6,6.7,26.5,168.4,75.1,Occasional,Never,0,307.71,6.91,35.4,4,78,27,10.0,synthetic_mining_v1__glencore_sa_mining
105708,40,F,Widowed,0,0,Secondary,5.1,12.4,21.6,161.6,56.4,Never,Regularly,4,209.69,4.89,4.6,11,123,17,1.0,synthetic_mining_v1__glencore_sa_mining
105709,29,M,Married,1,1,Diploma,6.4,8.5,28.5,185.0,97.5,Never,Occasionally,2,176.1,5.71,21.4,11,154,28,0.0,synthetic_mining_v1__glencore_sa_mining
105710,47,M,Married,1,0,Diploma,4.8,16.3,25.8,170.9,75.4,Daily,Never,1,169.55,5.34,27.0,3,114,24,9.0,synthetic_mining_v1__glencore_sa_mining
105711,39,M,Married,6,1,Secondary,13.0,25.3,36.8,167.8,103.6,Never,Regularly,4,202.13,6.94,10.4,9,340,23,15.0,synthetic_mining_v1__glencore_sa_mining
105712,29,M,Divorced,1,1,Secondary,3.5,19.4,26.6,173.5,80.2,Never,Never,3,236.78,5.48,10.4,6,111,17,3.0,synthetic_mining_v1__glencore_sa_mining
105713,31,M,Single,3,2,Secondary,13.4,6.4,20.3,179.9,65.7,Occasional,Occasionally,0,160.09,4.69,7.5,3,102,20,1.0,synthetic_mining_v1__glencore_sa_mining
105714,47,M,Married,2,1,Secondary,4.7,6.5,26.1,167.2,73.0,Never,Never,3,164.01,6.41,22.6,10,58,20,1.0,synthetic_mining_v1__glencore_sa_mining
105715,35,M,Married,0,0,Diploma,11.2,20.4,26.6,151.2,60.7,Occasional,Never,4,280.38,5.57,13.1,9,135,30,5.0,synthetic_mining_v1__glencore_sa_mining
105716,38,M,Married,3,0,Secondary,11.2,35.3,25.6,185.5,88.3,Former,Occasionally,2,222.07,7.65,16.5,12,24,14,6.0,synthetic_mining_v1__glencore_sa_mining
105717,44,F,Married,1,1,Secondary,5.5,23.0,18.3,158.3,45.9,Daily,Regularly,3,221.96,7.42,67.0,8,28,21,8.0,synthetic_mining_v1__glencore_sa_mining
105718,39,M,Divorced,4,0,Diploma,5.5,4.3,26.0,165.2,70.9,Never,Never,1,293.71,7.46,20.4,5,234,31,3.0,synthetic_mining_v1__glencore_sa_mining
105719,24,M,Married,1,1,Secondary,5.8,4.8,23.5,174.2,71.3,Daily,Heavy,2,149.3,7.28,20.1,6,80,16,3.0,synthetic_mining_v1__glencore_sa_mining
105720,44,M,Married,1,0,Secondary,3.2,15.8,22.6,166.7,62.8,Never,Regularly,4,231.36,5.36,21.7,7,20,20,3.0,synthetic_mining_v1__glencore_sa_mining
105721,46,M,Divorced,2,1,Secondary,9.4,14.4,34.5,177.3,108.6,Occasional,Never,3,245.72,6.58,9.8,6,183,21,12.0,synthetic_mining_v1__glencore_sa_mining
105722,46,M,Married,1,1,Primary,9.3,4.3,22.3,175.5,68.7,Daily,Occasionally,2,186.39,6.6,16.2,4,115,22,0.0,synthetic_mining_v1__glencore_sa_mining
105723,53,M,Married,2,2,Secondary,23.4,11.4,25.8,176.4,80.3,Daily,Never,3,105.41,7.51,25.4,4,253,20,0.0,synthetic_mining_v1__glencore_sa_mining
105724,41,M,Single,1,1,Secondary,1.6,12.1,32.6,167.8,91.8,Never,Occasionally,2,261.48,4.74,19.9,6,192,32,11.0,synthetic_mining_v1__glencore_sa_mining
105725,45,F,Single,1,1,Diploma,9.5,5.3,26.4,158.2,65.9,Never,Occasionally,3,226.62,5.41,40.1,5,134,21,0.0,synthetic_mining_v1__glencore_sa_mining
105726,52,M,Divorced,1,0,Secondary,3.1,47.2,25.3,167.1,70.7,Daily,Never,2,178.71,6.42,50.1,7,46,19,24.0,synthetic_mining_v1__glencore_sa_mining
105727,35,M,Single,2,2,Primary,1.8,7.7,20.0,182.7,66.7,Occasional,Occasionally,3,195.08,6.89,29.9,7,225,31,1.0,synthetic_mining_v1__glencore_sa_mining
105728,54,M,Single,2,2,Secondary,3.3,26.7,20.6,173.0,61.8,Occasional,Never,3,238.26,8.33,21.4,6,233,22,7.0,synthetic_mining_v1__glencore_sa_mining
105729,54,M,Married,3,1,Secondary,7.2,6.4,31.0,168.8,88.2,Former,Regularly,3,216.57,6.37,28.8,7,122,19,0.0,synthetic_mining_v1__glencore_sa_mining
105730,45,M,Single,2,1,Secondary,4.7,41.6,35.8,161.2,92.9,Daily,Never,2,238.38,4.71,3.6,9,61,19,14.0,synthetic_mining_v1__glencore_sa_mining
105731,55,M,Single,3,0,Secondary,10.9,7.0,23.7,167.3,66.3,Former,Occasionally,0,170.02,6.76,28.9,2,165,25,3.0,synthetic_mining_v1__glencore_sa_mining
105732,46,M,Divorced,3,2,Secondary,9.8,18.6,20.9,166.3,57.7,Daily,Occasionally,3,258.37,6.65,9.0,9,39,19,27.0,synthetic_mining_v1__glencore_sa_mining
105733,30,M,Widowed,1,0,Secondary,2.0,18.3,23.5,164.6,63.7,Daily,Occasionally,3,245.25,6.69,30.5,8,155,18,4.0,synthetic_mining_v1__glencore_sa_mining
105734,48,M,Married,2,1,Diploma,18.4,22.2,29.4,168.9,84.0,Former,Regularly,4,203.92,7.56,0.6,6,27,17,2.0,synthetic_mining_v1__glencore_sa_mining
105735,41,M,Married,2,0,Primary,5.3,3.0,24.7,181.2,81.1,Former,Never,2,231.62,5.14,34.4,7,92,25,4.0,synthetic_mining_v1__glencore_sa_mining
105736,42,M,Married,3,1,Secondary,5.6,29.6,30.7,171.0,89.8,Daily,Occasionally,4,295.45,5.22,7.1,4,155,26,28.0,synthetic_mining_v1__glencore_sa_mining
105737,39,F,Married,1,0,Secondary,16.4,12.1,31.4,159.5,79.9,Former,Regularly,4,245.99,9.49,35.1,11,278,36,40.0,synthetic_mining_v1__glencore_sa_mining
105738,50,M,Married,4,2,Primary,2.3,16.4,22.4,178.0,70.9,Occasional,Never,0,297.47,7.34,10.9,6,68,21,4.0,synthetic_mining_v1__glencore_sa_mining
105739,43,M,Married,4,2,Secondary,19.4,22.6,21.9,168.8,62.3,Never,Occasionally,0,199.5,5.7,32.8,13,139,36,3.0,synthetic_mining_v1__glencore_sa_mining
105740,32,M,Single,4,1,Diploma,16.3,12.7,24.3,170.1,70.4,Daily,Regularly,2,276.75,3.98,10.8,9,67,18,23.0,synthetic_mining_v1__glencore_sa_mining
105741,42,M,Married,4,0,Secondary,11.1,1.6,32.7,169.5,93.9,Former,Occasionally,2,207.49,5.14,8.8,9,168,20,0.0,synthetic_mining_v1__glencore_sa_mining
105742,45,M,Married,3,0,Primary,1.9,7.5,19.6,181.0,64.4,Never,Regularly,5,289.73,7.84,24.8,4,52,17,5.0,synthetic_mining_v1__glencore_sa_mining
105743,31,M,Married,0,0,Diploma,6.7,32.4,27.9,169.4,80.0,Never,Regularly,1,291.69,4.15,4.5,8,123,24,7.0,synthetic_mining_v1__glencore_sa_mining
105744,34,M,Married,2,0,Secondary,6.5,8.4,28.1,172.6,83.7,Never,Heavy,2,180.53,4.7,19.8,5,43,23,0.0,synthetic_mining_v1__glencore_sa_mining
105745,35,M,Single,1,1,Secondary,9.3,8.0,27.7,170.7,80.6,Former,Occasionally,0,229.62,7.17,9.0,7,151,25,2.0,synthetic_mining_v1__glencore_sa_mining
105746,33,M,Single,1,0,Diploma,3.9,39.2,30.1,163.3,80.3,Occasional,Regularly,0,154.99,6.28,39.8,9,112,20,0.0,synthetic_mining_v1__glencore_sa_mining
105747,41,M,Single,0,0,Secondary,18.3,9.4,22.5,166.9,62.6,Daily,Never,3,80.0,7.99,2.4,3,30,14,1.0,synthetic_mining_v1__glencore_sa_mining
105748,47,M,Single,3,2,Primary,8.9,8.9,23.8,184.4,81.0,Never,Regularly,3,252.3,6.38,24.7,3,117,28,4.0,synthetic_mining_v1__glencore_sa_mining
105749,55,M,Single,3,2,Secondary,8.9,5.9,26.0,175.2,79.8,Never,Occasionally,5,192.36,5.8,7.4,5,78,24,1.0,synthetic_mining_v1__glencore_sa_mining
105750,49,M,Widowed,3,3,Primary,11.2,4.9,28.1,172.5,83.5,Never,Occasionally,0,255.45,5.38,12.9,7,97,19,0.0,synthetic_mining_v1__glencore_sa_mining
105751,47,M,Married,2,0,Secondary,4.7,4.2,28.5,162.6,75.3,Daily,Never,2,271.21,6.37,2.8,7,53,23,25.0,synthetic_mining_v1__glencore_sa_mining
105752,48,M,Married,2,0,Secondary,8.6,17.2,22.6,174.7,68.9,Occasional,Occasionally,2,273.37,6.86,23.2,4,76,21,7.0,synthetic_mining_v1__glencore_sa_mining
105753,50,M,Single,2,2,Diploma,17.4,20.3,35.2,168.3,99.6,Never,Occasionally,0,210.52,7.06,16.8,16,137,20,8.0,synthetic_mining_v1__glencore_sa_mining
105754,35,M,Married,0,0,Secondary,10.4,15.5,23.3,166.7,64.7,Daily,Occasionally,3,185.47,6.54,12.5,4,43,19,1.0,synthetic_mining_v1__glencore_sa_mining
105755,44,M,Married,3,2,Primary,8.2,4.9,34.2,177.3,107.4,Never,Never,2,167.26,6.23,16.5,6,15,14,1.0,synthetic_mining_v1__glencore_sa_mining
105756,41,M,Single,5,0,Primary,3.6,18.7,21.4,165.5,58.5,Daily,Regularly,3,238.24,7.18,24.2,8,66,19,0.0,synthetic_mining_v1__glencore_sa_mining
105757,37,F,Married,3,1,Secondary,9.8,4.5,22.5,155.0,54.1,Former,Never,3,190.58,7.43,5.8,8,92,23,0.0,synthetic_mining_v1__glencore_sa_mining
105758,34,M,Married,2,2,Tertiary,9.7,32.7,29.6,175.2,90.8,Never,Regularly,2,226.14,5.68,10.1,8,160,20,7.0,synthetic_mining_v1__glencore_sa_mining
105759,33,M,Divorced,1,0,Primary,16.2,22.8,31.0,176.3,96.4,Never,Occasionally,3,269.48,5.72,23.0,6,152,26,2.0,synthetic_mining_v1__glencore_sa_mining
105760,36,M,Divorced,0,0,Primary,3.4,12.7,28.0,172.0,83.0,Former,Occasionally,3,246.55,5.93,30.9,6,159,19,11.0,synthetic_mining_v1__glencore_sa_mining
105761,27,M,Married,2,1,Secondary,4.9,10.7,29.3,177.2,92.1,Never,Occasionally,2,122.94,5.28,5.5,13,75,23,1.0,synthetic_mining_v1__glencore_sa_mining
105762,43,M,Married,3,2,Secondary,5.3,23.6,19.7,152.7,46.0,Occasional,Regularly,2,246.26,8.46,32.0,7,18,20,6.0,synthetic_mining_v1__glencore_sa_mining
105763,38,M,Married,2,1,Tertiary,3.5,24.4,25.9,172.5,77.1,Occasional,Occasionally,1,205.09,7.21,13.9,6,38,22,0.0,synthetic_mining_v1__glencore_sa_mining
105764,39,M,Single,1,1,Secondary,2.8,15.1,27.7,170.1,80.2,Never,Regularly,0,279.97,4.82,35.0,6,106,20,17.0,synthetic_mining_v1__glencore_sa_mining
105765,41,F,Single,0,0,Primary,4.8,4.9,25.6,160.7,66.2,Never,Regularly,2,211.91,7.06,14.5,5,242,18,5.0,synthetic_mining_v1__glencore_sa_mining
105766,45,F,Married,2,2,Primary,7.5,11.0,20.9,162.2,55.1,Never,Regularly,2,251.4,5.77,28.0,9,62,19,0.0,synthetic_mining_v1__glencore_sa_mining
105767,33,M,Married,3,1,Diploma,2.1,2.7,27.0,162.3,71.1,Occasional,Never,1,191.69,6.01,2.8,6,32,12,1.0,synthetic_mining_v1__glencore_sa_mining
105768,37,F,Married,4,1,Secondary,15.9,23.9,25.0,166.4,69.1,Daily,Regularly,0,189.36,7.37,2.2,14,83,15,6.0,synthetic_mining_v1__glencore_sa_mining
105769,24,M,Widowed,0,0,Secondary,6.2,0.5,27.9,167.8,78.6,Daily,Occasionally,4,238.92,6.57,17.5,5,55,27,3.0,synthetic_mining_v1__glencore_sa_mining
105770,19,M,Married,0,0,Diploma,3.2,14.8,30.3,175.3,93.0,Occasional,Occasionally,3,183.63,5.84,18.1,8,99,24,2.0,synthetic_mining_v1__glencore_sa_mining
105771,21,M,Married,2,2,Primary,14.7,19.2,30.8,178.6,98.1,Never,Never,1,194.61,6.17,20.3,4,114,16,0.0,synthetic_mining_v1__glencore_sa_mining
105772,52,F,Single,0,0,Secondary,10.2,11.2,27.1,163.0,72.1,Never,Never,3,177.54,6.38,39.6,5,8,24,1.0,synthetic_mining_v1__glencore_sa_mining
105773,22,M,Divorced,0,0,Tertiary,6.7,17.8,31.6,164.5,85.5,Daily,Regularly,1,179.88,6.61,29.2,10,55,31,72.0,synthetic_mining_v1__glencore_sa_mining
105774,42,M,Single,2,0,Secondary,7.7,28.3,19.9,169.8,57.5,Never,Heavy,3,217.94,7.17,19.1,9,116,25,3.0,synthetic_mining_v1__glencore_sa_mining
105775,51,F,Married,2,2,Secondary,9.4,8.1,20.3,166.7,56.3,Daily,Never,3,206.25,5.67,8.2,8,18,19,1.0,synthetic_mining_v1__glencore_sa_mining
105776,34,M,Married,0,0,Secondary,4.2,11.3,28.7,158.9,72.5,Daily,Never,2,198.27,5.9,4.5,8,208,20,1.0,synthetic_mining_v1__glencore_sa_mining
105777,53,M,Married,2,0,Secondary,10.0,15.2,16.0,173.1,47.9,Never,Never,5,285.38,7.27,11.9,10,326,28,2.0,synthetic_mining_v1__glencore_sa_mining
105778,55,M,Married,1,1,Secondary,13.7,6.6,23.1,164.7,62.7,Never,Heavy,3,211.74,6.66,14.8,7,250,23,0.0,synthetic_mining_v1__glencore_sa_mining
105779,47,F,Widowed,0,0,Tertiary,16.0,16.6,24.5,154.3,58.4,Daily,Regularly,2,215.21,6.56,1.3,8,152,14,16.0,synthetic_mining_v1__glencore_sa_mining
105780,59,M,Married,1,0,Secondary,1.3,15.3,27.2,170.3,78.9,Never,Regularly,0,122.18,6.22,3.7,12,48,12,7.0,synthetic_mining_v1__glencore_sa_mining
105781,44,M,Married,1,0,Diploma,1.0,30.4,30.4,177.3,95.6,Never,Regularly,4,220.48,7.48,4.3,7,170,16,3.0,synthetic_mining_v1__glencore_sa_mining
105782,31,M,Single,2,0,Secondary,4.6,9.8,27.5,165.2,74.9,Never,Never,5,221.02,6.54,5.4,13,4,19,3.0,synthetic_mining_v1__glencore_sa_mining
105783,43,M,Married,2,2,Diploma,6.7,21.1,29.5,167.2,82.5,Daily,Occasionally,3,262.52,6.09,12.4,7,100,28,0.0,synthetic_mining_v1__glencore_sa_mining
105784,34,M,Single,0,0,Diploma,1.6,16.5,30.7,176.2,95.3,Daily,Occasionally,1,253.45,3.55,1.0,12,88,25,49.0,synthetic_mining_v1__glencore_sa_mining
105785,26,M,Single,0,0,Secondary,9.1,21.6,26.3,166.9,73.3,Never,Heavy,1,320.39,6.68,17.3,6,174,27,50.0,synthetic_mining_v1__glencore_sa_mining
105786,27,M,Single,2,1,Secondary,5.3,10.0,31.1,177.9,98.5,Former,Regularly,0,235.1,6.11,12.5,10,129,26,21.0,synthetic_mining_v1__glencore_sa_mining
105787,59,M,Single,1,1,Tertiary,7.5,29.2,22.8,171.9,67.5,Daily,Heavy,3,142.72,9.51,2.4,7,165,24,29.0,synthetic_mining_v1__glencore_sa_mining
105788,33,M,Married,1,1,Secondary,12.1,10.5,24.2,153.2,56.7,Daily,Never,2,217.25,5.55,14.6,10,32,30,4.0,synthetic_mining_v1__glencore_sa_mining
105789,38,M,Single,2,0,Diploma,2.2,20.2,30.1,165.2,82.1,Never,Occasionally,3,200.45,8.83,7.8,4,148,10,1.0,synthetic_mining_v1__glencore_sa_mining
105790,32,M,Single,2,0,Secondary,10.1,3.6,25.5,163.1,67.9,Former,Regularly,3,223.99,7.67,15.1,5,81,18,2.0,synthetic_mining_v1__glencore_sa_mining
105791,39,M,Single,0,0,Diploma,4.3,23.2,27.6,169.6,79.3,Daily,Occasionally,2,252.91,6.65,7.4,5,25,22,5.0,synthetic_mining_v1__glencore_sa_mining
105792,36,F,Divorced,2,1,Secondary,16.1,26.2,30.2,165.6,82.7,Daily,Occasionally,3,294.73,8.46,2.4,8,113,29,46.0,synthetic_mining_v1__glencore_sa_mining
105793,34,M,Single,1,1,Tertiary,16.6,5.9,29.2,165.9,80.2,Never,Never,3,205.91,6.71,2.0,7,136,16,1.0,synthetic_mining_v1__glencore_sa_mining
105794,27,M,Divorced,2,1,Secondary,7.1,14.6,27.6,164.1,74.4,Daily,Occasionally,3,232.74,8.11,11.8,6,66,16,6.0,synthetic_mining_v1__glencore_sa_mining
105795,25,M,Divorced,1,0,Secondary,16.3,23.5,29.2,169.1,83.4,Never,Regularly,3,266.69,5.28,11.5,3,165,27,17.0,synthetic_mining_v1__glencore_sa_mining
105796,31,F,Married,3,0,Primary,6.0,7.1,29.6,155.3,71.5,Never,Regularly,1,216.49,5.63,36.2,6,365,29,26.0,synthetic_mining_v1__glencore_sa_mining
105797,41,M,Divorced,0,0,Secondary,6.0,27.2,22.6,171.4,66.3,Occasional,Occasionally,3,176.17,5.44,9.6,4,52,19,1.0,synthetic_mining_v1__glencore_sa_mining
105798,57,F,Single,4,2,Primary,2.8,32.9,25.8,163.8,69.2,Never,Never,0,309.45,7.24,51.1,6,68,27,13.0,synthetic_mining_v1__glencore_sa_mining
105799,48,M,Married,1,1,Tertiary,12.3,6.5,26.1,172.7,77.9,Former,Never,3,253.11,7.6,22.6,6,19,21,3.0,synthetic_mining_v1__glencore_sa_mining
